[2026-07-13 16:58:32] production.ERROR: Target class [files] does not exist. {"exception":"[object] (Illuminate\\Contracts\\Container\\BindingResolutionException(code: 0): Target class [files] does not exist. at C:/Users/kings/Downloads/partnership-tracker-laravel/pt-laravel/vendor/laravel/framework/src/Illuminate/Container/Container.php:961)
[stacktrace]
#0 C:/Users/kings/Downloads/partnership-tracker-laravel/pt-laravel/vendor/laravel/framework/src/Illuminate/Container/Container.php(832): Illuminate/Container/Container->build()
#1 C:/Users/kings/Downloads/partnership-tracker-laravel/pt-laravel/vendor/laravel/framework/src/Illuminate/Foundation/Application.php(1078): Illuminate/Container/Container->resolve()
#2 C:/Users/kings/Downloads/partnership-tracker-laravel/pt-laravel/vendor/laravel/framework/src/Illuminate/Container/Container.php(763): Illuminate/Foundation/Application->resolve()
#3 C:/Users/kings/Downloads/partnership-tracker-laravel/pt-laravel/vendor/laravel/framework/src/Illuminate/Foundation/Application.php(1058): Illuminate/Container/Container->make()
#4 C:/Users/kings/Downloads/partnership-tracker-laravel/pt-laravel/vendor/laravel/framework/src/Illuminate/Container/Container.php(1580): Illuminate/Foundation/Application->make()
#5 C:/Users/kings/Downloads/partnership-tracker-laravel/pt-laravel/vendor/laravel/framework/src/Illuminate/Foundation/Application.php(1325): Illuminate/Container/Container->offsetGet()
#6 C:/Users/kings/Downloads/partnership-tracker-laravel/pt-laravel/vendor/laravel/sanctum/src/SanctumServiceProvider.php(68): Illuminate/Foundation/Application->routesAreCached()
#7 C:/Users/kings/Downloads/partnership-tracker-laravel/pt-laravel/vendor/laravel/sanctum/src/SanctumServiceProvider.php(56): Laravel/Sanctum/SanctumServiceProvider->defineRoutes()
#8 C:/Users/kings/Downloads/partnership-tracker-laravel/pt-laravel/vendor/laravel/framework/src/Illuminate/Container/BoundMethod.php(36): Laravel/Sanctum/SanctumServiceProvider->boot()
#9 C:/Users/kings/Downloads/partnership-tracker-laravel/pt-laravel/vendor/laravel/framework/src/Illuminate/Container/Util.php(43): Illuminate/Container/BoundMethod::{closure:Illuminate/Container/BoundMethod::call():35}()
#10 C:/Users/kings/Downloads/partnership-tracker-laravel/pt-laravel/vendor/laravel/framework/src/Illuminate/Container/BoundMethod.php(95): Illuminate/Container/Util::unwrapIfClosure()
#11 C:/Users/kings/Downloads/partnership-tracker-laravel/pt-laravel/vendor/laravel/framework/src/Illuminate/Container/BoundMethod.php(35): Illuminate/Container/BoundMethod::callBoundMethod()
#12 C:/Users/kings/Downloads/partnership-tracker-laravel/pt-laravel/vendor/laravel/framework/src/Illuminate/Container/Container.php(696): Illuminate/Container/BoundMethod::call()
#13 C:/Users/kings/Downloads/partnership-tracker-laravel/pt-laravel/vendor/laravel/framework/src/Illuminate/Foundation/Application.php(1151): Illuminate/Container/Container->call()
#14 C:/Users/kings/Downloads/partnership-tracker-laravel/pt-laravel/vendor/laravel/framework/src/Illuminate/Foundation/Application.php(1132): Illuminate/Foundation/Application->bootProvider()
#15 [internal function]: Illuminate/Foundation/Application->{closure:Illuminate/Foundation/Application::boot():1131}()
#16 C:/Users/kings/Downloads/partnership-tracker-laravel/pt-laravel/vendor/laravel/framework/src/Illuminate/Foundation/Application.php(1131): array_walk()
#17 C:/Users/kings/Downloads/partnership-tracker-laravel/pt-laravel/vendor/laravel/framework/src/Illuminate/Foundation/Bootstrap/BootProviders.php(17): Illuminate/Foundation/Application->boot()
#18 C:/Users/kings/Downloads/partnership-tracker-laravel/pt-laravel/vendor/laravel/framework/src/Illuminate/Foundation/Application.php(342): Illuminate/Foundation/Bootstrap/BootProviders->bootstrap()
#19 C:/Users/kings/Downloads/partnership-tracker-laravel/pt-laravel/vendor/laravel/framework/src/Illuminate/Foundation/Console/Kernel.php(474): Illuminate/Foundation/Application->bootstrapWith()
#20 C:/Users/kings/Downloads/partnership-tracker-laravel/pt-laravel/vendor/laravel/framework/src/Illuminate/Foundation/Console/Kernel.php(196): Illuminate/Foundation/Console/Kernel->bootstrap()
#21 C:/Users/kings/Downloads/partnership-tracker-laravel/pt-laravel/vendor/laravel/framework/src/Illuminate/Foundation/Application.php(1235): Illuminate/Foundation/Console/Kernel->handle()
#22 C:/Users/kings/Downloads/partnership-tracker-laravel/pt-laravel/artisan(12): Illuminate/Foundation/Application->handleCommand()
#23 {main}

[previous exception] [object] (ReflectionException(code: -1): Class \"files\" does not exist at C:/Users/kings/Downloads/partnership-tracker-laravel/pt-laravel/vendor/laravel/framework/src/Illuminate/Container/Container.php:959)
[stacktrace]
#0 C:/Users/kings/Downloads/partnership-tracker-laravel/pt-laravel/vendor/laravel/framework/src/Illuminate/Container/Container.php(959): ReflectionClass->__construct()
#1 C:/Users/kings/Downloads/partnership-tracker-laravel/pt-laravel/vendor/laravel/framework/src/Illuminate/Container/Container.php(832): Illuminate/Container/Container->build()
#2 C:/Users/kings/Downloads/partnership-tracker-laravel/pt-laravel/vendor/laravel/framework/src/Illuminate/Foundation/Application.php(1078): Illuminate/Container/Container->resolve()
#3 C:/Users/kings/Downloads/partnership-tracker-laravel/pt-laravel/vendor/laravel/framework/src/Illuminate/Container/Container.php(763): Illuminate/Foundation/Application->resolve()
#4 C:/Users/kings/Downloads/partnership-tracker-laravel/pt-laravel/vendor/laravel/framework/src/Illuminate/Foundation/Application.php(1058): Illuminate/Container/Container->make()
#5 C:/Users/kings/Downloads/partnership-tracker-laravel/pt-laravel/vendor/laravel/framework/src/Illuminate/Container/Container.php(1580): Illuminate/Foundation/Application->make()
#6 C:/Users/kings/Downloads/partnership-tracker-laravel/pt-laravel/vendor/laravel/framework/src/Illuminate/Foundation/Application.php(1325): Illuminate/Container/Container->offsetGet()
#7 C:/Users/kings/Downloads/partnership-tracker-laravel/pt-laravel/vendor/laravel/sanctum/src/SanctumServiceProvider.php(68): Illuminate/Foundation/Application->routesAreCached()
#8 C:/Users/kings/Downloads/partnership-tracker-laravel/pt-laravel/vendor/laravel/sanctum/src/SanctumServiceProvider.php(56): Laravel/Sanctum/SanctumServiceProvider->defineRoutes()
#9 C:/Users/kings/Downloads/partnership-tracker-laravel/pt-laravel/vendor/laravel/framework/src/Illuminate/Container/BoundMethod.php(36): Laravel/Sanctum/SanctumServiceProvider->boot()
#10 C:/Users/kings/Downloads/partnership-tracker-laravel/pt-laravel/vendor/laravel/framework/src/Illuminate/Container/Util.php(43): Illuminate/Container/BoundMethod::{closure:Illuminate/Container/BoundMethod::call():35}()
#11 C:/Users/kings/Downloads/partnership-tracker-laravel/pt-laravel/vendor/laravel/framework/src/Illuminate/Container/BoundMethod.php(95): Illuminate/Container/Util::unwrapIfClosure()
#12 C:/Users/kings/Downloads/partnership-tracker-laravel/pt-laravel/vendor/laravel/framework/src/Illuminate/Container/BoundMethod.php(35): Illuminate/Container/BoundMethod::callBoundMethod()
#13 C:/Users/kings/Downloads/partnership-tracker-laravel/pt-laravel/vendor/laravel/framework/src/Illuminate/Container/Container.php(696): Illuminate/Container/BoundMethod::call()
#14 C:/Users/kings/Downloads/partnership-tracker-laravel/pt-laravel/vendor/laravel/framework/src/Illuminate/Foundation/Application.php(1151): Illuminate/Container/Container->call()
#15 C:/Users/kings/Downloads/partnership-tracker-laravel/pt-laravel/vendor/laravel/framework/src/Illuminate/Foundation/Application.php(1132): Illuminate/Foundation/Application->bootProvider()
#16 [internal function]: Illuminate/Foundation/Application->{closure:Illuminate/Foundation/Application::boot():1131}()
#17 C:/Users/kings/Downloads/partnership-tracker-laravel/pt-laravel/vendor/laravel/framework/src/Illuminate/Foundation/Application.php(1131): array_walk()
#18 C:/Users/kings/Downloads/partnership-tracker-laravel/pt-laravel/vendor/laravel/framework/src/Illuminate/Foundation/Bootstrap/BootProviders.php(17): Illuminate/Foundation/Application->boot()
#19 C:/Users/kings/Downloads/partnership-tracker-laravel/pt-laravel/vendor/laravel/framework/src/Illuminate/Foundation/Application.php(342): Illuminate/Foundation/Bootstrap/BootProviders->bootstrap()
#20 C:/Users/kings/Downloads/partnership-tracker-laravel/pt-laravel/vendor/laravel/framework/src/Illuminate/Foundation/Console/Kernel.php(474): Illuminate/Foundation/Application->bootstrapWith()
#21 C:/Users/kings/Downloads/partnership-tracker-laravel/pt-laravel/vendor/laravel/framework/src/Illuminate/Foundation/Console/Kernel.php(196): Illuminate/Foundation/Console/Kernel->bootstrap()
#22 C:/Users/kings/Downloads/partnership-tracker-laravel/pt-laravel/vendor/laravel/framework/src/Illuminate/Foundation/Application.php(1235): Illuminate/Foundation/Console/Kernel->handle()
#23 C:/Users/kings/Downloads/partnership-tracker-laravel/pt-laravel/artisan(12): Illuminate/Foundation/Application->handleCommand()
#24 {main}
"} 
[2026-07-13 17:02:47] production.ERROR: Target class [files] does not exist. {"exception":"[object] (Illuminate\\Contracts\\Container\\BindingResolutionException(code: 0): Target class [files] does not exist. at C:/Users/kings/Downloads/partnership-tracker-laravel/pt-laravel/vendor/laravel/framework/src/Illuminate/Container/Container.php:961)
[stacktrace]
#0 C:/Users/kings/Downloads/partnership-tracker-laravel/pt-laravel/vendor/laravel/framework/src/Illuminate/Container/Container.php(832): Illuminate/Container/Container->build()
#1 C:/Users/kings/Downloads/partnership-tracker-laravel/pt-laravel/vendor/laravel/framework/src/Illuminate/Foundation/Application.php(1078): Illuminate/Container/Container->resolve()
#2 C:/Users/kings/Downloads/partnership-tracker-laravel/pt-laravel/vendor/laravel/framework/src/Illuminate/Container/Container.php(763): Illuminate/Foundation/Application->resolve()
#3 C:/Users/kings/Downloads/partnership-tracker-laravel/pt-laravel/vendor/laravel/framework/src/Illuminate/Foundation/Application.php(1058): Illuminate/Container/Container->make()
#4 C:/Users/kings/Downloads/partnership-tracker-laravel/pt-laravel/vendor/laravel/framework/src/Illuminate/Container/Container.php(1580): Illuminate/Foundation/Application->make()
#5 C:/Users/kings/Downloads/partnership-tracker-laravel/pt-laravel/vendor/laravel/framework/src/Illuminate/Foundation/Application.php(1325): Illuminate/Container/Container->offsetGet()
#6 C:/Users/kings/Downloads/partnership-tracker-laravel/pt-laravel/vendor/laravel/sanctum/src/SanctumServiceProvider.php(68): Illuminate/Foundation/Application->routesAreCached()
#7 C:/Users/kings/Downloads/partnership-tracker-laravel/pt-laravel/vendor/laravel/sanctum/src/SanctumServiceProvider.php(56): Laravel/Sanctum/SanctumServiceProvider->defineRoutes()
#8 C:/Users/kings/Downloads/partnership-tracker-laravel/pt-laravel/vendor/laravel/framework/src/Illuminate/Container/BoundMethod.php(36): Laravel/Sanctum/SanctumServiceProvider->boot()
#9 C:/Users/kings/Downloads/partnership-tracker-laravel/pt-laravel/vendor/laravel/framework/src/Illuminate/Container/Util.php(43): Illuminate/Container/BoundMethod::{closure:Illuminate/Container/BoundMethod::call():35}()
#10 C:/Users/kings/Downloads/partnership-tracker-laravel/pt-laravel/vendor/laravel/framework/src/Illuminate/Container/BoundMethod.php(95): Illuminate/Container/Util::unwrapIfClosure()
#11 C:/Users/kings/Downloads/partnership-tracker-laravel/pt-laravel/vendor/laravel/framework/src/Illuminate/Container/BoundMethod.php(35): Illuminate/Container/BoundMethod::callBoundMethod()
#12 C:/Users/kings/Downloads/partnership-tracker-laravel/pt-laravel/vendor/laravel/framework/src/Illuminate/Container/Container.php(696): Illuminate/Container/BoundMethod::call()
#13 C:/Users/kings/Downloads/partnership-tracker-laravel/pt-laravel/vendor/laravel/framework/src/Illuminate/Foundation/Application.php(1151): Illuminate/Container/Container->call()
#14 C:/Users/kings/Downloads/partnership-tracker-laravel/pt-laravel/vendor/laravel/framework/src/Illuminate/Foundation/Application.php(1132): Illuminate/Foundation/Application->bootProvider()
#15 [internal function]: Illuminate/Foundation/Application->{closure:Illuminate/Foundation/Application::boot():1131}()
#16 C:/Users/kings/Downloads/partnership-tracker-laravel/pt-laravel/vendor/laravel/framework/src/Illuminate/Foundation/Application.php(1131): array_walk()
#17 C:/Users/kings/Downloads/partnership-tracker-laravel/pt-laravel/vendor/laravel/framework/src/Illuminate/Foundation/Bootstrap/BootProviders.php(17): Illuminate/Foundation/Application->boot()
#18 C:/Users/kings/Downloads/partnership-tracker-laravel/pt-laravel/vendor/laravel/framework/src/Illuminate/Foundation/Application.php(342): Illuminate/Foundation/Bootstrap/BootProviders->bootstrap()
#19 C:/Users/kings/Downloads/partnership-tracker-laravel/pt-laravel/vendor/laravel/framework/src/Illuminate/Foundation/Console/Kernel.php(474): Illuminate/Foundation/Application->bootstrapWith()
#20 C:/Users/kings/Downloads/partnership-tracker-laravel/pt-laravel/vendor/laravel/framework/src/Illuminate/Foundation/Console/Kernel.php(196): Illuminate/Foundation/Console/Kernel->bootstrap()
#21 C:/Users/kings/Downloads/partnership-tracker-laravel/pt-laravel/vendor/laravel/framework/src/Illuminate/Foundation/Application.php(1235): Illuminate/Foundation/Console/Kernel->handle()
#22 C:/Users/kings/Downloads/partnership-tracker-laravel/pt-laravel/artisan(12): Illuminate/Foundation/Application->handleCommand()
#23 {main}

[previous exception] [object] (ReflectionException(code: -1): Class \"files\" does not exist at C:/Users/kings/Downloads/partnership-tracker-laravel/pt-laravel/vendor/laravel/framework/src/Illuminate/Container/Container.php:959)
[stacktrace]
#0 C:/Users/kings/Downloads/partnership-tracker-laravel/pt-laravel/vendor/laravel/framework/src/Illuminate/Container/Container.php(959): ReflectionClass->__construct()
#1 C:/Users/kings/Downloads/partnership-tracker-laravel/pt-laravel/vendor/laravel/framework/src/Illuminate/Container/Container.php(832): Illuminate/Container/Container->build()
#2 C:/Users/kings/Downloads/partnership-tracker-laravel/pt-laravel/vendor/laravel/framework/src/Illuminate/Foundation/Application.php(1078): Illuminate/Container/Container->resolve()
#3 C:/Users/kings/Downloads/partnership-tracker-laravel/pt-laravel/vendor/laravel/framework/src/Illuminate/Container/Container.php(763): Illuminate/Foundation/Application->resolve()
#4 C:/Users/kings/Downloads/partnership-tracker-laravel/pt-laravel/vendor/laravel/framework/src/Illuminate/Foundation/Application.php(1058): Illuminate/Container/Container->make()
#5 C:/Users/kings/Downloads/partnership-tracker-laravel/pt-laravel/vendor/laravel/framework/src/Illuminate/Container/Container.php(1580): Illuminate/Foundation/Application->make()
#6 C:/Users/kings/Downloads/partnership-tracker-laravel/pt-laravel/vendor/laravel/framework/src/Illuminate/Foundation/Application.php(1325): Illuminate/Container/Container->offsetGet()
#7 C:/Users/kings/Downloads/partnership-tracker-laravel/pt-laravel/vendor/laravel/sanctum/src/SanctumServiceProvider.php(68): Illuminate/Foundation/Application->routesAreCached()
#8 C:/Users/kings/Downloads/partnership-tracker-laravel/pt-laravel/vendor/laravel/sanctum/src/SanctumServiceProvider.php(56): Laravel/Sanctum/SanctumServiceProvider->defineRoutes()
#9 C:/Users/kings/Downloads/partnership-tracker-laravel/pt-laravel/vendor/laravel/framework/src/Illuminate/Container/BoundMethod.php(36): Laravel/Sanctum/SanctumServiceProvider->boot()
#10 C:/Users/kings/Downloads/partnership-tracker-laravel/pt-laravel/vendor/laravel/framework/src/Illuminate/Container/Util.php(43): Illuminate/Container/BoundMethod::{closure:Illuminate/Container/BoundMethod::call():35}()
#11 C:/Users/kings/Downloads/partnership-tracker-laravel/pt-laravel/vendor/laravel/framework/src/Illuminate/Container/BoundMethod.php(95): Illuminate/Container/Util::unwrapIfClosure()
#12 C:/Users/kings/Downloads/partnership-tracker-laravel/pt-laravel/vendor/laravel/framework/src/Illuminate/Container/BoundMethod.php(35): Illuminate/Container/BoundMethod::callBoundMethod()
#13 C:/Users/kings/Downloads/partnership-tracker-laravel/pt-laravel/vendor/laravel/framework/src/Illuminate/Container/Container.php(696): Illuminate/Container/BoundMethod::call()
#14 C:/Users/kings/Downloads/partnership-tracker-laravel/pt-laravel/vendor/laravel/framework/src/Illuminate/Foundation/Application.php(1151): Illuminate/Container/Container->call()
#15 C:/Users/kings/Downloads/partnership-tracker-laravel/pt-laravel/vendor/laravel/framework/src/Illuminate/Foundation/Application.php(1132): Illuminate/Foundation/Application->bootProvider()
#16 [internal function]: Illuminate/Foundation/Application->{closure:Illuminate/Foundation/Application::boot():1131}()
#17 C:/Users/kings/Downloads/partnership-tracker-laravel/pt-laravel/vendor/laravel/framework/src/Illuminate/Foundation/Application.php(1131): array_walk()
#18 C:/Users/kings/Downloads/partnership-tracker-laravel/pt-laravel/vendor/laravel/framework/src/Illuminate/Foundation/Bootstrap/BootProviders.php(17): Illuminate/Foundation/Application->boot()
#19 C:/Users/kings/Downloads/partnership-tracker-laravel/pt-laravel/vendor/laravel/framework/src/Illuminate/Foundation/Application.php(342): Illuminate/Foundation/Bootstrap/BootProviders->bootstrap()
#20 C:/Users/kings/Downloads/partnership-tracker-laravel/pt-laravel/vendor/laravel/framework/src/Illuminate/Foundation/Console/Kernel.php(474): Illuminate/Foundation/Application->bootstrapWith()
#21 C:/Users/kings/Downloads/partnership-tracker-laravel/pt-laravel/vendor/laravel/framework/src/Illuminate/Foundation/Console/Kernel.php(196): Illuminate/Foundation/Console/Kernel->bootstrap()
#22 C:/Users/kings/Downloads/partnership-tracker-laravel/pt-laravel/vendor/laravel/framework/src/Illuminate/Foundation/Application.php(1235): Illuminate/Foundation/Console/Kernel->handle()
#23 C:/Users/kings/Downloads/partnership-tracker-laravel/pt-laravel/artisan(12): Illuminate/Foundation/Application->handleCommand()
#24 {main}
"} 
[2026-07-13 17:03:26] production.ERROR: Target class [files] does not exist. {"exception":"[object] (Illuminate\\Contracts\\Container\\BindingResolutionException(code: 0): Target class [files] does not exist. at C:/Users/kings/Downloads/partnership-tracker-laravel/pt-laravel/vendor/laravel/framework/src/Illuminate/Container/Container.php:961)
[stacktrace]
#0 C:/Users/kings/Downloads/partnership-tracker-laravel/pt-laravel/vendor/laravel/framework/src/Illuminate/Container/Container.php(832): Illuminate/Container/Container->build()
#1 C:/Users/kings/Downloads/partnership-tracker-laravel/pt-laravel/vendor/laravel/framework/src/Illuminate/Foundation/Application.php(1078): Illuminate/Container/Container->resolve()
#2 C:/Users/kings/Downloads/partnership-tracker-laravel/pt-laravel/vendor/laravel/framework/src/Illuminate/Container/Container.php(763): Illuminate/Foundation/Application->resolve()
#3 C:/Users/kings/Downloads/partnership-tracker-laravel/pt-laravel/vendor/laravel/framework/src/Illuminate/Foundation/Application.php(1058): Illuminate/Container/Container->make()
#4 C:/Users/kings/Downloads/partnership-tracker-laravel/pt-laravel/vendor/laravel/framework/src/Illuminate/Container/Container.php(1580): Illuminate/Foundation/Application->make()
#5 C:/Users/kings/Downloads/partnership-tracker-laravel/pt-laravel/vendor/laravel/framework/src/Illuminate/Foundation/Application.php(1325): Illuminate/Container/Container->offsetGet()
#6 C:/Users/kings/Downloads/partnership-tracker-laravel/pt-laravel/vendor/laravel/sanctum/src/SanctumServiceProvider.php(68): Illuminate/Foundation/Application->routesAreCached()
#7 C:/Users/kings/Downloads/partnership-tracker-laravel/pt-laravel/vendor/laravel/sanctum/src/SanctumServiceProvider.php(56): Laravel/Sanctum/SanctumServiceProvider->defineRoutes()
#8 C:/Users/kings/Downloads/partnership-tracker-laravel/pt-laravel/vendor/laravel/framework/src/Illuminate/Container/BoundMethod.php(36): Laravel/Sanctum/SanctumServiceProvider->boot()
#9 C:/Users/kings/Downloads/partnership-tracker-laravel/pt-laravel/vendor/laravel/framework/src/Illuminate/Container/Util.php(43): Illuminate/Container/BoundMethod::{closure:Illuminate/Container/BoundMethod::call():35}()
#10 C:/Users/kings/Downloads/partnership-tracker-laravel/pt-laravel/vendor/laravel/framework/src/Illuminate/Container/BoundMethod.php(95): Illuminate/Container/Util::unwrapIfClosure()
#11 C:/Users/kings/Downloads/partnership-tracker-laravel/pt-laravel/vendor/laravel/framework/src/Illuminate/Container/BoundMethod.php(35): Illuminate/Container/BoundMethod::callBoundMethod()
#12 C:/Users/kings/Downloads/partnership-tracker-laravel/pt-laravel/vendor/laravel/framework/src/Illuminate/Container/Container.php(696): Illuminate/Container/BoundMethod::call()
#13 C:/Users/kings/Downloads/partnership-tracker-laravel/pt-laravel/vendor/laravel/framework/src/Illuminate/Foundation/Application.php(1151): Illuminate/Container/Container->call()
#14 C:/Users/kings/Downloads/partnership-tracker-laravel/pt-laravel/vendor/laravel/framework/src/Illuminate/Foundation/Application.php(1132): Illuminate/Foundation/Application->bootProvider()
#15 [internal function]: Illuminate/Foundation/Application->{closure:Illuminate/Foundation/Application::boot():1131}()
#16 C:/Users/kings/Downloads/partnership-tracker-laravel/pt-laravel/vendor/laravel/framework/src/Illuminate/Foundation/Application.php(1131): array_walk()
#17 C:/Users/kings/Downloads/partnership-tracker-laravel/pt-laravel/vendor/laravel/framework/src/Illuminate/Foundation/Bootstrap/BootProviders.php(17): Illuminate/Foundation/Application->boot()
#18 C:/Users/kings/Downloads/partnership-tracker-laravel/pt-laravel/vendor/laravel/framework/src/Illuminate/Foundation/Application.php(342): Illuminate/Foundation/Bootstrap/BootProviders->bootstrap()
#19 C:/Users/kings/Downloads/partnership-tracker-laravel/pt-laravel/vendor/laravel/framework/src/Illuminate/Foundation/Console/Kernel.php(474): Illuminate/Foundation/Application->bootstrapWith()
#20 C:/Users/kings/Downloads/partnership-tracker-laravel/pt-laravel/vendor/laravel/framework/src/Illuminate/Foundation/Console/Kernel.php(196): Illuminate/Foundation/Console/Kernel->bootstrap()
#21 C:/Users/kings/Downloads/partnership-tracker-laravel/pt-laravel/vendor/laravel/framework/src/Illuminate/Foundation/Application.php(1235): Illuminate/Foundation/Console/Kernel->handle()
#22 C:/Users/kings/Downloads/partnership-tracker-laravel/pt-laravel/artisan(12): Illuminate/Foundation/Application->handleCommand()
#23 {main}

[previous exception] [object] (ReflectionException(code: -1): Class \"files\" does not exist at C:/Users/kings/Downloads/partnership-tracker-laravel/pt-laravel/vendor/laravel/framework/src/Illuminate/Container/Container.php:959)
[stacktrace]
#0 C:/Users/kings/Downloads/partnership-tracker-laravel/pt-laravel/vendor/laravel/framework/src/Illuminate/Container/Container.php(959): ReflectionClass->__construct()
#1 C:/Users/kings/Downloads/partnership-tracker-laravel/pt-laravel/vendor/laravel/framework/src/Illuminate/Container/Container.php(832): Illuminate/Container/Container->build()
#2 C:/Users/kings/Downloads/partnership-tracker-laravel/pt-laravel/vendor/laravel/framework/src/Illuminate/Foundation/Application.php(1078): Illuminate/Container/Container->resolve()
#3 C:/Users/kings/Downloads/partnership-tracker-laravel/pt-laravel/vendor/laravel/framework/src/Illuminate/Container/Container.php(763): Illuminate/Foundation/Application->resolve()
#4 C:/Users/kings/Downloads/partnership-tracker-laravel/pt-laravel/vendor/laravel/framework/src/Illuminate/Foundation/Application.php(1058): Illuminate/Container/Container->make()
#5 C:/Users/kings/Downloads/partnership-tracker-laravel/pt-laravel/vendor/laravel/framework/src/Illuminate/Container/Container.php(1580): Illuminate/Foundation/Application->make()
#6 C:/Users/kings/Downloads/partnership-tracker-laravel/pt-laravel/vendor/laravel/framework/src/Illuminate/Foundation/Application.php(1325): Illuminate/Container/Container->offsetGet()
#7 C:/Users/kings/Downloads/partnership-tracker-laravel/pt-laravel/vendor/laravel/sanctum/src/SanctumServiceProvider.php(68): Illuminate/Foundation/Application->routesAreCached()
#8 C:/Users/kings/Downloads/partnership-tracker-laravel/pt-laravel/vendor/laravel/sanctum/src/SanctumServiceProvider.php(56): Laravel/Sanctum/SanctumServiceProvider->defineRoutes()
#9 C:/Users/kings/Downloads/partnership-tracker-laravel/pt-laravel/vendor/laravel/framework/src/Illuminate/Container/BoundMethod.php(36): Laravel/Sanctum/SanctumServiceProvider->boot()
#10 C:/Users/kings/Downloads/partnership-tracker-laravel/pt-laravel/vendor/laravel/framework/src/Illuminate/Container/Util.php(43): Illuminate/Container/BoundMethod::{closure:Illuminate/Container/BoundMethod::call():35}()
#11 C:/Users/kings/Downloads/partnership-tracker-laravel/pt-laravel/vendor/laravel/framework/src/Illuminate/Container/BoundMethod.php(95): Illuminate/Container/Util::unwrapIfClosure()
#12 C:/Users/kings/Downloads/partnership-tracker-laravel/pt-laravel/vendor/laravel/framework/src/Illuminate/Container/BoundMethod.php(35): Illuminate/Container/BoundMethod::callBoundMethod()
#13 C:/Users/kings/Downloads/partnership-tracker-laravel/pt-laravel/vendor/laravel/framework/src/Illuminate/Container/Container.php(696): Illuminate/Container/BoundMethod::call()
#14 C:/Users/kings/Downloads/partnership-tracker-laravel/pt-laravel/vendor/laravel/framework/src/Illuminate/Foundation/Application.php(1151): Illuminate/Container/Container->call()
#15 C:/Users/kings/Downloads/partnership-tracker-laravel/pt-laravel/vendor/laravel/framework/src/Illuminate/Foundation/Application.php(1132): Illuminate/Foundation/Application->bootProvider()
#16 [internal function]: Illuminate/Foundation/Application->{closure:Illuminate/Foundation/Application::boot():1131}()
#17 C:/Users/kings/Downloads/partnership-tracker-laravel/pt-laravel/vendor/laravel/framework/src/Illuminate/Foundation/Application.php(1131): array_walk()
#18 C:/Users/kings/Downloads/partnership-tracker-laravel/pt-laravel/vendor/laravel/framework/src/Illuminate/Foundation/Bootstrap/BootProviders.php(17): Illuminate/Foundation/Application->boot()
#19 C:/Users/kings/Downloads/partnership-tracker-laravel/pt-laravel/vendor/laravel/framework/src/Illuminate/Foundation/Application.php(342): Illuminate/Foundation/Bootstrap/BootProviders->bootstrap()
#20 C:/Users/kings/Downloads/partnership-tracker-laravel/pt-laravel/vendor/laravel/framework/src/Illuminate/Foundation/Console/Kernel.php(474): Illuminate/Foundation/Application->bootstrapWith()
#21 C:/Users/kings/Downloads/partnership-tracker-laravel/pt-laravel/vendor/laravel/framework/src/Illuminate/Foundation/Console/Kernel.php(196): Illuminate/Foundation/Console/Kernel->bootstrap()
#22 C:/Users/kings/Downloads/partnership-tracker-laravel/pt-laravel/vendor/laravel/framework/src/Illuminate/Foundation/Application.php(1235): Illuminate/Foundation/Console/Kernel->handle()
#23 C:/Users/kings/Downloads/partnership-tracker-laravel/pt-laravel/artisan(12): Illuminate/Foundation/Application->handleCommand()
#24 {main}
"} 
[2026-07-13 17:05:22] production.ERROR: Target class [files] does not exist. {"exception":"[object] (Illuminate\\Contracts\\Container\\BindingResolutionException(code: 0): Target class [files] does not exist. at C:/Users/kings/Downloads/partnership-tracker-laravel/pt-laravel/vendor/laravel/framework/src/Illuminate/Container/Container.php:961)
[stacktrace]
#0 C:/Users/kings/Downloads/partnership-tracker-laravel/pt-laravel/vendor/laravel/framework/src/Illuminate/Container/Container.php(832): Illuminate/Container/Container->build()
#1 C:/Users/kings/Downloads/partnership-tracker-laravel/pt-laravel/vendor/laravel/framework/src/Illuminate/Foundation/Application.php(1078): Illuminate/Container/Container->resolve()
#2 C:/Users/kings/Downloads/partnership-tracker-laravel/pt-laravel/vendor/laravel/framework/src/Illuminate/Container/Container.php(763): Illuminate/Foundation/Application->resolve()
#3 C:/Users/kings/Downloads/partnership-tracker-laravel/pt-laravel/vendor/laravel/framework/src/Illuminate/Foundation/Application.php(1058): Illuminate/Container/Container->make()
#4 C:/Users/kings/Downloads/partnership-tracker-laravel/pt-laravel/vendor/laravel/framework/src/Illuminate/Container/Container.php(1580): Illuminate/Foundation/Application->make()
#5 C:/Users/kings/Downloads/partnership-tracker-laravel/pt-laravel/vendor/laravel/framework/src/Illuminate/Foundation/Application.php(1325): Illuminate/Container/Container->offsetGet()
#6 C:/Users/kings/Downloads/partnership-tracker-laravel/pt-laravel/vendor/laravel/sanctum/src/SanctumServiceProvider.php(68): Illuminate/Foundation/Application->routesAreCached()
#7 C:/Users/kings/Downloads/partnership-tracker-laravel/pt-laravel/vendor/laravel/sanctum/src/SanctumServiceProvider.php(56): Laravel/Sanctum/SanctumServiceProvider->defineRoutes()
#8 C:/Users/kings/Downloads/partnership-tracker-laravel/pt-laravel/vendor/laravel/framework/src/Illuminate/Container/BoundMethod.php(36): Laravel/Sanctum/SanctumServiceProvider->boot()
#9 C:/Users/kings/Downloads/partnership-tracker-laravel/pt-laravel/vendor/laravel/framework/src/Illuminate/Container/Util.php(43): Illuminate/Container/BoundMethod::{closure:Illuminate/Container/BoundMethod::call():35}()
#10 C:/Users/kings/Downloads/partnership-tracker-laravel/pt-laravel/vendor/laravel/framework/src/Illuminate/Container/BoundMethod.php(95): Illuminate/Container/Util::unwrapIfClosure()
#11 C:/Users/kings/Downloads/partnership-tracker-laravel/pt-laravel/vendor/laravel/framework/src/Illuminate/Container/BoundMethod.php(35): Illuminate/Container/BoundMethod::callBoundMethod()
#12 C:/Users/kings/Downloads/partnership-tracker-laravel/pt-laravel/vendor/laravel/framework/src/Illuminate/Container/Container.php(696): Illuminate/Container/BoundMethod::call()
#13 C:/Users/kings/Downloads/partnership-tracker-laravel/pt-laravel/vendor/laravel/framework/src/Illuminate/Foundation/Application.php(1151): Illuminate/Container/Container->call()
#14 C:/Users/kings/Downloads/partnership-tracker-laravel/pt-laravel/vendor/laravel/framework/src/Illuminate/Foundation/Application.php(1132): Illuminate/Foundation/Application->bootProvider()
#15 [internal function]: Illuminate/Foundation/Application->{closure:Illuminate/Foundation/Application::boot():1131}()
#16 C:/Users/kings/Downloads/partnership-tracker-laravel/pt-laravel/vendor/laravel/framework/src/Illuminate/Foundation/Application.php(1131): array_walk()
#17 C:/Users/kings/Downloads/partnership-tracker-laravel/pt-laravel/vendor/laravel/framework/src/Illuminate/Foundation/Bootstrap/BootProviders.php(17): Illuminate/Foundation/Application->boot()
#18 C:/Users/kings/Downloads/partnership-tracker-laravel/pt-laravel/vendor/laravel/framework/src/Illuminate/Foundation/Application.php(342): Illuminate/Foundation/Bootstrap/BootProviders->bootstrap()
#19 C:/Users/kings/Downloads/partnership-tracker-laravel/pt-laravel/vendor/laravel/framework/src/Illuminate/Foundation/Console/Kernel.php(474): Illuminate/Foundation/Application->bootstrapWith()
#20 C:/Users/kings/Downloads/partnership-tracker-laravel/pt-laravel/vendor/laravel/framework/src/Illuminate/Foundation/Console/Kernel.php(196): Illuminate/Foundation/Console/Kernel->bootstrap()
#21 C:/Users/kings/Downloads/partnership-tracker-laravel/pt-laravel/vendor/laravel/framework/src/Illuminate/Foundation/Application.php(1235): Illuminate/Foundation/Console/Kernel->handle()
#22 C:/Users/kings/Downloads/partnership-tracker-laravel/pt-laravel/artisan(12): Illuminate/Foundation/Application->handleCommand()
#23 {main}

[previous exception] [object] (ReflectionException(code: -1): Class \"files\" does not exist at C:/Users/kings/Downloads/partnership-tracker-laravel/pt-laravel/vendor/laravel/framework/src/Illuminate/Container/Container.php:959)
[stacktrace]
#0 C:/Users/kings/Downloads/partnership-tracker-laravel/pt-laravel/vendor/laravel/framework/src/Illuminate/Container/Container.php(959): ReflectionClass->__construct()
#1 C:/Users/kings/Downloads/partnership-tracker-laravel/pt-laravel/vendor/laravel/framework/src/Illuminate/Container/Container.php(832): Illuminate/Container/Container->build()
#2 C:/Users/kings/Downloads/partnership-tracker-laravel/pt-laravel/vendor/laravel/framework/src/Illuminate/Foundation/Application.php(1078): Illuminate/Container/Container->resolve()
#3 C:/Users/kings/Downloads/partnership-tracker-laravel/pt-laravel/vendor/laravel/framework/src/Illuminate/Container/Container.php(763): Illuminate/Foundation/Application->resolve()
#4 C:/Users/kings/Downloads/partnership-tracker-laravel/pt-laravel/vendor/laravel/framework/src/Illuminate/Foundation/Application.php(1058): Illuminate/Container/Container->make()
#5 C:/Users/kings/Downloads/partnership-tracker-laravel/pt-laravel/vendor/laravel/framework/src/Illuminate/Container/Container.php(1580): Illuminate/Foundation/Application->make()
#6 C:/Users/kings/Downloads/partnership-tracker-laravel/pt-laravel/vendor/laravel/framework/src/Illuminate/Foundation/Application.php(1325): Illuminate/Container/Container->offsetGet()
#7 C:/Users/kings/Downloads/partnership-tracker-laravel/pt-laravel/vendor/laravel/sanctum/src/SanctumServiceProvider.php(68): Illuminate/Foundation/Application->routesAreCached()
#8 C:/Users/kings/Downloads/partnership-tracker-laravel/pt-laravel/vendor/laravel/sanctum/src/SanctumServiceProvider.php(56): Laravel/Sanctum/SanctumServiceProvider->defineRoutes()
#9 C:/Users/kings/Downloads/partnership-tracker-laravel/pt-laravel/vendor/laravel/framework/src/Illuminate/Container/BoundMethod.php(36): Laravel/Sanctum/SanctumServiceProvider->boot()
#10 C:/Users/kings/Downloads/partnership-tracker-laravel/pt-laravel/vendor/laravel/framework/src/Illuminate/Container/Util.php(43): Illuminate/Container/BoundMethod::{closure:Illuminate/Container/BoundMethod::call():35}()
#11 C:/Users/kings/Downloads/partnership-tracker-laravel/pt-laravel/vendor/laravel/framework/src/Illuminate/Container/BoundMethod.php(95): Illuminate/Container/Util::unwrapIfClosure()
#12 C:/Users/kings/Downloads/partnership-tracker-laravel/pt-laravel/vendor/laravel/framework/src/Illuminate/Container/BoundMethod.php(35): Illuminate/Container/BoundMethod::callBoundMethod()
#13 C:/Users/kings/Downloads/partnership-tracker-laravel/pt-laravel/vendor/laravel/framework/src/Illuminate/Container/Container.php(696): Illuminate/Container/BoundMethod::call()
#14 C:/Users/kings/Downloads/partnership-tracker-laravel/pt-laravel/vendor/laravel/framework/src/Illuminate/Foundation/Application.php(1151): Illuminate/Container/Container->call()
#15 C:/Users/kings/Downloads/partnership-tracker-laravel/pt-laravel/vendor/laravel/framework/src/Illuminate/Foundation/Application.php(1132): Illuminate/Foundation/Application->bootProvider()
#16 [internal function]: Illuminate/Foundation/Application->{closure:Illuminate/Foundation/Application::boot():1131}()
#17 C:/Users/kings/Downloads/partnership-tracker-laravel/pt-laravel/vendor/laravel/framework/src/Illuminate/Foundation/Application.php(1131): array_walk()
#18 C:/Users/kings/Downloads/partnership-tracker-laravel/pt-laravel/vendor/laravel/framework/src/Illuminate/Foundation/Bootstrap/BootProviders.php(17): Illuminate/Foundation/Application->boot()
#19 C:/Users/kings/Downloads/partnership-tracker-laravel/pt-laravel/vendor/laravel/framework/src/Illuminate/Foundation/Application.php(342): Illuminate/Foundation/Bootstrap/BootProviders->bootstrap()
#20 C:/Users/kings/Downloads/partnership-tracker-laravel/pt-laravel/vendor/laravel/framework/src/Illuminate/Foundation/Console/Kernel.php(474): Illuminate/Foundation/Application->bootstrapWith()
#21 C:/Users/kings/Downloads/partnership-tracker-laravel/pt-laravel/vendor/laravel/framework/src/Illuminate/Foundation/Console/Kernel.php(196): Illuminate/Foundation/Console/Kernel->bootstrap()
#22 C:/Users/kings/Downloads/partnership-tracker-laravel/pt-laravel/vendor/laravel/framework/src/Illuminate/Foundation/Application.php(1235): Illuminate/Foundation/Console/Kernel->handle()
#23 C:/Users/kings/Downloads/partnership-tracker-laravel/pt-laravel/artisan(12): Illuminate/Foundation/Application->handleCommand()
#24 {main}
"} 
[2026-07-13 18:28:32] production.ERROR: Target class [files] does not exist. {"exception":"[object] (Illuminate\\Contracts\\Container\\BindingResolutionException(code: 0): Target class [files] does not exist. at C:/Users/kings/Downloads/partnership-tracker-laravel/pt-laravel/vendor/laravel/framework/src/Illuminate/Container/Container.php:961)
[stacktrace]
#0 C:/Users/kings/Downloads/partnership-tracker-laravel/pt-laravel/vendor/laravel/framework/src/Illuminate/Container/Container.php(832): Illuminate/Container/Container->build()
#1 C:/Users/kings/Downloads/partnership-tracker-laravel/pt-laravel/vendor/laravel/framework/src/Illuminate/Foundation/Application.php(1078): Illuminate/Container/Container->resolve()
#2 C:/Users/kings/Downloads/partnership-tracker-laravel/pt-laravel/vendor/laravel/framework/src/Illuminate/Container/Container.php(763): Illuminate/Foundation/Application->resolve()
#3 C:/Users/kings/Downloads/partnership-tracker-laravel/pt-laravel/vendor/laravel/framework/src/Illuminate/Foundation/Application.php(1058): Illuminate/Container/Container->make()
#4 C:/Users/kings/Downloads/partnership-tracker-laravel/pt-laravel/vendor/laravel/framework/src/Illuminate/Container/Container.php(1580): Illuminate/Foundation/Application->make()
#5 C:/Users/kings/Downloads/partnership-tracker-laravel/pt-laravel/vendor/laravel/framework/src/Illuminate/Foundation/Application.php(1325): Illuminate/Container/Container->offsetGet()
#6 C:/Users/kings/Downloads/partnership-tracker-laravel/pt-laravel/vendor/laravel/sanctum/src/SanctumServiceProvider.php(68): Illuminate/Foundation/Application->routesAreCached()
#7 C:/Users/kings/Downloads/partnership-tracker-laravel/pt-laravel/vendor/laravel/sanctum/src/SanctumServiceProvider.php(56): Laravel/Sanctum/SanctumServiceProvider->defineRoutes()
#8 C:/Users/kings/Downloads/partnership-tracker-laravel/pt-laravel/vendor/laravel/framework/src/Illuminate/Container/BoundMethod.php(36): Laravel/Sanctum/SanctumServiceProvider->boot()
#9 C:/Users/kings/Downloads/partnership-tracker-laravel/pt-laravel/vendor/laravel/framework/src/Illuminate/Container/Util.php(43): Illuminate/Container/BoundMethod::{closure:Illuminate/Container/BoundMethod::call():35}()
#10 C:/Users/kings/Downloads/partnership-tracker-laravel/pt-laravel/vendor/laravel/framework/src/Illuminate/Container/BoundMethod.php(95): Illuminate/Container/Util::unwrapIfClosure()
#11 C:/Users/kings/Downloads/partnership-tracker-laravel/pt-laravel/vendor/laravel/framework/src/Illuminate/Container/BoundMethod.php(35): Illuminate/Container/BoundMethod::callBoundMethod()
#12 C:/Users/kings/Downloads/partnership-tracker-laravel/pt-laravel/vendor/laravel/framework/src/Illuminate/Container/Container.php(696): Illuminate/Container/BoundMethod::call()
#13 C:/Users/kings/Downloads/partnership-tracker-laravel/pt-laravel/vendor/laravel/framework/src/Illuminate/Foundation/Application.php(1151): Illuminate/Container/Container->call()
#14 C:/Users/kings/Downloads/partnership-tracker-laravel/pt-laravel/vendor/laravel/framework/src/Illuminate/Foundation/Application.php(1132): Illuminate/Foundation/Application->bootProvider()
#15 [internal function]: Illuminate/Foundation/Application->{closure:Illuminate/Foundation/Application::boot():1131}()
#16 C:/Users/kings/Downloads/partnership-tracker-laravel/pt-laravel/vendor/laravel/framework/src/Illuminate/Foundation/Application.php(1131): array_walk()
#17 C:/Users/kings/Downloads/partnership-tracker-laravel/pt-laravel/vendor/laravel/framework/src/Illuminate/Foundation/Bootstrap/BootProviders.php(17): Illuminate/Foundation/Application->boot()
#18 C:/Users/kings/Downloads/partnership-tracker-laravel/pt-laravel/vendor/laravel/framework/src/Illuminate/Foundation/Application.php(342): Illuminate/Foundation/Bootstrap/BootProviders->bootstrap()
#19 C:/Users/kings/Downloads/partnership-tracker-laravel/pt-laravel/vendor/laravel/framework/src/Illuminate/Foundation/Console/Kernel.php(474): Illuminate/Foundation/Application->bootstrapWith()
#20 C:/Users/kings/Downloads/partnership-tracker-laravel/pt-laravel/vendor/laravel/framework/src/Illuminate/Foundation/Console/Kernel.php(196): Illuminate/Foundation/Console/Kernel->bootstrap()
#21 C:/Users/kings/Downloads/partnership-tracker-laravel/pt-laravel/vendor/laravel/framework/src/Illuminate/Foundation/Application.php(1235): Illuminate/Foundation/Console/Kernel->handle()
#22 C:/Users/kings/Downloads/partnership-tracker-laravel/pt-laravel/artisan(12): Illuminate/Foundation/Application->handleCommand()
#23 {main}

[previous exception] [object] (ReflectionException(code: -1): Class \"files\" does not exist at C:/Users/kings/Downloads/partnership-tracker-laravel/pt-laravel/vendor/laravel/framework/src/Illuminate/Container/Container.php:959)
[stacktrace]
#0 C:/Users/kings/Downloads/partnership-tracker-laravel/pt-laravel/vendor/laravel/framework/src/Illuminate/Container/Container.php(959): ReflectionClass->__construct()
#1 C:/Users/kings/Downloads/partnership-tracker-laravel/pt-laravel/vendor/laravel/framework/src/Illuminate/Container/Container.php(832): Illuminate/Container/Container->build()
#2 C:/Users/kings/Downloads/partnership-tracker-laravel/pt-laravel/vendor/laravel/framework/src/Illuminate/Foundation/Application.php(1078): Illuminate/Container/Container->resolve()
#3 C:/Users/kings/Downloads/partnership-tracker-laravel/pt-laravel/vendor/laravel/framework/src/Illuminate/Container/Container.php(763): Illuminate/Foundation/Application->resolve()
#4 C:/Users/kings/Downloads/partnership-tracker-laravel/pt-laravel/vendor/laravel/framework/src/Illuminate/Foundation/Application.php(1058): Illuminate/Container/Container->make()
#5 C:/Users/kings/Downloads/partnership-tracker-laravel/pt-laravel/vendor/laravel/framework/src/Illuminate/Container/Container.php(1580): Illuminate/Foundation/Application->make()
#6 C:/Users/kings/Downloads/partnership-tracker-laravel/pt-laravel/vendor/laravel/framework/src/Illuminate/Foundation/Application.php(1325): Illuminate/Container/Container->offsetGet()
#7 C:/Users/kings/Downloads/partnership-tracker-laravel/pt-laravel/vendor/laravel/sanctum/src/SanctumServiceProvider.php(68): Illuminate/Foundation/Application->routesAreCached()
#8 C:/Users/kings/Downloads/partnership-tracker-laravel/pt-laravel/vendor/laravel/sanctum/src/SanctumServiceProvider.php(56): Laravel/Sanctum/SanctumServiceProvider->defineRoutes()
#9 C:/Users/kings/Downloads/partnership-tracker-laravel/pt-laravel/vendor/laravel/framework/src/Illuminate/Container/BoundMethod.php(36): Laravel/Sanctum/SanctumServiceProvider->boot()
#10 C:/Users/kings/Downloads/partnership-tracker-laravel/pt-laravel/vendor/laravel/framework/src/Illuminate/Container/Util.php(43): Illuminate/Container/BoundMethod::{closure:Illuminate/Container/BoundMethod::call():35}()
#11 C:/Users/kings/Downloads/partnership-tracker-laravel/pt-laravel/vendor/laravel/framework/src/Illuminate/Container/BoundMethod.php(95): Illuminate/Container/Util::unwrapIfClosure()
#12 C:/Users/kings/Downloads/partnership-tracker-laravel/pt-laravel/vendor/laravel/framework/src/Illuminate/Container/BoundMethod.php(35): Illuminate/Container/BoundMethod::callBoundMethod()
#13 C:/Users/kings/Downloads/partnership-tracker-laravel/pt-laravel/vendor/laravel/framework/src/Illuminate/Container/Container.php(696): Illuminate/Container/BoundMethod::call()
#14 C:/Users/kings/Downloads/partnership-tracker-laravel/pt-laravel/vendor/laravel/framework/src/Illuminate/Foundation/Application.php(1151): Illuminate/Container/Container->call()
#15 C:/Users/kings/Downloads/partnership-tracker-laravel/pt-laravel/vendor/laravel/framework/src/Illuminate/Foundation/Application.php(1132): Illuminate/Foundation/Application->bootProvider()
#16 [internal function]: Illuminate/Foundation/Application->{closure:Illuminate/Foundation/Application::boot():1131}()
#17 C:/Users/kings/Downloads/partnership-tracker-laravel/pt-laravel/vendor/laravel/framework/src/Illuminate/Foundation/Application.php(1131): array_walk()
#18 C:/Users/kings/Downloads/partnership-tracker-laravel/pt-laravel/vendor/laravel/framework/src/Illuminate/Foundation/Bootstrap/BootProviders.php(17): Illuminate/Foundation/Application->boot()
#19 C:/Users/kings/Downloads/partnership-tracker-laravel/pt-laravel/vendor/laravel/framework/src/Illuminate/Foundation/Application.php(342): Illuminate/Foundation/Bootstrap/BootProviders->bootstrap()
#20 C:/Users/kings/Downloads/partnership-tracker-laravel/pt-laravel/vendor/laravel/framework/src/Illuminate/Foundation/Console/Kernel.php(474): Illuminate/Foundation/Application->bootstrapWith()
#21 C:/Users/kings/Downloads/partnership-tracker-laravel/pt-laravel/vendor/laravel/framework/src/Illuminate/Foundation/Console/Kernel.php(196): Illuminate/Foundation/Console/Kernel->bootstrap()
#22 C:/Users/kings/Downloads/partnership-tracker-laravel/pt-laravel/vendor/laravel/framework/src/Illuminate/Foundation/Application.php(1235): Illuminate/Foundation/Console/Kernel->handle()
#23 C:/Users/kings/Downloads/partnership-tracker-laravel/pt-laravel/artisan(12): Illuminate/Foundation/Application->handleCommand()
#24 {main}
"} 
[2026-07-13 18:45:31] production.ERROR: Target class [files] does not exist. {"exception":"[object] (Illuminate\\Contracts\\Container\\BindingResolutionException(code: 0): Target class [files] does not exist. at C:/Users/kings/Downloads/partnership-tracker-laravel/pt-laravel/vendor/laravel/framework/src/Illuminate/Container/Container.php:961)
[stacktrace]
#0 C:/Users/kings/Downloads/partnership-tracker-laravel/pt-laravel/vendor/laravel/framework/src/Illuminate/Container/Container.php(832): Illuminate/Container/Container->build()
#1 C:/Users/kings/Downloads/partnership-tracker-laravel/pt-laravel/vendor/laravel/framework/src/Illuminate/Foundation/Application.php(1078): Illuminate/Container/Container->resolve()
#2 C:/Users/kings/Downloads/partnership-tracker-laravel/pt-laravel/vendor/laravel/framework/src/Illuminate/Container/Container.php(763): Illuminate/Foundation/Application->resolve()
#3 C:/Users/kings/Downloads/partnership-tracker-laravel/pt-laravel/vendor/laravel/framework/src/Illuminate/Foundation/Application.php(1058): Illuminate/Container/Container->make()
#4 C:/Users/kings/Downloads/partnership-tracker-laravel/pt-laravel/vendor/laravel/framework/src/Illuminate/Container/Container.php(1580): Illuminate/Foundation/Application->make()
#5 C:/Users/kings/Downloads/partnership-tracker-laravel/pt-laravel/vendor/laravel/framework/src/Illuminate/Foundation/Application.php(1325): Illuminate/Container/Container->offsetGet()
#6 C:/Users/kings/Downloads/partnership-tracker-laravel/pt-laravel/vendor/laravel/sanctum/src/SanctumServiceProvider.php(68): Illuminate/Foundation/Application->routesAreCached()
#7 C:/Users/kings/Downloads/partnership-tracker-laravel/pt-laravel/vendor/laravel/sanctum/src/SanctumServiceProvider.php(56): Laravel/Sanctum/SanctumServiceProvider->defineRoutes()
#8 C:/Users/kings/Downloads/partnership-tracker-laravel/pt-laravel/vendor/laravel/framework/src/Illuminate/Container/BoundMethod.php(36): Laravel/Sanctum/SanctumServiceProvider->boot()
#9 C:/Users/kings/Downloads/partnership-tracker-laravel/pt-laravel/vendor/laravel/framework/src/Illuminate/Container/Util.php(43): Illuminate/Container/BoundMethod::{closure:Illuminate/Container/BoundMethod::call():35}()
#10 C:/Users/kings/Downloads/partnership-tracker-laravel/pt-laravel/vendor/laravel/framework/src/Illuminate/Container/BoundMethod.php(95): Illuminate/Container/Util::unwrapIfClosure()
#11 C:/Users/kings/Downloads/partnership-tracker-laravel/pt-laravel/vendor/laravel/framework/src/Illuminate/Container/BoundMethod.php(35): Illuminate/Container/BoundMethod::callBoundMethod()
#12 C:/Users/kings/Downloads/partnership-tracker-laravel/pt-laravel/vendor/laravel/framework/src/Illuminate/Container/Container.php(696): Illuminate/Container/BoundMethod::call()
#13 C:/Users/kings/Downloads/partnership-tracker-laravel/pt-laravel/vendor/laravel/framework/src/Illuminate/Foundation/Application.php(1151): Illuminate/Container/Container->call()
#14 C:/Users/kings/Downloads/partnership-tracker-laravel/pt-laravel/vendor/laravel/framework/src/Illuminate/Foundation/Application.php(1132): Illuminate/Foundation/Application->bootProvider()
#15 [internal function]: Illuminate/Foundation/Application->{closure:Illuminate/Foundation/Application::boot():1131}()
#16 C:/Users/kings/Downloads/partnership-tracker-laravel/pt-laravel/vendor/laravel/framework/src/Illuminate/Foundation/Application.php(1131): array_walk()
#17 C:/Users/kings/Downloads/partnership-tracker-laravel/pt-laravel/vendor/laravel/framework/src/Illuminate/Foundation/Bootstrap/BootProviders.php(17): Illuminate/Foundation/Application->boot()
#18 C:/Users/kings/Downloads/partnership-tracker-laravel/pt-laravel/vendor/laravel/framework/src/Illuminate/Foundation/Application.php(342): Illuminate/Foundation/Bootstrap/BootProviders->bootstrap()
#19 C:/Users/kings/Downloads/partnership-tracker-laravel/pt-laravel/vendor/laravel/framework/src/Illuminate/Foundation/Console/Kernel.php(474): Illuminate/Foundation/Application->bootstrapWith()
#20 C:/Users/kings/Downloads/partnership-tracker-laravel/pt-laravel/vendor/laravel/framework/src/Illuminate/Foundation/Console/Kernel.php(196): Illuminate/Foundation/Console/Kernel->bootstrap()
#21 C:/Users/kings/Downloads/partnership-tracker-laravel/pt-laravel/vendor/laravel/framework/src/Illuminate/Foundation/Application.php(1235): Illuminate/Foundation/Console/Kernel->handle()
#22 C:/Users/kings/Downloads/partnership-tracker-laravel/pt-laravel/artisan(12): Illuminate/Foundation/Application->handleCommand()
#23 {main}

[previous exception] [object] (ReflectionException(code: -1): Class \"files\" does not exist at C:/Users/kings/Downloads/partnership-tracker-laravel/pt-laravel/vendor/laravel/framework/src/Illuminate/Container/Container.php:959)
[stacktrace]
#0 C:/Users/kings/Downloads/partnership-tracker-laravel/pt-laravel/vendor/laravel/framework/src/Illuminate/Container/Container.php(959): ReflectionClass->__construct()
#1 C:/Users/kings/Downloads/partnership-tracker-laravel/pt-laravel/vendor/laravel/framework/src/Illuminate/Container/Container.php(832): Illuminate/Container/Container->build()
#2 C:/Users/kings/Downloads/partnership-tracker-laravel/pt-laravel/vendor/laravel/framework/src/Illuminate/Foundation/Application.php(1078): Illuminate/Container/Container->resolve()
#3 C:/Users/kings/Downloads/partnership-tracker-laravel/pt-laravel/vendor/laravel/framework/src/Illuminate/Container/Container.php(763): Illuminate/Foundation/Application->resolve()
#4 C:/Users/kings/Downloads/partnership-tracker-laravel/pt-laravel/vendor/laravel/framework/src/Illuminate/Foundation/Application.php(1058): Illuminate/Container/Container->make()
#5 C:/Users/kings/Downloads/partnership-tracker-laravel/pt-laravel/vendor/laravel/framework/src/Illuminate/Container/Container.php(1580): Illuminate/Foundation/Application->make()
#6 C:/Users/kings/Downloads/partnership-tracker-laravel/pt-laravel/vendor/laravel/framework/src/Illuminate/Foundation/Application.php(1325): Illuminate/Container/Container->offsetGet()
#7 C:/Users/kings/Downloads/partnership-tracker-laravel/pt-laravel/vendor/laravel/sanctum/src/SanctumServiceProvider.php(68): Illuminate/Foundation/Application->routesAreCached()
#8 C:/Users/kings/Downloads/partnership-tracker-laravel/pt-laravel/vendor/laravel/sanctum/src/SanctumServiceProvider.php(56): Laravel/Sanctum/SanctumServiceProvider->defineRoutes()
#9 C:/Users/kings/Downloads/partnership-tracker-laravel/pt-laravel/vendor/laravel/framework/src/Illuminate/Container/BoundMethod.php(36): Laravel/Sanctum/SanctumServiceProvider->boot()
#10 C:/Users/kings/Downloads/partnership-tracker-laravel/pt-laravel/vendor/laravel/framework/src/Illuminate/Container/Util.php(43): Illuminate/Container/BoundMethod::{closure:Illuminate/Container/BoundMethod::call():35}()
#11 C:/Users/kings/Downloads/partnership-tracker-laravel/pt-laravel/vendor/laravel/framework/src/Illuminate/Container/BoundMethod.php(95): Illuminate/Container/Util::unwrapIfClosure()
#12 C:/Users/kings/Downloads/partnership-tracker-laravel/pt-laravel/vendor/laravel/framework/src/Illuminate/Container/BoundMethod.php(35): Illuminate/Container/BoundMethod::callBoundMethod()
#13 C:/Users/kings/Downloads/partnership-tracker-laravel/pt-laravel/vendor/laravel/framework/src/Illuminate/Container/Container.php(696): Illuminate/Container/BoundMethod::call()
#14 C:/Users/kings/Downloads/partnership-tracker-laravel/pt-laravel/vendor/laravel/framework/src/Illuminate/Foundation/Application.php(1151): Illuminate/Container/Container->call()
#15 C:/Users/kings/Downloads/partnership-tracker-laravel/pt-laravel/vendor/laravel/framework/src/Illuminate/Foundation/Application.php(1132): Illuminate/Foundation/Application->bootProvider()
#16 [internal function]: Illuminate/Foundation/Application->{closure:Illuminate/Foundation/Application::boot():1131}()
#17 C:/Users/kings/Downloads/partnership-tracker-laravel/pt-laravel/vendor/laravel/framework/src/Illuminate/Foundation/Application.php(1131): array_walk()
#18 C:/Users/kings/Downloads/partnership-tracker-laravel/pt-laravel/vendor/laravel/framework/src/Illuminate/Foundation/Bootstrap/BootProviders.php(17): Illuminate/Foundation/Application->boot()
#19 C:/Users/kings/Downloads/partnership-tracker-laravel/pt-laravel/vendor/laravel/framework/src/Illuminate/Foundation/Application.php(342): Illuminate/Foundation/Bootstrap/BootProviders->bootstrap()
#20 C:/Users/kings/Downloads/partnership-tracker-laravel/pt-laravel/vendor/laravel/framework/src/Illuminate/Foundation/Console/Kernel.php(474): Illuminate/Foundation/Application->bootstrapWith()
#21 C:/Users/kings/Downloads/partnership-tracker-laravel/pt-laravel/vendor/laravel/framework/src/Illuminate/Foundation/Console/Kernel.php(196): Illuminate/Foundation/Console/Kernel->bootstrap()
#22 C:/Users/kings/Downloads/partnership-tracker-laravel/pt-laravel/vendor/laravel/framework/src/Illuminate/Foundation/Application.php(1235): Illuminate/Foundation/Console/Kernel->handle()
#23 C:/Users/kings/Downloads/partnership-tracker-laravel/pt-laravel/artisan(12): Illuminate/Foundation/Application->handleCommand()
#24 {main}
"} 
[2026-07-13 18:46:40] production.ERROR: Target class [files] does not exist. {"exception":"[object] (Illuminate\\Contracts\\Container\\BindingResolutionException(code: 0): Target class [files] does not exist. at C:/Users/kings/Downloads/partnership-tracker-laravel/pt-laravel/vendor/laravel/framework/src/Illuminate/Container/Container.php:961)
[stacktrace]
#0 C:/Users/kings/Downloads/partnership-tracker-laravel/pt-laravel/vendor/laravel/framework/src/Illuminate/Container/Container.php(832): Illuminate/Container/Container->build()
#1 C:/Users/kings/Downloads/partnership-tracker-laravel/pt-laravel/vendor/laravel/framework/src/Illuminate/Foundation/Application.php(1078): Illuminate/Container/Container->resolve()
#2 C:/Users/kings/Downloads/partnership-tracker-laravel/pt-laravel/vendor/laravel/framework/src/Illuminate/Container/Container.php(763): Illuminate/Foundation/Application->resolve()
#3 C:/Users/kings/Downloads/partnership-tracker-laravel/pt-laravel/vendor/laravel/framework/src/Illuminate/Foundation/Application.php(1058): Illuminate/Container/Container->make()
#4 C:/Users/kings/Downloads/partnership-tracker-laravel/pt-laravel/vendor/laravel/framework/src/Illuminate/Container/Container.php(1580): Illuminate/Foundation/Application->make()
#5 C:/Users/kings/Downloads/partnership-tracker-laravel/pt-laravel/vendor/laravel/framework/src/Illuminate/Foundation/Application.php(1325): Illuminate/Container/Container->offsetGet()
#6 C:/Users/kings/Downloads/partnership-tracker-laravel/pt-laravel/vendor/laravel/sanctum/src/SanctumServiceProvider.php(68): Illuminate/Foundation/Application->routesAreCached()
#7 C:/Users/kings/Downloads/partnership-tracker-laravel/pt-laravel/vendor/laravel/sanctum/src/SanctumServiceProvider.php(56): Laravel/Sanctum/SanctumServiceProvider->defineRoutes()
#8 C:/Users/kings/Downloads/partnership-tracker-laravel/pt-laravel/vendor/laravel/framework/src/Illuminate/Container/BoundMethod.php(36): Laravel/Sanctum/SanctumServiceProvider->boot()
#9 C:/Users/kings/Downloads/partnership-tracker-laravel/pt-laravel/vendor/laravel/framework/src/Illuminate/Container/Util.php(43): Illuminate/Container/BoundMethod::{closure:Illuminate/Container/BoundMethod::call():35}()
#10 C:/Users/kings/Downloads/partnership-tracker-laravel/pt-laravel/vendor/laravel/framework/src/Illuminate/Container/BoundMethod.php(95): Illuminate/Container/Util::unwrapIfClosure()
#11 C:/Users/kings/Downloads/partnership-tracker-laravel/pt-laravel/vendor/laravel/framework/src/Illuminate/Container/BoundMethod.php(35): Illuminate/Container/BoundMethod::callBoundMethod()
#12 C:/Users/kings/Downloads/partnership-tracker-laravel/pt-laravel/vendor/laravel/framework/src/Illuminate/Container/Container.php(696): Illuminate/Container/BoundMethod::call()
#13 C:/Users/kings/Downloads/partnership-tracker-laravel/pt-laravel/vendor/laravel/framework/src/Illuminate/Foundation/Application.php(1151): Illuminate/Container/Container->call()
#14 C:/Users/kings/Downloads/partnership-tracker-laravel/pt-laravel/vendor/laravel/framework/src/Illuminate/Foundation/Application.php(1132): Illuminate/Foundation/Application->bootProvider()
#15 [internal function]: Illuminate/Foundation/Application->{closure:Illuminate/Foundation/Application::boot():1131}()
#16 C:/Users/kings/Downloads/partnership-tracker-laravel/pt-laravel/vendor/laravel/framework/src/Illuminate/Foundation/Application.php(1131): array_walk()
#17 C:/Users/kings/Downloads/partnership-tracker-laravel/pt-laravel/vendor/laravel/framework/src/Illuminate/Foundation/Bootstrap/BootProviders.php(17): Illuminate/Foundation/Application->boot()
#18 C:/Users/kings/Downloads/partnership-tracker-laravel/pt-laravel/vendor/laravel/framework/src/Illuminate/Foundation/Application.php(342): Illuminate/Foundation/Bootstrap/BootProviders->bootstrap()
#19 C:/Users/kings/Downloads/partnership-tracker-laravel/pt-laravel/vendor/laravel/framework/src/Illuminate/Foundation/Console/Kernel.php(474): Illuminate/Foundation/Application->bootstrapWith()
#20 C:/Users/kings/Downloads/partnership-tracker-laravel/pt-laravel/vendor/laravel/framework/src/Illuminate/Foundation/Console/Kernel.php(196): Illuminate/Foundation/Console/Kernel->bootstrap()
#21 C:/Users/kings/Downloads/partnership-tracker-laravel/pt-laravel/vendor/laravel/framework/src/Illuminate/Foundation/Application.php(1235): Illuminate/Foundation/Console/Kernel->handle()
#22 C:/Users/kings/Downloads/partnership-tracker-laravel/pt-laravel/artisan(12): Illuminate/Foundation/Application->handleCommand()
#23 {main}

[previous exception] [object] (ReflectionException(code: -1): Class \"files\" does not exist at C:/Users/kings/Downloads/partnership-tracker-laravel/pt-laravel/vendor/laravel/framework/src/Illuminate/Container/Container.php:959)
[stacktrace]
#0 C:/Users/kings/Downloads/partnership-tracker-laravel/pt-laravel/vendor/laravel/framework/src/Illuminate/Container/Container.php(959): ReflectionClass->__construct()
#1 C:/Users/kings/Downloads/partnership-tracker-laravel/pt-laravel/vendor/laravel/framework/src/Illuminate/Container/Container.php(832): Illuminate/Container/Container->build()
#2 C:/Users/kings/Downloads/partnership-tracker-laravel/pt-laravel/vendor/laravel/framework/src/Illuminate/Foundation/Application.php(1078): Illuminate/Container/Container->resolve()
#3 C:/Users/kings/Downloads/partnership-tracker-laravel/pt-laravel/vendor/laravel/framework/src/Illuminate/Container/Container.php(763): Illuminate/Foundation/Application->resolve()
#4 C:/Users/kings/Downloads/partnership-tracker-laravel/pt-laravel/vendor/laravel/framework/src/Illuminate/Foundation/Application.php(1058): Illuminate/Container/Container->make()
#5 C:/Users/kings/Downloads/partnership-tracker-laravel/pt-laravel/vendor/laravel/framework/src/Illuminate/Container/Container.php(1580): Illuminate/Foundation/Application->make()
#6 C:/Users/kings/Downloads/partnership-tracker-laravel/pt-laravel/vendor/laravel/framework/src/Illuminate/Foundation/Application.php(1325): Illuminate/Container/Container->offsetGet()
#7 C:/Users/kings/Downloads/partnership-tracker-laravel/pt-laravel/vendor/laravel/sanctum/src/SanctumServiceProvider.php(68): Illuminate/Foundation/Application->routesAreCached()
#8 C:/Users/kings/Downloads/partnership-tracker-laravel/pt-laravel/vendor/laravel/sanctum/src/SanctumServiceProvider.php(56): Laravel/Sanctum/SanctumServiceProvider->defineRoutes()
#9 C:/Users/kings/Downloads/partnership-tracker-laravel/pt-laravel/vendor/laravel/framework/src/Illuminate/Container/BoundMethod.php(36): Laravel/Sanctum/SanctumServiceProvider->boot()
#10 C:/Users/kings/Downloads/partnership-tracker-laravel/pt-laravel/vendor/laravel/framework/src/Illuminate/Container/Util.php(43): Illuminate/Container/BoundMethod::{closure:Illuminate/Container/BoundMethod::call():35}()
#11 C:/Users/kings/Downloads/partnership-tracker-laravel/pt-laravel/vendor/laravel/framework/src/Illuminate/Container/BoundMethod.php(95): Illuminate/Container/Util::unwrapIfClosure()
#12 C:/Users/kings/Downloads/partnership-tracker-laravel/pt-laravel/vendor/laravel/framework/src/Illuminate/Container/BoundMethod.php(35): Illuminate/Container/BoundMethod::callBoundMethod()
#13 C:/Users/kings/Downloads/partnership-tracker-laravel/pt-laravel/vendor/laravel/framework/src/Illuminate/Container/Container.php(696): Illuminate/Container/BoundMethod::call()
#14 C:/Users/kings/Downloads/partnership-tracker-laravel/pt-laravel/vendor/laravel/framework/src/Illuminate/Foundation/Application.php(1151): Illuminate/Container/Container->call()
#15 C:/Users/kings/Downloads/partnership-tracker-laravel/pt-laravel/vendor/laravel/framework/src/Illuminate/Foundation/Application.php(1132): Illuminate/Foundation/Application->bootProvider()
#16 [internal function]: Illuminate/Foundation/Application->{closure:Illuminate/Foundation/Application::boot():1131}()
#17 C:/Users/kings/Downloads/partnership-tracker-laravel/pt-laravel/vendor/laravel/framework/src/Illuminate/Foundation/Application.php(1131): array_walk()
#18 C:/Users/kings/Downloads/partnership-tracker-laravel/pt-laravel/vendor/laravel/framework/src/Illuminate/Foundation/Bootstrap/BootProviders.php(17): Illuminate/Foundation/Application->boot()
#19 C:/Users/kings/Downloads/partnership-tracker-laravel/pt-laravel/vendor/laravel/framework/src/Illuminate/Foundation/Application.php(342): Illuminate/Foundation/Bootstrap/BootProviders->bootstrap()
#20 C:/Users/kings/Downloads/partnership-tracker-laravel/pt-laravel/vendor/laravel/framework/src/Illuminate/Foundation/Console/Kernel.php(474): Illuminate/Foundation/Application->bootstrapWith()
#21 C:/Users/kings/Downloads/partnership-tracker-laravel/pt-laravel/vendor/laravel/framework/src/Illuminate/Foundation/Console/Kernel.php(196): Illuminate/Foundation/Console/Kernel->bootstrap()
#22 C:/Users/kings/Downloads/partnership-tracker-laravel/pt-laravel/vendor/laravel/framework/src/Illuminate/Foundation/Application.php(1235): Illuminate/Foundation/Console/Kernel->handle()
#23 C:/Users/kings/Downloads/partnership-tracker-laravel/pt-laravel/artisan(12): Illuminate/Foundation/Application->handleCommand()
#24 {main}
"} 
[2026-07-13 18:49:19] production.ERROR: Target class [files] does not exist. {"exception":"[object] (Illuminate\\Contracts\\Container\\BindingResolutionException(code: 0): Target class [files] does not exist. at C:/Users/kings/Downloads/partnership-tracker-laravel/pt-laravel/vendor/laravel/framework/src/Illuminate/Container/Container.php:961)
[stacktrace]
#0 C:/Users/kings/Downloads/partnership-tracker-laravel/pt-laravel/vendor/laravel/framework/src/Illuminate/Container/Container.php(832): Illuminate/Container/Container->build()
#1 C:/Users/kings/Downloads/partnership-tracker-laravel/pt-laravel/vendor/laravel/framework/src/Illuminate/Foundation/Application.php(1078): Illuminate/Container/Container->resolve()
#2 C:/Users/kings/Downloads/partnership-tracker-laravel/pt-laravel/vendor/laravel/framework/src/Illuminate/Container/Container.php(763): Illuminate/Foundation/Application->resolve()
#3 C:/Users/kings/Downloads/partnership-tracker-laravel/pt-laravel/vendor/laravel/framework/src/Illuminate/Foundation/Application.php(1058): Illuminate/Container/Container->make()
#4 C:/Users/kings/Downloads/partnership-tracker-laravel/pt-laravel/vendor/laravel/framework/src/Illuminate/Container/Container.php(1580): Illuminate/Foundation/Application->make()
#5 C:/Users/kings/Downloads/partnership-tracker-laravel/pt-laravel/vendor/laravel/framework/src/Illuminate/Foundation/Application.php(1325): Illuminate/Container/Container->offsetGet()
#6 C:/Users/kings/Downloads/partnership-tracker-laravel/pt-laravel/vendor/laravel/sanctum/src/SanctumServiceProvider.php(68): Illuminate/Foundation/Application->routesAreCached()
#7 C:/Users/kings/Downloads/partnership-tracker-laravel/pt-laravel/vendor/laravel/sanctum/src/SanctumServiceProvider.php(56): Laravel/Sanctum/SanctumServiceProvider->defineRoutes()
#8 C:/Users/kings/Downloads/partnership-tracker-laravel/pt-laravel/vendor/laravel/framework/src/Illuminate/Container/BoundMethod.php(36): Laravel/Sanctum/SanctumServiceProvider->boot()
#9 C:/Users/kings/Downloads/partnership-tracker-laravel/pt-laravel/vendor/laravel/framework/src/Illuminate/Container/Util.php(43): Illuminate/Container/BoundMethod::{closure:Illuminate/Container/BoundMethod::call():35}()
#10 C:/Users/kings/Downloads/partnership-tracker-laravel/pt-laravel/vendor/laravel/framework/src/Illuminate/Container/BoundMethod.php(95): Illuminate/Container/Util::unwrapIfClosure()
#11 C:/Users/kings/Downloads/partnership-tracker-laravel/pt-laravel/vendor/laravel/framework/src/Illuminate/Container/BoundMethod.php(35): Illuminate/Container/BoundMethod::callBoundMethod()
#12 C:/Users/kings/Downloads/partnership-tracker-laravel/pt-laravel/vendor/laravel/framework/src/Illuminate/Container/Container.php(696): Illuminate/Container/BoundMethod::call()
#13 C:/Users/kings/Downloads/partnership-tracker-laravel/pt-laravel/vendor/laravel/framework/src/Illuminate/Foundation/Application.php(1151): Illuminate/Container/Container->call()
#14 C:/Users/kings/Downloads/partnership-tracker-laravel/pt-laravel/vendor/laravel/framework/src/Illuminate/Foundation/Application.php(1132): Illuminate/Foundation/Application->bootProvider()
#15 [internal function]: Illuminate/Foundation/Application->{closure:Illuminate/Foundation/Application::boot():1131}()
#16 C:/Users/kings/Downloads/partnership-tracker-laravel/pt-laravel/vendor/laravel/framework/src/Illuminate/Foundation/Application.php(1131): array_walk()
#17 C:/Users/kings/Downloads/partnership-tracker-laravel/pt-laravel/vendor/laravel/framework/src/Illuminate/Foundation/Bootstrap/BootProviders.php(17): Illuminate/Foundation/Application->boot()
#18 C:/Users/kings/Downloads/partnership-tracker-laravel/pt-laravel/vendor/laravel/framework/src/Illuminate/Foundation/Application.php(342): Illuminate/Foundation/Bootstrap/BootProviders->bootstrap()
#19 C:/Users/kings/Downloads/partnership-tracker-laravel/pt-laravel/vendor/laravel/framework/src/Illuminate/Foundation/Console/Kernel.php(474): Illuminate/Foundation/Application->bootstrapWith()
#20 C:/Users/kings/Downloads/partnership-tracker-laravel/pt-laravel/vendor/laravel/framework/src/Illuminate/Foundation/Console/Kernel.php(196): Illuminate/Foundation/Console/Kernel->bootstrap()
#21 Command line code(1): Illuminate/Foundation/Console/Kernel->handle()
#22 {main}

[previous exception] [object] (ReflectionException(code: -1): Class \"files\" does not exist at C:/Users/kings/Downloads/partnership-tracker-laravel/pt-laravel/vendor/laravel/framework/src/Illuminate/Container/Container.php:959)
[stacktrace]
#0 C:/Users/kings/Downloads/partnership-tracker-laravel/pt-laravel/vendor/laravel/framework/src/Illuminate/Container/Container.php(959): ReflectionClass->__construct()
#1 C:/Users/kings/Downloads/partnership-tracker-laravel/pt-laravel/vendor/laravel/framework/src/Illuminate/Container/Container.php(832): Illuminate/Container/Container->build()
#2 C:/Users/kings/Downloads/partnership-tracker-laravel/pt-laravel/vendor/laravel/framework/src/Illuminate/Foundation/Application.php(1078): Illuminate/Container/Container->resolve()
#3 C:/Users/kings/Downloads/partnership-tracker-laravel/pt-laravel/vendor/laravel/framework/src/Illuminate/Container/Container.php(763): Illuminate/Foundation/Application->resolve()
#4 C:/Users/kings/Downloads/partnership-tracker-laravel/pt-laravel/vendor/laravel/framework/src/Illuminate/Foundation/Application.php(1058): Illuminate/Container/Container->make()
#5 C:/Users/kings/Downloads/partnership-tracker-laravel/pt-laravel/vendor/laravel/framework/src/Illuminate/Container/Container.php(1580): Illuminate/Foundation/Application->make()
#6 C:/Users/kings/Downloads/partnership-tracker-laravel/pt-laravel/vendor/laravel/framework/src/Illuminate/Foundation/Application.php(1325): Illuminate/Container/Container->offsetGet()
#7 C:/Users/kings/Downloads/partnership-tracker-laravel/pt-laravel/vendor/laravel/sanctum/src/SanctumServiceProvider.php(68): Illuminate/Foundation/Application->routesAreCached()
#8 C:/Users/kings/Downloads/partnership-tracker-laravel/pt-laravel/vendor/laravel/sanctum/src/SanctumServiceProvider.php(56): Laravel/Sanctum/SanctumServiceProvider->defineRoutes()
#9 C:/Users/kings/Downloads/partnership-tracker-laravel/pt-laravel/vendor/laravel/framework/src/Illuminate/Container/BoundMethod.php(36): Laravel/Sanctum/SanctumServiceProvider->boot()
#10 C:/Users/kings/Downloads/partnership-tracker-laravel/pt-laravel/vendor/laravel/framework/src/Illuminate/Container/Util.php(43): Illuminate/Container/BoundMethod::{closure:Illuminate/Container/BoundMethod::call():35}()
#11 C:/Users/kings/Downloads/partnership-tracker-laravel/pt-laravel/vendor/laravel/framework/src/Illuminate/Container/BoundMethod.php(95): Illuminate/Container/Util::unwrapIfClosure()
#12 C:/Users/kings/Downloads/partnership-tracker-laravel/pt-laravel/vendor/laravel/framework/src/Illuminate/Container/BoundMethod.php(35): Illuminate/Container/BoundMethod::callBoundMethod()
#13 C:/Users/kings/Downloads/partnership-tracker-laravel/pt-laravel/vendor/laravel/framework/src/Illuminate/Container/Container.php(696): Illuminate/Container/BoundMethod::call()
#14 C:/Users/kings/Downloads/partnership-tracker-laravel/pt-laravel/vendor/laravel/framework/src/Illuminate/Foundation/Application.php(1151): Illuminate/Container/Container->call()
#15 C:/Users/kings/Downloads/partnership-tracker-laravel/pt-laravel/vendor/laravel/framework/src/Illuminate/Foundation/Application.php(1132): Illuminate/Foundation/Application->bootProvider()
#16 [internal function]: Illuminate/Foundation/Application->{closure:Illuminate/Foundation/Application::boot():1131}()
#17 C:/Users/kings/Downloads/partnership-tracker-laravel/pt-laravel/vendor/laravel/framework/src/Illuminate/Foundation/Application.php(1131): array_walk()
#18 C:/Users/kings/Downloads/partnership-tracker-laravel/pt-laravel/vendor/laravel/framework/src/Illuminate/Foundation/Bootstrap/BootProviders.php(17): Illuminate/Foundation/Application->boot()
#19 C:/Users/kings/Downloads/partnership-tracker-laravel/pt-laravel/vendor/laravel/framework/src/Illuminate/Foundation/Application.php(342): Illuminate/Foundation/Bootstrap/BootProviders->bootstrap()
#20 C:/Users/kings/Downloads/partnership-tracker-laravel/pt-laravel/vendor/laravel/framework/src/Illuminate/Foundation/Console/Kernel.php(474): Illuminate/Foundation/Application->bootstrapWith()
#21 C:/Users/kings/Downloads/partnership-tracker-laravel/pt-laravel/vendor/laravel/framework/src/Illuminate/Foundation/Console/Kernel.php(196): Illuminate/Foundation/Console/Kernel->bootstrap()
#22 Command line code(1): Illuminate/Foundation/Console/Kernel->handle()
#23 {main}
"} 
[2026-07-13 18:49:19] production.ERROR: Target class [files] does not exist. {"exception":"[object] (Illuminate\\Contracts\\Container\\BindingResolutionException(code: 0): Target class [files] does not exist. at C:/Users/kings/Downloads/partnership-tracker-laravel/pt-laravel/vendor/laravel/framework/src/Illuminate/Container/Container.php:961)
[stacktrace]
#0 C:/Users/kings/Downloads/partnership-tracker-laravel/pt-laravel/vendor/laravel/framework/src/Illuminate/Container/Container.php(832): Illuminate/Container/Container->build()
#1 C:/Users/kings/Downloads/partnership-tracker-laravel/pt-laravel/vendor/laravel/framework/src/Illuminate/Foundation/Application.php(1078): Illuminate/Container/Container->resolve()
#2 C:/Users/kings/Downloads/partnership-tracker-laravel/pt-laravel/vendor/laravel/framework/src/Illuminate/Container/Container.php(763): Illuminate/Foundation/Application->resolve()
#3 C:/Users/kings/Downloads/partnership-tracker-laravel/pt-laravel/vendor/laravel/framework/src/Illuminate/Foundation/Application.php(1058): Illuminate/Container/Container->make()
#4 C:/Users/kings/Downloads/partnership-tracker-laravel/pt-laravel/vendor/laravel/framework/src/Illuminate/Container/Container.php(1580): Illuminate/Foundation/Application->make()
#5 C:/Users/kings/Downloads/partnership-tracker-laravel/pt-laravel/vendor/laravel/framework/src/Illuminate/Foundation/Application.php(1325): Illuminate/Container/Container->offsetGet()
#6 C:/Users/kings/Downloads/partnership-tracker-laravel/pt-laravel/vendor/laravel/sanctum/src/SanctumServiceProvider.php(68): Illuminate/Foundation/Application->routesAreCached()
#7 C:/Users/kings/Downloads/partnership-tracker-laravel/pt-laravel/vendor/laravel/sanctum/src/SanctumServiceProvider.php(56): Laravel/Sanctum/SanctumServiceProvider->defineRoutes()
#8 C:/Users/kings/Downloads/partnership-tracker-laravel/pt-laravel/vendor/laravel/framework/src/Illuminate/Container/BoundMethod.php(36): Laravel/Sanctum/SanctumServiceProvider->boot()
#9 C:/Users/kings/Downloads/partnership-tracker-laravel/pt-laravel/vendor/laravel/framework/src/Illuminate/Container/Util.php(43): Illuminate/Container/BoundMethod::{closure:Illuminate/Container/BoundMethod::call():35}()
#10 C:/Users/kings/Downloads/partnership-tracker-laravel/pt-laravel/vendor/laravel/framework/src/Illuminate/Container/BoundMethod.php(95): Illuminate/Container/Util::unwrapIfClosure()
#11 C:/Users/kings/Downloads/partnership-tracker-laravel/pt-laravel/vendor/laravel/framework/src/Illuminate/Container/BoundMethod.php(35): Illuminate/Container/BoundMethod::callBoundMethod()
#12 C:/Users/kings/Downloads/partnership-tracker-laravel/pt-laravel/vendor/laravel/framework/src/Illuminate/Container/Container.php(696): Illuminate/Container/BoundMethod::call()
#13 C:/Users/kings/Downloads/partnership-tracker-laravel/pt-laravel/vendor/laravel/framework/src/Illuminate/Foundation/Application.php(1151): Illuminate/Container/Container->call()
#14 C:/Users/kings/Downloads/partnership-tracker-laravel/pt-laravel/vendor/laravel/framework/src/Illuminate/Foundation/Application.php(1132): Illuminate/Foundation/Application->bootProvider()
#15 [internal function]: Illuminate/Foundation/Application->{closure:Illuminate/Foundation/Application::boot():1131}()
#16 C:/Users/kings/Downloads/partnership-tracker-laravel/pt-laravel/vendor/laravel/framework/src/Illuminate/Foundation/Application.php(1131): array_walk()
#17 C:/Users/kings/Downloads/partnership-tracker-laravel/pt-laravel/vendor/laravel/framework/src/Illuminate/Foundation/Bootstrap/BootProviders.php(17): Illuminate/Foundation/Application->boot()
#18 C:/Users/kings/Downloads/partnership-tracker-laravel/pt-laravel/vendor/laravel/framework/src/Illuminate/Foundation/Application.php(342): Illuminate/Foundation/Bootstrap/BootProviders->bootstrap()
#19 C:/Users/kings/Downloads/partnership-tracker-laravel/pt-laravel/vendor/laravel/framework/src/Illuminate/Foundation/Console/Kernel.php(474): Illuminate/Foundation/Application->bootstrapWith()
#20 C:/Users/kings/Downloads/partnership-tracker-laravel/pt-laravel/vendor/laravel/framework/src/Illuminate/Foundation/Console/Kernel.php(196): Illuminate/Foundation/Console/Kernel->bootstrap()
#21 Command line code(1): Illuminate/Foundation/Console/Kernel->handle()
#22 {main}

[previous exception] [object] (ReflectionException(code: -1): Class \"files\" does not exist at C:/Users/kings/Downloads/partnership-tracker-laravel/pt-laravel/vendor/laravel/framework/src/Illuminate/Container/Container.php:959)
[stacktrace]
#0 C:/Users/kings/Downloads/partnership-tracker-laravel/pt-laravel/vendor/laravel/framework/src/Illuminate/Container/Container.php(959): ReflectionClass->__construct()
#1 C:/Users/kings/Downloads/partnership-tracker-laravel/pt-laravel/vendor/laravel/framework/src/Illuminate/Container/Container.php(832): Illuminate/Container/Container->build()
#2 C:/Users/kings/Downloads/partnership-tracker-laravel/pt-laravel/vendor/laravel/framework/src/Illuminate/Foundation/Application.php(1078): Illuminate/Container/Container->resolve()
#3 C:/Users/kings/Downloads/partnership-tracker-laravel/pt-laravel/vendor/laravel/framework/src/Illuminate/Container/Container.php(763): Illuminate/Foundation/Application->resolve()
#4 C:/Users/kings/Downloads/partnership-tracker-laravel/pt-laravel/vendor/laravel/framework/src/Illuminate/Foundation/Application.php(1058): Illuminate/Container/Container->make()
#5 C:/Users/kings/Downloads/partnership-tracker-laravel/pt-laravel/vendor/laravel/framework/src/Illuminate/Container/Container.php(1580): Illuminate/Foundation/Application->make()
#6 C:/Users/kings/Downloads/partnership-tracker-laravel/pt-laravel/vendor/laravel/framework/src/Illuminate/Foundation/Application.php(1325): Illuminate/Container/Container->offsetGet()
#7 C:/Users/kings/Downloads/partnership-tracker-laravel/pt-laravel/vendor/laravel/sanctum/src/SanctumServiceProvider.php(68): Illuminate/Foundation/Application->routesAreCached()
#8 C:/Users/kings/Downloads/partnership-tracker-laravel/pt-laravel/vendor/laravel/sanctum/src/SanctumServiceProvider.php(56): Laravel/Sanctum/SanctumServiceProvider->defineRoutes()
#9 C:/Users/kings/Downloads/partnership-tracker-laravel/pt-laravel/vendor/laravel/framework/src/Illuminate/Container/BoundMethod.php(36): Laravel/Sanctum/SanctumServiceProvider->boot()
#10 C:/Users/kings/Downloads/partnership-tracker-laravel/pt-laravel/vendor/laravel/framework/src/Illuminate/Container/Util.php(43): Illuminate/Container/BoundMethod::{closure:Illuminate/Container/BoundMethod::call():35}()
#11 C:/Users/kings/Downloads/partnership-tracker-laravel/pt-laravel/vendor/laravel/framework/src/Illuminate/Container/BoundMethod.php(95): Illuminate/Container/Util::unwrapIfClosure()
#12 C:/Users/kings/Downloads/partnership-tracker-laravel/pt-laravel/vendor/laravel/framework/src/Illuminate/Container/BoundMethod.php(35): Illuminate/Container/BoundMethod::callBoundMethod()
#13 C:/Users/kings/Downloads/partnership-tracker-laravel/pt-laravel/vendor/laravel/framework/src/Illuminate/Container/Container.php(696): Illuminate/Container/BoundMethod::call()
#14 C:/Users/kings/Downloads/partnership-tracker-laravel/pt-laravel/vendor/laravel/framework/src/Illuminate/Foundation/Application.php(1151): Illuminate/Container/Container->call()
#15 C:/Users/kings/Downloads/partnership-tracker-laravel/pt-laravel/vendor/laravel/framework/src/Illuminate/Foundation/Application.php(1132): Illuminate/Foundation/Application->bootProvider()
#16 [internal function]: Illuminate/Foundation/Application->{closure:Illuminate/Foundation/Application::boot():1131}()
#17 C:/Users/kings/Downloads/partnership-tracker-laravel/pt-laravel/vendor/laravel/framework/src/Illuminate/Foundation/Application.php(1131): array_walk()
#18 C:/Users/kings/Downloads/partnership-tracker-laravel/pt-laravel/vendor/laravel/framework/src/Illuminate/Foundation/Bootstrap/BootProviders.php(17): Illuminate/Foundation/Application->boot()
#19 C:/Users/kings/Downloads/partnership-tracker-laravel/pt-laravel/vendor/laravel/framework/src/Illuminate/Foundation/Application.php(342): Illuminate/Foundation/Bootstrap/BootProviders->bootstrap()
#20 C:/Users/kings/Downloads/partnership-tracker-laravel/pt-laravel/vendor/laravel/framework/src/Illuminate/Foundation/Console/Kernel.php(474): Illuminate/Foundation/Application->bootstrapWith()
#21 C:/Users/kings/Downloads/partnership-tracker-laravel/pt-laravel/vendor/laravel/framework/src/Illuminate/Foundation/Console/Kernel.php(196): Illuminate/Foundation/Console/Kernel->bootstrap()
#22 Command line code(1): Illuminate/Foundation/Console/Kernel->handle()
#23 {main}
"} 
[2026-07-13 18:49:19] production.ERROR: Target class [files] does not exist. {"exception":"[object] (Illuminate\\Contracts\\Container\\BindingResolutionException(code: 0): Target class [files] does not exist. at C:/Users/kings/Downloads/partnership-tracker-laravel/pt-laravel/vendor/laravel/framework/src/Illuminate/Container/Container.php:961)
[stacktrace]
#0 C:/Users/kings/Downloads/partnership-tracker-laravel/pt-laravel/vendor/laravel/framework/src/Illuminate/Container/Container.php(832): Illuminate/Container/Container->build()
#1 C:/Users/kings/Downloads/partnership-tracker-laravel/pt-laravel/vendor/laravel/framework/src/Illuminate/Foundation/Application.php(1078): Illuminate/Container/Container->resolve()
#2 C:/Users/kings/Downloads/partnership-tracker-laravel/pt-laravel/vendor/laravel/framework/src/Illuminate/Container/Container.php(763): Illuminate/Foundation/Application->resolve()
#3 C:/Users/kings/Downloads/partnership-tracker-laravel/pt-laravel/vendor/laravel/framework/src/Illuminate/Foundation/Application.php(1058): Illuminate/Container/Container->make()
#4 C:/Users/kings/Downloads/partnership-tracker-laravel/pt-laravel/vendor/laravel/framework/src/Illuminate/Container/Container.php(1580): Illuminate/Foundation/Application->make()
#5 C:/Users/kings/Downloads/partnership-tracker-laravel/pt-laravel/vendor/laravel/framework/src/Illuminate/Foundation/Application.php(1325): Illuminate/Container/Container->offsetGet()
#6 C:/Users/kings/Downloads/partnership-tracker-laravel/pt-laravel/vendor/laravel/sanctum/src/SanctumServiceProvider.php(68): Illuminate/Foundation/Application->routesAreCached()
#7 C:/Users/kings/Downloads/partnership-tracker-laravel/pt-laravel/vendor/laravel/sanctum/src/SanctumServiceProvider.php(56): Laravel/Sanctum/SanctumServiceProvider->defineRoutes()
#8 C:/Users/kings/Downloads/partnership-tracker-laravel/pt-laravel/vendor/laravel/framework/src/Illuminate/Container/BoundMethod.php(36): Laravel/Sanctum/SanctumServiceProvider->boot()
#9 C:/Users/kings/Downloads/partnership-tracker-laravel/pt-laravel/vendor/laravel/framework/src/Illuminate/Container/Util.php(43): Illuminate/Container/BoundMethod::{closure:Illuminate/Container/BoundMethod::call():35}()
#10 C:/Users/kings/Downloads/partnership-tracker-laravel/pt-laravel/vendor/laravel/framework/src/Illuminate/Container/BoundMethod.php(95): Illuminate/Container/Util::unwrapIfClosure()
#11 C:/Users/kings/Downloads/partnership-tracker-laravel/pt-laravel/vendor/laravel/framework/src/Illuminate/Container/BoundMethod.php(35): Illuminate/Container/BoundMethod::callBoundMethod()
#12 C:/Users/kings/Downloads/partnership-tracker-laravel/pt-laravel/vendor/laravel/framework/src/Illuminate/Container/Container.php(696): Illuminate/Container/BoundMethod::call()
#13 C:/Users/kings/Downloads/partnership-tracker-laravel/pt-laravel/vendor/laravel/framework/src/Illuminate/Foundation/Application.php(1151): Illuminate/Container/Container->call()
#14 C:/Users/kings/Downloads/partnership-tracker-laravel/pt-laravel/vendor/laravel/framework/src/Illuminate/Foundation/Application.php(1132): Illuminate/Foundation/Application->bootProvider()
#15 [internal function]: Illuminate/Foundation/Application->{closure:Illuminate/Foundation/Application::boot():1131}()
#16 C:/Users/kings/Downloads/partnership-tracker-laravel/pt-laravel/vendor/laravel/framework/src/Illuminate/Foundation/Application.php(1131): array_walk()
#17 C:/Users/kings/Downloads/partnership-tracker-laravel/pt-laravel/vendor/laravel/framework/src/Illuminate/Foundation/Bootstrap/BootProviders.php(17): Illuminate/Foundation/Application->boot()
#18 C:/Users/kings/Downloads/partnership-tracker-laravel/pt-laravel/vendor/laravel/framework/src/Illuminate/Foundation/Application.php(342): Illuminate/Foundation/Bootstrap/BootProviders->bootstrap()
#19 C:/Users/kings/Downloads/partnership-tracker-laravel/pt-laravel/vendor/laravel/framework/src/Illuminate/Foundation/Console/Kernel.php(474): Illuminate/Foundation/Application->bootstrapWith()
#20 C:/Users/kings/Downloads/partnership-tracker-laravel/pt-laravel/vendor/laravel/framework/src/Illuminate/Foundation/Console/Kernel.php(196): Illuminate/Foundation/Console/Kernel->bootstrap()
#21 Command line code(1): Illuminate/Foundation/Console/Kernel->handle()
#22 {main}

[previous exception] [object] (ReflectionException(code: -1): Class \"files\" does not exist at C:/Users/kings/Downloads/partnership-tracker-laravel/pt-laravel/vendor/laravel/framework/src/Illuminate/Container/Container.php:959)
[stacktrace]
#0 C:/Users/kings/Downloads/partnership-tracker-laravel/pt-laravel/vendor/laravel/framework/src/Illuminate/Container/Container.php(959): ReflectionClass->__construct()
#1 C:/Users/kings/Downloads/partnership-tracker-laravel/pt-laravel/vendor/laravel/framework/src/Illuminate/Container/Container.php(832): Illuminate/Container/Container->build()
#2 C:/Users/kings/Downloads/partnership-tracker-laravel/pt-laravel/vendor/laravel/framework/src/Illuminate/Foundation/Application.php(1078): Illuminate/Container/Container->resolve()
#3 C:/Users/kings/Downloads/partnership-tracker-laravel/pt-laravel/vendor/laravel/framework/src/Illuminate/Container/Container.php(763): Illuminate/Foundation/Application->resolve()
#4 C:/Users/kings/Downloads/partnership-tracker-laravel/pt-laravel/vendor/laravel/framework/src/Illuminate/Foundation/Application.php(1058): Illuminate/Container/Container->make()
#5 C:/Users/kings/Downloads/partnership-tracker-laravel/pt-laravel/vendor/laravel/framework/src/Illuminate/Container/Container.php(1580): Illuminate/Foundation/Application->make()
#6 C:/Users/kings/Downloads/partnership-tracker-laravel/pt-laravel/vendor/laravel/framework/src/Illuminate/Foundation/Application.php(1325): Illuminate/Container/Container->offsetGet()
#7 C:/Users/kings/Downloads/partnership-tracker-laravel/pt-laravel/vendor/laravel/sanctum/src/SanctumServiceProvider.php(68): Illuminate/Foundation/Application->routesAreCached()
#8 C:/Users/kings/Downloads/partnership-tracker-laravel/pt-laravel/vendor/laravel/sanctum/src/SanctumServiceProvider.php(56): Laravel/Sanctum/SanctumServiceProvider->defineRoutes()
#9 C:/Users/kings/Downloads/partnership-tracker-laravel/pt-laravel/vendor/laravel/framework/src/Illuminate/Container/BoundMethod.php(36): Laravel/Sanctum/SanctumServiceProvider->boot()
#10 C:/Users/kings/Downloads/partnership-tracker-laravel/pt-laravel/vendor/laravel/framework/src/Illuminate/Container/Util.php(43): Illuminate/Container/BoundMethod::{closure:Illuminate/Container/BoundMethod::call():35}()
#11 C:/Users/kings/Downloads/partnership-tracker-laravel/pt-laravel/vendor/laravel/framework/src/Illuminate/Container/BoundMethod.php(95): Illuminate/Container/Util::unwrapIfClosure()
#12 C:/Users/kings/Downloads/partnership-tracker-laravel/pt-laravel/vendor/laravel/framework/src/Illuminate/Container/BoundMethod.php(35): Illuminate/Container/BoundMethod::callBoundMethod()
#13 C:/Users/kings/Downloads/partnership-tracker-laravel/pt-laravel/vendor/laravel/framework/src/Illuminate/Container/Container.php(696): Illuminate/Container/BoundMethod::call()
#14 C:/Users/kings/Downloads/partnership-tracker-laravel/pt-laravel/vendor/laravel/framework/src/Illuminate/Foundation/Application.php(1151): Illuminate/Container/Container->call()
#15 C:/Users/kings/Downloads/partnership-tracker-laravel/pt-laravel/vendor/laravel/framework/src/Illuminate/Foundation/Application.php(1132): Illuminate/Foundation/Application->bootProvider()
#16 [internal function]: Illuminate/Foundation/Application->{closure:Illuminate/Foundation/Application::boot():1131}()
#17 C:/Users/kings/Downloads/partnership-tracker-laravel/pt-laravel/vendor/laravel/framework/src/Illuminate/Foundation/Application.php(1131): array_walk()
#18 C:/Users/kings/Downloads/partnership-tracker-laravel/pt-laravel/vendor/laravel/framework/src/Illuminate/Foundation/Bootstrap/BootProviders.php(17): Illuminate/Foundation/Application->boot()
#19 C:/Users/kings/Downloads/partnership-tracker-laravel/pt-laravel/vendor/laravel/framework/src/Illuminate/Foundation/Application.php(342): Illuminate/Foundation/Bootstrap/BootProviders->bootstrap()
#20 C:/Users/kings/Downloads/partnership-tracker-laravel/pt-laravel/vendor/laravel/framework/src/Illuminate/Foundation/Console/Kernel.php(474): Illuminate/Foundation/Application->bootstrapWith()
#21 C:/Users/kings/Downloads/partnership-tracker-laravel/pt-laravel/vendor/laravel/framework/src/Illuminate/Foundation/Console/Kernel.php(196): Illuminate/Foundation/Console/Kernel->bootstrap()
#22 Command line code(1): Illuminate/Foundation/Console/Kernel->handle()
#23 {main}
"} 
[2026-07-13 18:49:19] production.ERROR: Target class [files] does not exist. {"exception":"[object] (Illuminate\\Contracts\\Container\\BindingResolutionException(code: 0): Target class [files] does not exist. at C:/Users/kings/Downloads/partnership-tracker-laravel/pt-laravel/vendor/laravel/framework/src/Illuminate/Container/Container.php:961)
[stacktrace]
#0 C:/Users/kings/Downloads/partnership-tracker-laravel/pt-laravel/vendor/laravel/framework/src/Illuminate/Container/Container.php(832): Illuminate/Container/Container->build()
#1 C:/Users/kings/Downloads/partnership-tracker-laravel/pt-laravel/vendor/laravel/framework/src/Illuminate/Foundation/Application.php(1078): Illuminate/Container/Container->resolve()
#2 C:/Users/kings/Downloads/partnership-tracker-laravel/pt-laravel/vendor/laravel/framework/src/Illuminate/Container/Container.php(763): Illuminate/Foundation/Application->resolve()
#3 C:/Users/kings/Downloads/partnership-tracker-laravel/pt-laravel/vendor/laravel/framework/src/Illuminate/Foundation/Application.php(1058): Illuminate/Container/Container->make()
#4 C:/Users/kings/Downloads/partnership-tracker-laravel/pt-laravel/vendor/laravel/framework/src/Illuminate/Container/Container.php(1580): Illuminate/Foundation/Application->make()
#5 C:/Users/kings/Downloads/partnership-tracker-laravel/pt-laravel/vendor/laravel/framework/src/Illuminate/Foundation/Application.php(1325): Illuminate/Container/Container->offsetGet()
#6 C:/Users/kings/Downloads/partnership-tracker-laravel/pt-laravel/vendor/laravel/sanctum/src/SanctumServiceProvider.php(68): Illuminate/Foundation/Application->routesAreCached()
#7 C:/Users/kings/Downloads/partnership-tracker-laravel/pt-laravel/vendor/laravel/sanctum/src/SanctumServiceProvider.php(56): Laravel/Sanctum/SanctumServiceProvider->defineRoutes()
#8 C:/Users/kings/Downloads/partnership-tracker-laravel/pt-laravel/vendor/laravel/framework/src/Illuminate/Container/BoundMethod.php(36): Laravel/Sanctum/SanctumServiceProvider->boot()
#9 C:/Users/kings/Downloads/partnership-tracker-laravel/pt-laravel/vendor/laravel/framework/src/Illuminate/Container/Util.php(43): Illuminate/Container/BoundMethod::{closure:Illuminate/Container/BoundMethod::call():35}()
#10 C:/Users/kings/Downloads/partnership-tracker-laravel/pt-laravel/vendor/laravel/framework/src/Illuminate/Container/BoundMethod.php(95): Illuminate/Container/Util::unwrapIfClosure()
#11 C:/Users/kings/Downloads/partnership-tracker-laravel/pt-laravel/vendor/laravel/framework/src/Illuminate/Container/BoundMethod.php(35): Illuminate/Container/BoundMethod::callBoundMethod()
#12 C:/Users/kings/Downloads/partnership-tracker-laravel/pt-laravel/vendor/laravel/framework/src/Illuminate/Container/Container.php(696): Illuminate/Container/BoundMethod::call()
#13 C:/Users/kings/Downloads/partnership-tracker-laravel/pt-laravel/vendor/laravel/framework/src/Illuminate/Foundation/Application.php(1151): Illuminate/Container/Container->call()
#14 C:/Users/kings/Downloads/partnership-tracker-laravel/pt-laravel/vendor/laravel/framework/src/Illuminate/Foundation/Application.php(1132): Illuminate/Foundation/Application->bootProvider()
#15 [internal function]: Illuminate/Foundation/Application->{closure:Illuminate/Foundation/Application::boot():1131}()
#16 C:/Users/kings/Downloads/partnership-tracker-laravel/pt-laravel/vendor/laravel/framework/src/Illuminate/Foundation/Application.php(1131): array_walk()
#17 C:/Users/kings/Downloads/partnership-tracker-laravel/pt-laravel/vendor/laravel/framework/src/Illuminate/Foundation/Bootstrap/BootProviders.php(17): Illuminate/Foundation/Application->boot()
#18 C:/Users/kings/Downloads/partnership-tracker-laravel/pt-laravel/vendor/laravel/framework/src/Illuminate/Foundation/Application.php(342): Illuminate/Foundation/Bootstrap/BootProviders->bootstrap()
#19 C:/Users/kings/Downloads/partnership-tracker-laravel/pt-laravel/vendor/laravel/framework/src/Illuminate/Foundation/Console/Kernel.php(474): Illuminate/Foundation/Application->bootstrapWith()
#20 C:/Users/kings/Downloads/partnership-tracker-laravel/pt-laravel/vendor/laravel/framework/src/Illuminate/Foundation/Console/Kernel.php(196): Illuminate/Foundation/Console/Kernel->bootstrap()
#21 Command line code(1): Illuminate/Foundation/Console/Kernel->handle()
#22 {main}

[previous exception] [object] (ReflectionException(code: -1): Class \"files\" does not exist at C:/Users/kings/Downloads/partnership-tracker-laravel/pt-laravel/vendor/laravel/framework/src/Illuminate/Container/Container.php:959)
[stacktrace]
#0 C:/Users/kings/Downloads/partnership-tracker-laravel/pt-laravel/vendor/laravel/framework/src/Illuminate/Container/Container.php(959): ReflectionClass->__construct()
#1 C:/Users/kings/Downloads/partnership-tracker-laravel/pt-laravel/vendor/laravel/framework/src/Illuminate/Container/Container.php(832): Illuminate/Container/Container->build()
#2 C:/Users/kings/Downloads/partnership-tracker-laravel/pt-laravel/vendor/laravel/framework/src/Illuminate/Foundation/Application.php(1078): Illuminate/Container/Container->resolve()
#3 C:/Users/kings/Downloads/partnership-tracker-laravel/pt-laravel/vendor/laravel/framework/src/Illuminate/Container/Container.php(763): Illuminate/Foundation/Application->resolve()
#4 C:/Users/kings/Downloads/partnership-tracker-laravel/pt-laravel/vendor/laravel/framework/src/Illuminate/Foundation/Application.php(1058): Illuminate/Container/Container->make()
#5 C:/Users/kings/Downloads/partnership-tracker-laravel/pt-laravel/vendor/laravel/framework/src/Illuminate/Container/Container.php(1580): Illuminate/Foundation/Application->make()
#6 C:/Users/kings/Downloads/partnership-tracker-laravel/pt-laravel/vendor/laravel/framework/src/Illuminate/Foundation/Application.php(1325): Illuminate/Container/Container->offsetGet()
#7 C:/Users/kings/Downloads/partnership-tracker-laravel/pt-laravel/vendor/laravel/sanctum/src/SanctumServiceProvider.php(68): Illuminate/Foundation/Application->routesAreCached()
#8 C:/Users/kings/Downloads/partnership-tracker-laravel/pt-laravel/vendor/laravel/sanctum/src/SanctumServiceProvider.php(56): Laravel/Sanctum/SanctumServiceProvider->defineRoutes()
#9 C:/Users/kings/Downloads/partnership-tracker-laravel/pt-laravel/vendor/laravel/framework/src/Illuminate/Container/BoundMethod.php(36): Laravel/Sanctum/SanctumServiceProvider->boot()
#10 C:/Users/kings/Downloads/partnership-tracker-laravel/pt-laravel/vendor/laravel/framework/src/Illuminate/Container/Util.php(43): Illuminate/Container/BoundMethod::{closure:Illuminate/Container/BoundMethod::call():35}()
#11 C:/Users/kings/Downloads/partnership-tracker-laravel/pt-laravel/vendor/laravel/framework/src/Illuminate/Container/BoundMethod.php(95): Illuminate/Container/Util::unwrapIfClosure()
#12 C:/Users/kings/Downloads/partnership-tracker-laravel/pt-laravel/vendor/laravel/framework/src/Illuminate/Container/BoundMethod.php(35): Illuminate/Container/BoundMethod::callBoundMethod()
#13 C:/Users/kings/Downloads/partnership-tracker-laravel/pt-laravel/vendor/laravel/framework/src/Illuminate/Container/Container.php(696): Illuminate/Container/BoundMethod::call()
#14 C:/Users/kings/Downloads/partnership-tracker-laravel/pt-laravel/vendor/laravel/framework/src/Illuminate/Foundation/Application.php(1151): Illuminate/Container/Container->call()
#15 C:/Users/kings/Downloads/partnership-tracker-laravel/pt-laravel/vendor/laravel/framework/src/Illuminate/Foundation/Application.php(1132): Illuminate/Foundation/Application->bootProvider()
#16 [internal function]: Illuminate/Foundation/Application->{closure:Illuminate/Foundation/Application::boot():1131}()
#17 C:/Users/kings/Downloads/partnership-tracker-laravel/pt-laravel/vendor/laravel/framework/src/Illuminate/Foundation/Application.php(1131): array_walk()
#18 C:/Users/kings/Downloads/partnership-tracker-laravel/pt-laravel/vendor/laravel/framework/src/Illuminate/Foundation/Bootstrap/BootProviders.php(17): Illuminate/Foundation/Application->boot()
#19 C:/Users/kings/Downloads/partnership-tracker-laravel/pt-laravel/vendor/laravel/framework/src/Illuminate/Foundation/Application.php(342): Illuminate/Foundation/Bootstrap/BootProviders->bootstrap()
#20 C:/Users/kings/Downloads/partnership-tracker-laravel/pt-laravel/vendor/laravel/framework/src/Illuminate/Foundation/Console/Kernel.php(474): Illuminate/Foundation/Application->bootstrapWith()
#21 C:/Users/kings/Downloads/partnership-tracker-laravel/pt-laravel/vendor/laravel/framework/src/Illuminate/Foundation/Console/Kernel.php(196): Illuminate/Foundation/Console/Kernel->bootstrap()
#22 Command line code(1): Illuminate/Foundation/Console/Kernel->handle()
#23 {main}
"} 
[2026-07-13 18:49:19] production.ERROR: Target class [files] does not exist. {"exception":"[object] (Illuminate\\Contracts\\Container\\BindingResolutionException(code: 0): Target class [files] does not exist. at C:/Users/kings/Downloads/partnership-tracker-laravel/pt-laravel/vendor/laravel/framework/src/Illuminate/Container/Container.php:961)
[stacktrace]
#0 C:/Users/kings/Downloads/partnership-tracker-laravel/pt-laravel/vendor/laravel/framework/src/Illuminate/Container/Container.php(832): Illuminate/Container/Container->build()
#1 C:/Users/kings/Downloads/partnership-tracker-laravel/pt-laravel/vendor/laravel/framework/src/Illuminate/Foundation/Application.php(1078): Illuminate/Container/Container->resolve()
#2 C:/Users/kings/Downloads/partnership-tracker-laravel/pt-laravel/vendor/laravel/framework/src/Illuminate/Container/Container.php(763): Illuminate/Foundation/Application->resolve()
#3 C:/Users/kings/Downloads/partnership-tracker-laravel/pt-laravel/vendor/laravel/framework/src/Illuminate/Foundation/Application.php(1058): Illuminate/Container/Container->make()
#4 C:/Users/kings/Downloads/partnership-tracker-laravel/pt-laravel/vendor/laravel/framework/src/Illuminate/Container/Container.php(1580): Illuminate/Foundation/Application->make()
#5 C:/Users/kings/Downloads/partnership-tracker-laravel/pt-laravel/vendor/laravel/framework/src/Illuminate/Foundation/Application.php(1325): Illuminate/Container/Container->offsetGet()
#6 C:/Users/kings/Downloads/partnership-tracker-laravel/pt-laravel/vendor/laravel/sanctum/src/SanctumServiceProvider.php(68): Illuminate/Foundation/Application->routesAreCached()
#7 C:/Users/kings/Downloads/partnership-tracker-laravel/pt-laravel/vendor/laravel/sanctum/src/SanctumServiceProvider.php(56): Laravel/Sanctum/SanctumServiceProvider->defineRoutes()
#8 C:/Users/kings/Downloads/partnership-tracker-laravel/pt-laravel/vendor/laravel/framework/src/Illuminate/Container/BoundMethod.php(36): Laravel/Sanctum/SanctumServiceProvider->boot()
#9 C:/Users/kings/Downloads/partnership-tracker-laravel/pt-laravel/vendor/laravel/framework/src/Illuminate/Container/Util.php(43): Illuminate/Container/BoundMethod::{closure:Illuminate/Container/BoundMethod::call():35}()
#10 C:/Users/kings/Downloads/partnership-tracker-laravel/pt-laravel/vendor/laravel/framework/src/Illuminate/Container/BoundMethod.php(95): Illuminate/Container/Util::unwrapIfClosure()
#11 C:/Users/kings/Downloads/partnership-tracker-laravel/pt-laravel/vendor/laravel/framework/src/Illuminate/Container/BoundMethod.php(35): Illuminate/Container/BoundMethod::callBoundMethod()
#12 C:/Users/kings/Downloads/partnership-tracker-laravel/pt-laravel/vendor/laravel/framework/src/Illuminate/Container/Container.php(696): Illuminate/Container/BoundMethod::call()
#13 C:/Users/kings/Downloads/partnership-tracker-laravel/pt-laravel/vendor/laravel/framework/src/Illuminate/Foundation/Application.php(1151): Illuminate/Container/Container->call()
#14 C:/Users/kings/Downloads/partnership-tracker-laravel/pt-laravel/vendor/laravel/framework/src/Illuminate/Foundation/Application.php(1132): Illuminate/Foundation/Application->bootProvider()
#15 [internal function]: Illuminate/Foundation/Application->{closure:Illuminate/Foundation/Application::boot():1131}()
#16 C:/Users/kings/Downloads/partnership-tracker-laravel/pt-laravel/vendor/laravel/framework/src/Illuminate/Foundation/Application.php(1131): array_walk()
#17 C:/Users/kings/Downloads/partnership-tracker-laravel/pt-laravel/vendor/laravel/framework/src/Illuminate/Foundation/Bootstrap/BootProviders.php(17): Illuminate/Foundation/Application->boot()
#18 C:/Users/kings/Downloads/partnership-tracker-laravel/pt-laravel/vendor/laravel/framework/src/Illuminate/Foundation/Application.php(342): Illuminate/Foundation/Bootstrap/BootProviders->bootstrap()
#19 C:/Users/kings/Downloads/partnership-tracker-laravel/pt-laravel/vendor/laravel/framework/src/Illuminate/Foundation/Console/Kernel.php(474): Illuminate/Foundation/Application->bootstrapWith()
#20 C:/Users/kings/Downloads/partnership-tracker-laravel/pt-laravel/vendor/laravel/framework/src/Illuminate/Foundation/Console/Kernel.php(196): Illuminate/Foundation/Console/Kernel->bootstrap()
#21 Command line code(1): Illuminate/Foundation/Console/Kernel->handle()
#22 {main}

[previous exception] [object] (ReflectionException(code: -1): Class \"files\" does not exist at C:/Users/kings/Downloads/partnership-tracker-laravel/pt-laravel/vendor/laravel/framework/src/Illuminate/Container/Container.php:959)
[stacktrace]
#0 C:/Users/kings/Downloads/partnership-tracker-laravel/pt-laravel/vendor/laravel/framework/src/Illuminate/Container/Container.php(959): ReflectionClass->__construct()
#1 C:/Users/kings/Downloads/partnership-tracker-laravel/pt-laravel/vendor/laravel/framework/src/Illuminate/Container/Container.php(832): Illuminate/Container/Container->build()
#2 C:/Users/kings/Downloads/partnership-tracker-laravel/pt-laravel/vendor/laravel/framework/src/Illuminate/Foundation/Application.php(1078): Illuminate/Container/Container->resolve()
#3 C:/Users/kings/Downloads/partnership-tracker-laravel/pt-laravel/vendor/laravel/framework/src/Illuminate/Container/Container.php(763): Illuminate/Foundation/Application->resolve()
#4 C:/Users/kings/Downloads/partnership-tracker-laravel/pt-laravel/vendor/laravel/framework/src/Illuminate/Foundation/Application.php(1058): Illuminate/Container/Container->make()
#5 C:/Users/kings/Downloads/partnership-tracker-laravel/pt-laravel/vendor/laravel/framework/src/Illuminate/Container/Container.php(1580): Illuminate/Foundation/Application->make()
#6 C:/Users/kings/Downloads/partnership-tracker-laravel/pt-laravel/vendor/laravel/framework/src/Illuminate/Foundation/Application.php(1325): Illuminate/Container/Container->offsetGet()
#7 C:/Users/kings/Downloads/partnership-tracker-laravel/pt-laravel/vendor/laravel/sanctum/src/SanctumServiceProvider.php(68): Illuminate/Foundation/Application->routesAreCached()
#8 C:/Users/kings/Downloads/partnership-tracker-laravel/pt-laravel/vendor/laravel/sanctum/src/SanctumServiceProvider.php(56): Laravel/Sanctum/SanctumServiceProvider->defineRoutes()
#9 C:/Users/kings/Downloads/partnership-tracker-laravel/pt-laravel/vendor/laravel/framework/src/Illuminate/Container/BoundMethod.php(36): Laravel/Sanctum/SanctumServiceProvider->boot()
#10 C:/Users/kings/Downloads/partnership-tracker-laravel/pt-laravel/vendor/laravel/framework/src/Illuminate/Container/Util.php(43): Illuminate/Container/BoundMethod::{closure:Illuminate/Container/BoundMethod::call():35}()
#11 C:/Users/kings/Downloads/partnership-tracker-laravel/pt-laravel/vendor/laravel/framework/src/Illuminate/Container/BoundMethod.php(95): Illuminate/Container/Util::unwrapIfClosure()
#12 C:/Users/kings/Downloads/partnership-tracker-laravel/pt-laravel/vendor/laravel/framework/src/Illuminate/Container/BoundMethod.php(35): Illuminate/Container/BoundMethod::callBoundMethod()
#13 C:/Users/kings/Downloads/partnership-tracker-laravel/pt-laravel/vendor/laravel/framework/src/Illuminate/Container/Container.php(696): Illuminate/Container/BoundMethod::call()
#14 C:/Users/kings/Downloads/partnership-tracker-laravel/pt-laravel/vendor/laravel/framework/src/Illuminate/Foundation/Application.php(1151): Illuminate/Container/Container->call()
#15 C:/Users/kings/Downloads/partnership-tracker-laravel/pt-laravel/vendor/laravel/framework/src/Illuminate/Foundation/Application.php(1132): Illuminate/Foundation/Application->bootProvider()
#16 [internal function]: Illuminate/Foundation/Application->{closure:Illuminate/Foundation/Application::boot():1131}()
#17 C:/Users/kings/Downloads/partnership-tracker-laravel/pt-laravel/vendor/laravel/framework/src/Illuminate/Foundation/Application.php(1131): array_walk()
#18 C:/Users/kings/Downloads/partnership-tracker-laravel/pt-laravel/vendor/laravel/framework/src/Illuminate/Foundation/Bootstrap/BootProviders.php(17): Illuminate/Foundation/Application->boot()
#19 C:/Users/kings/Downloads/partnership-tracker-laravel/pt-laravel/vendor/laravel/framework/src/Illuminate/Foundation/Application.php(342): Illuminate/Foundation/Bootstrap/BootProviders->bootstrap()
#20 C:/Users/kings/Downloads/partnership-tracker-laravel/pt-laravel/vendor/laravel/framework/src/Illuminate/Foundation/Console/Kernel.php(474): Illuminate/Foundation/Application->bootstrapWith()
#21 C:/Users/kings/Downloads/partnership-tracker-laravel/pt-laravel/vendor/laravel/framework/src/Illuminate/Foundation/Console/Kernel.php(196): Illuminate/Foundation/Console/Kernel->bootstrap()
#22 Command line code(1): Illuminate/Foundation/Console/Kernel->handle()
#23 {main}
"} 
[2026-07-13 18:49:19] production.ERROR: Target class [files] does not exist. {"exception":"[object] (Illuminate\\Contracts\\Container\\BindingResolutionException(code: 0): Target class [files] does not exist. at C:/Users/kings/Downloads/partnership-tracker-laravel/pt-laravel/vendor/laravel/framework/src/Illuminate/Container/Container.php:961)
[stacktrace]
#0 C:/Users/kings/Downloads/partnership-tracker-laravel/pt-laravel/vendor/laravel/framework/src/Illuminate/Container/Container.php(832): Illuminate/Container/Container->build()
#1 C:/Users/kings/Downloads/partnership-tracker-laravel/pt-laravel/vendor/laravel/framework/src/Illuminate/Foundation/Application.php(1078): Illuminate/Container/Container->resolve()
#2 C:/Users/kings/Downloads/partnership-tracker-laravel/pt-laravel/vendor/laravel/framework/src/Illuminate/Container/Container.php(763): Illuminate/Foundation/Application->resolve()
#3 C:/Users/kings/Downloads/partnership-tracker-laravel/pt-laravel/vendor/laravel/framework/src/Illuminate/Foundation/Application.php(1058): Illuminate/Container/Container->make()
#4 C:/Users/kings/Downloads/partnership-tracker-laravel/pt-laravel/vendor/laravel/framework/src/Illuminate/Container/Container.php(1580): Illuminate/Foundation/Application->make()
#5 C:/Users/kings/Downloads/partnership-tracker-laravel/pt-laravel/vendor/laravel/framework/src/Illuminate/Foundation/Application.php(1325): Illuminate/Container/Container->offsetGet()
#6 C:/Users/kings/Downloads/partnership-tracker-laravel/pt-laravel/vendor/laravel/sanctum/src/SanctumServiceProvider.php(68): Illuminate/Foundation/Application->routesAreCached()
#7 C:/Users/kings/Downloads/partnership-tracker-laravel/pt-laravel/vendor/laravel/sanctum/src/SanctumServiceProvider.php(56): Laravel/Sanctum/SanctumServiceProvider->defineRoutes()
#8 C:/Users/kings/Downloads/partnership-tracker-laravel/pt-laravel/vendor/laravel/framework/src/Illuminate/Container/BoundMethod.php(36): Laravel/Sanctum/SanctumServiceProvider->boot()
#9 C:/Users/kings/Downloads/partnership-tracker-laravel/pt-laravel/vendor/laravel/framework/src/Illuminate/Container/Util.php(43): Illuminate/Container/BoundMethod::{closure:Illuminate/Container/BoundMethod::call():35}()
#10 C:/Users/kings/Downloads/partnership-tracker-laravel/pt-laravel/vendor/laravel/framework/src/Illuminate/Container/BoundMethod.php(95): Illuminate/Container/Util::unwrapIfClosure()
#11 C:/Users/kings/Downloads/partnership-tracker-laravel/pt-laravel/vendor/laravel/framework/src/Illuminate/Container/BoundMethod.php(35): Illuminate/Container/BoundMethod::callBoundMethod()
#12 C:/Users/kings/Downloads/partnership-tracker-laravel/pt-laravel/vendor/laravel/framework/src/Illuminate/Container/Container.php(696): Illuminate/Container/BoundMethod::call()
#13 C:/Users/kings/Downloads/partnership-tracker-laravel/pt-laravel/vendor/laravel/framework/src/Illuminate/Foundation/Application.php(1151): Illuminate/Container/Container->call()
#14 C:/Users/kings/Downloads/partnership-tracker-laravel/pt-laravel/vendor/laravel/framework/src/Illuminate/Foundation/Application.php(1132): Illuminate/Foundation/Application->bootProvider()
#15 [internal function]: Illuminate/Foundation/Application->{closure:Illuminate/Foundation/Application::boot():1131}()
#16 C:/Users/kings/Downloads/partnership-tracker-laravel/pt-laravel/vendor/laravel/framework/src/Illuminate/Foundation/Application.php(1131): array_walk()
#17 C:/Users/kings/Downloads/partnership-tracker-laravel/pt-laravel/vendor/laravel/framework/src/Illuminate/Foundation/Bootstrap/BootProviders.php(17): Illuminate/Foundation/Application->boot()
#18 C:/Users/kings/Downloads/partnership-tracker-laravel/pt-laravel/vendor/laravel/framework/src/Illuminate/Foundation/Application.php(342): Illuminate/Foundation/Bootstrap/BootProviders->bootstrap()
#19 C:/Users/kings/Downloads/partnership-tracker-laravel/pt-laravel/vendor/laravel/framework/src/Illuminate/Foundation/Console/Kernel.php(474): Illuminate/Foundation/Application->bootstrapWith()
#20 C:/Users/kings/Downloads/partnership-tracker-laravel/pt-laravel/vendor/laravel/framework/src/Illuminate/Foundation/Console/Kernel.php(196): Illuminate/Foundation/Console/Kernel->bootstrap()
#21 Command line code(1): Illuminate/Foundation/Console/Kernel->handle()
#22 {main}

[previous exception] [object] (ReflectionException(code: -1): Class \"files\" does not exist at C:/Users/kings/Downloads/partnership-tracker-laravel/pt-laravel/vendor/laravel/framework/src/Illuminate/Container/Container.php:959)
[stacktrace]
#0 C:/Users/kings/Downloads/partnership-tracker-laravel/pt-laravel/vendor/laravel/framework/src/Illuminate/Container/Container.php(959): ReflectionClass->__construct()
#1 C:/Users/kings/Downloads/partnership-tracker-laravel/pt-laravel/vendor/laravel/framework/src/Illuminate/Container/Container.php(832): Illuminate/Container/Container->build()
#2 C:/Users/kings/Downloads/partnership-tracker-laravel/pt-laravel/vendor/laravel/framework/src/Illuminate/Foundation/Application.php(1078): Illuminate/Container/Container->resolve()
#3 C:/Users/kings/Downloads/partnership-tracker-laravel/pt-laravel/vendor/laravel/framework/src/Illuminate/Container/Container.php(763): Illuminate/Foundation/Application->resolve()
#4 C:/Users/kings/Downloads/partnership-tracker-laravel/pt-laravel/vendor/laravel/framework/src/Illuminate/Foundation/Application.php(1058): Illuminate/Container/Container->make()
#5 C:/Users/kings/Downloads/partnership-tracker-laravel/pt-laravel/vendor/laravel/framework/src/Illuminate/Container/Container.php(1580): Illuminate/Foundation/Application->make()
#6 C:/Users/kings/Downloads/partnership-tracker-laravel/pt-laravel/vendor/laravel/framework/src/Illuminate/Foundation/Application.php(1325): Illuminate/Container/Container->offsetGet()
#7 C:/Users/kings/Downloads/partnership-tracker-laravel/pt-laravel/vendor/laravel/sanctum/src/SanctumServiceProvider.php(68): Illuminate/Foundation/Application->routesAreCached()
#8 C:/Users/kings/Downloads/partnership-tracker-laravel/pt-laravel/vendor/laravel/sanctum/src/SanctumServiceProvider.php(56): Laravel/Sanctum/SanctumServiceProvider->defineRoutes()
#9 C:/Users/kings/Downloads/partnership-tracker-laravel/pt-laravel/vendor/laravel/framework/src/Illuminate/Container/BoundMethod.php(36): Laravel/Sanctum/SanctumServiceProvider->boot()
#10 C:/Users/kings/Downloads/partnership-tracker-laravel/pt-laravel/vendor/laravel/framework/src/Illuminate/Container/Util.php(43): Illuminate/Container/BoundMethod::{closure:Illuminate/Container/BoundMethod::call():35}()
#11 C:/Users/kings/Downloads/partnership-tracker-laravel/pt-laravel/vendor/laravel/framework/src/Illuminate/Container/BoundMethod.php(95): Illuminate/Container/Util::unwrapIfClosure()
#12 C:/Users/kings/Downloads/partnership-tracker-laravel/pt-laravel/vendor/laravel/framework/src/Illuminate/Container/BoundMethod.php(35): Illuminate/Container/BoundMethod::callBoundMethod()
#13 C:/Users/kings/Downloads/partnership-tracker-laravel/pt-laravel/vendor/laravel/framework/src/Illuminate/Container/Container.php(696): Illuminate/Container/BoundMethod::call()
#14 C:/Users/kings/Downloads/partnership-tracker-laravel/pt-laravel/vendor/laravel/framework/src/Illuminate/Foundation/Application.php(1151): Illuminate/Container/Container->call()
#15 C:/Users/kings/Downloads/partnership-tracker-laravel/pt-laravel/vendor/laravel/framework/src/Illuminate/Foundation/Application.php(1132): Illuminate/Foundation/Application->bootProvider()
#16 [internal function]: Illuminate/Foundation/Application->{closure:Illuminate/Foundation/Application::boot():1131}()
#17 C:/Users/kings/Downloads/partnership-tracker-laravel/pt-laravel/vendor/laravel/framework/src/Illuminate/Foundation/Application.php(1131): array_walk()
#18 C:/Users/kings/Downloads/partnership-tracker-laravel/pt-laravel/vendor/laravel/framework/src/Illuminate/Foundation/Bootstrap/BootProviders.php(17): Illuminate/Foundation/Application->boot()
#19 C:/Users/kings/Downloads/partnership-tracker-laravel/pt-laravel/vendor/laravel/framework/src/Illuminate/Foundation/Application.php(342): Illuminate/Foundation/Bootstrap/BootProviders->bootstrap()
#20 C:/Users/kings/Downloads/partnership-tracker-laravel/pt-laravel/vendor/laravel/framework/src/Illuminate/Foundation/Console/Kernel.php(474): Illuminate/Foundation/Application->bootstrapWith()
#21 C:/Users/kings/Downloads/partnership-tracker-laravel/pt-laravel/vendor/laravel/framework/src/Illuminate/Foundation/Console/Kernel.php(196): Illuminate/Foundation/Console/Kernel->bootstrap()
#22 Command line code(1): Illuminate/Foundation/Console/Kernel->handle()
#23 {main}
"} 
[2026-07-13 18:49:20] production.ERROR: Target class [files] does not exist. {"exception":"[object] (Illuminate\\Contracts\\Container\\BindingResolutionException(code: 0): Target class [files] does not exist. at C:/Users/kings/Downloads/partnership-tracker-laravel/pt-laravel/vendor/laravel/framework/src/Illuminate/Container/Container.php:961)
[stacktrace]
#0 C:/Users/kings/Downloads/partnership-tracker-laravel/pt-laravel/vendor/laravel/framework/src/Illuminate/Container/Container.php(832): Illuminate/Container/Container->build()
#1 C:/Users/kings/Downloads/partnership-tracker-laravel/pt-laravel/vendor/laravel/framework/src/Illuminate/Foundation/Application.php(1078): Illuminate/Container/Container->resolve()
#2 C:/Users/kings/Downloads/partnership-tracker-laravel/pt-laravel/vendor/laravel/framework/src/Illuminate/Container/Container.php(763): Illuminate/Foundation/Application->resolve()
#3 C:/Users/kings/Downloads/partnership-tracker-laravel/pt-laravel/vendor/laravel/framework/src/Illuminate/Foundation/Application.php(1058): Illuminate/Container/Container->make()
#4 C:/Users/kings/Downloads/partnership-tracker-laravel/pt-laravel/vendor/laravel/framework/src/Illuminate/Container/Container.php(1580): Illuminate/Foundation/Application->make()
#5 C:/Users/kings/Downloads/partnership-tracker-laravel/pt-laravel/vendor/laravel/framework/src/Illuminate/Foundation/Application.php(1325): Illuminate/Container/Container->offsetGet()
#6 C:/Users/kings/Downloads/partnership-tracker-laravel/pt-laravel/vendor/laravel/sanctum/src/SanctumServiceProvider.php(68): Illuminate/Foundation/Application->routesAreCached()
#7 C:/Users/kings/Downloads/partnership-tracker-laravel/pt-laravel/vendor/laravel/sanctum/src/SanctumServiceProvider.php(56): Laravel/Sanctum/SanctumServiceProvider->defineRoutes()
#8 C:/Users/kings/Downloads/partnership-tracker-laravel/pt-laravel/vendor/laravel/framework/src/Illuminate/Container/BoundMethod.php(36): Laravel/Sanctum/SanctumServiceProvider->boot()
#9 C:/Users/kings/Downloads/partnership-tracker-laravel/pt-laravel/vendor/laravel/framework/src/Illuminate/Container/Util.php(43): Illuminate/Container/BoundMethod::{closure:Illuminate/Container/BoundMethod::call():35}()
#10 C:/Users/kings/Downloads/partnership-tracker-laravel/pt-laravel/vendor/laravel/framework/src/Illuminate/Container/BoundMethod.php(95): Illuminate/Container/Util::unwrapIfClosure()
#11 C:/Users/kings/Downloads/partnership-tracker-laravel/pt-laravel/vendor/laravel/framework/src/Illuminate/Container/BoundMethod.php(35): Illuminate/Container/BoundMethod::callBoundMethod()
#12 C:/Users/kings/Downloads/partnership-tracker-laravel/pt-laravel/vendor/laravel/framework/src/Illuminate/Container/Container.php(696): Illuminate/Container/BoundMethod::call()
#13 C:/Users/kings/Downloads/partnership-tracker-laravel/pt-laravel/vendor/laravel/framework/src/Illuminate/Foundation/Application.php(1151): Illuminate/Container/Container->call()
#14 C:/Users/kings/Downloads/partnership-tracker-laravel/pt-laravel/vendor/laravel/framework/src/Illuminate/Foundation/Application.php(1132): Illuminate/Foundation/Application->bootProvider()
#15 [internal function]: Illuminate/Foundation/Application->{closure:Illuminate/Foundation/Application::boot():1131}()
#16 C:/Users/kings/Downloads/partnership-tracker-laravel/pt-laravel/vendor/laravel/framework/src/Illuminate/Foundation/Application.php(1131): array_walk()
#17 C:/Users/kings/Downloads/partnership-tracker-laravel/pt-laravel/vendor/laravel/framework/src/Illuminate/Foundation/Bootstrap/BootProviders.php(17): Illuminate/Foundation/Application->boot()
#18 C:/Users/kings/Downloads/partnership-tracker-laravel/pt-laravel/vendor/laravel/framework/src/Illuminate/Foundation/Application.php(342): Illuminate/Foundation/Bootstrap/BootProviders->bootstrap()
#19 C:/Users/kings/Downloads/partnership-tracker-laravel/pt-laravel/vendor/laravel/framework/src/Illuminate/Foundation/Console/Kernel.php(474): Illuminate/Foundation/Application->bootstrapWith()
#20 C:/Users/kings/Downloads/partnership-tracker-laravel/pt-laravel/vendor/laravel/framework/src/Illuminate/Foundation/Console/Kernel.php(196): Illuminate/Foundation/Console/Kernel->bootstrap()
#21 Command line code(1): Illuminate/Foundation/Console/Kernel->handle()
#22 {main}

[previous exception] [object] (ReflectionException(code: -1): Class \"files\" does not exist at C:/Users/kings/Downloads/partnership-tracker-laravel/pt-laravel/vendor/laravel/framework/src/Illuminate/Container/Container.php:959)
[stacktrace]
#0 C:/Users/kings/Downloads/partnership-tracker-laravel/pt-laravel/vendor/laravel/framework/src/Illuminate/Container/Container.php(959): ReflectionClass->__construct()
#1 C:/Users/kings/Downloads/partnership-tracker-laravel/pt-laravel/vendor/laravel/framework/src/Illuminate/Container/Container.php(832): Illuminate/Container/Container->build()
#2 C:/Users/kings/Downloads/partnership-tracker-laravel/pt-laravel/vendor/laravel/framework/src/Illuminate/Foundation/Application.php(1078): Illuminate/Container/Container->resolve()
#3 C:/Users/kings/Downloads/partnership-tracker-laravel/pt-laravel/vendor/laravel/framework/src/Illuminate/Container/Container.php(763): Illuminate/Foundation/Application->resolve()
#4 C:/Users/kings/Downloads/partnership-tracker-laravel/pt-laravel/vendor/laravel/framework/src/Illuminate/Foundation/Application.php(1058): Illuminate/Container/Container->make()
#5 C:/Users/kings/Downloads/partnership-tracker-laravel/pt-laravel/vendor/laravel/framework/src/Illuminate/Container/Container.php(1580): Illuminate/Foundation/Application->make()
#6 C:/Users/kings/Downloads/partnership-tracker-laravel/pt-laravel/vendor/laravel/framework/src/Illuminate/Foundation/Application.php(1325): Illuminate/Container/Container->offsetGet()
#7 C:/Users/kings/Downloads/partnership-tracker-laravel/pt-laravel/vendor/laravel/sanctum/src/SanctumServiceProvider.php(68): Illuminate/Foundation/Application->routesAreCached()
#8 C:/Users/kings/Downloads/partnership-tracker-laravel/pt-laravel/vendor/laravel/sanctum/src/SanctumServiceProvider.php(56): Laravel/Sanctum/SanctumServiceProvider->defineRoutes()
#9 C:/Users/kings/Downloads/partnership-tracker-laravel/pt-laravel/vendor/laravel/framework/src/Illuminate/Container/BoundMethod.php(36): Laravel/Sanctum/SanctumServiceProvider->boot()
#10 C:/Users/kings/Downloads/partnership-tracker-laravel/pt-laravel/vendor/laravel/framework/src/Illuminate/Container/Util.php(43): Illuminate/Container/BoundMethod::{closure:Illuminate/Container/BoundMethod::call():35}()
#11 C:/Users/kings/Downloads/partnership-tracker-laravel/pt-laravel/vendor/laravel/framework/src/Illuminate/Container/BoundMethod.php(95): Illuminate/Container/Util::unwrapIfClosure()
#12 C:/Users/kings/Downloads/partnership-tracker-laravel/pt-laravel/vendor/laravel/framework/src/Illuminate/Container/BoundMethod.php(35): Illuminate/Container/BoundMethod::callBoundMethod()
#13 C:/Users/kings/Downloads/partnership-tracker-laravel/pt-laravel/vendor/laravel/framework/src/Illuminate/Container/Container.php(696): Illuminate/Container/BoundMethod::call()
#14 C:/Users/kings/Downloads/partnership-tracker-laravel/pt-laravel/vendor/laravel/framework/src/Illuminate/Foundation/Application.php(1151): Illuminate/Container/Container->call()
#15 C:/Users/kings/Downloads/partnership-tracker-laravel/pt-laravel/vendor/laravel/framework/src/Illuminate/Foundation/Application.php(1132): Illuminate/Foundation/Application->bootProvider()
#16 [internal function]: Illuminate/Foundation/Application->{closure:Illuminate/Foundation/Application::boot():1131}()
#17 C:/Users/kings/Downloads/partnership-tracker-laravel/pt-laravel/vendor/laravel/framework/src/Illuminate/Foundation/Application.php(1131): array_walk()
#18 C:/Users/kings/Downloads/partnership-tracker-laravel/pt-laravel/vendor/laravel/framework/src/Illuminate/Foundation/Bootstrap/BootProviders.php(17): Illuminate/Foundation/Application->boot()
#19 C:/Users/kings/Downloads/partnership-tracker-laravel/pt-laravel/vendor/laravel/framework/src/Illuminate/Foundation/Application.php(342): Illuminate/Foundation/Bootstrap/BootProviders->bootstrap()
#20 C:/Users/kings/Downloads/partnership-tracker-laravel/pt-laravel/vendor/laravel/framework/src/Illuminate/Foundation/Console/Kernel.php(474): Illuminate/Foundation/Application->bootstrapWith()
#21 C:/Users/kings/Downloads/partnership-tracker-laravel/pt-laravel/vendor/laravel/framework/src/Illuminate/Foundation/Console/Kernel.php(196): Illuminate/Foundation/Console/Kernel->bootstrap()
#22 Command line code(1): Illuminate/Foundation/Console/Kernel->handle()
#23 {main}
"} 
[2026-07-13 18:49:20] production.ERROR: Target class [files] does not exist. {"exception":"[object] (Illuminate\\Contracts\\Container\\BindingResolutionException(code: 0): Target class [files] does not exist. at C:/Users/kings/Downloads/partnership-tracker-laravel/pt-laravel/vendor/laravel/framework/src/Illuminate/Container/Container.php:961)
[stacktrace]
#0 C:/Users/kings/Downloads/partnership-tracker-laravel/pt-laravel/vendor/laravel/framework/src/Illuminate/Container/Container.php(832): Illuminate/Container/Container->build()
#1 C:/Users/kings/Downloads/partnership-tracker-laravel/pt-laravel/vendor/laravel/framework/src/Illuminate/Foundation/Application.php(1078): Illuminate/Container/Container->resolve()
#2 C:/Users/kings/Downloads/partnership-tracker-laravel/pt-laravel/vendor/laravel/framework/src/Illuminate/Container/Container.php(763): Illuminate/Foundation/Application->resolve()
#3 C:/Users/kings/Downloads/partnership-tracker-laravel/pt-laravel/vendor/laravel/framework/src/Illuminate/Foundation/Application.php(1058): Illuminate/Container/Container->make()
#4 C:/Users/kings/Downloads/partnership-tracker-laravel/pt-laravel/vendor/laravel/framework/src/Illuminate/Container/Container.php(1580): Illuminate/Foundation/Application->make()
#5 C:/Users/kings/Downloads/partnership-tracker-laravel/pt-laravel/vendor/laravel/framework/src/Illuminate/Foundation/Application.php(1325): Illuminate/Container/Container->offsetGet()
#6 C:/Users/kings/Downloads/partnership-tracker-laravel/pt-laravel/vendor/laravel/sanctum/src/SanctumServiceProvider.php(68): Illuminate/Foundation/Application->routesAreCached()
#7 C:/Users/kings/Downloads/partnership-tracker-laravel/pt-laravel/vendor/laravel/sanctum/src/SanctumServiceProvider.php(56): Laravel/Sanctum/SanctumServiceProvider->defineRoutes()
#8 C:/Users/kings/Downloads/partnership-tracker-laravel/pt-laravel/vendor/laravel/framework/src/Illuminate/Container/BoundMethod.php(36): Laravel/Sanctum/SanctumServiceProvider->boot()
#9 C:/Users/kings/Downloads/partnership-tracker-laravel/pt-laravel/vendor/laravel/framework/src/Illuminate/Container/Util.php(43): Illuminate/Container/BoundMethod::{closure:Illuminate/Container/BoundMethod::call():35}()
#10 C:/Users/kings/Downloads/partnership-tracker-laravel/pt-laravel/vendor/laravel/framework/src/Illuminate/Container/BoundMethod.php(95): Illuminate/Container/Util::unwrapIfClosure()
#11 C:/Users/kings/Downloads/partnership-tracker-laravel/pt-laravel/vendor/laravel/framework/src/Illuminate/Container/BoundMethod.php(35): Illuminate/Container/BoundMethod::callBoundMethod()
#12 C:/Users/kings/Downloads/partnership-tracker-laravel/pt-laravel/vendor/laravel/framework/src/Illuminate/Container/Container.php(696): Illuminate/Container/BoundMethod::call()
#13 C:/Users/kings/Downloads/partnership-tracker-laravel/pt-laravel/vendor/laravel/framework/src/Illuminate/Foundation/Application.php(1151): Illuminate/Container/Container->call()
#14 C:/Users/kings/Downloads/partnership-tracker-laravel/pt-laravel/vendor/laravel/framework/src/Illuminate/Foundation/Application.php(1132): Illuminate/Foundation/Application->bootProvider()
#15 [internal function]: Illuminate/Foundation/Application->{closure:Illuminate/Foundation/Application::boot():1131}()
#16 C:/Users/kings/Downloads/partnership-tracker-laravel/pt-laravel/vendor/laravel/framework/src/Illuminate/Foundation/Application.php(1131): array_walk()
#17 C:/Users/kings/Downloads/partnership-tracker-laravel/pt-laravel/vendor/laravel/framework/src/Illuminate/Foundation/Bootstrap/BootProviders.php(17): Illuminate/Foundation/Application->boot()
#18 C:/Users/kings/Downloads/partnership-tracker-laravel/pt-laravel/vendor/laravel/framework/src/Illuminate/Foundation/Application.php(342): Illuminate/Foundation/Bootstrap/BootProviders->bootstrap()
#19 C:/Users/kings/Downloads/partnership-tracker-laravel/pt-laravel/vendor/laravel/framework/src/Illuminate/Foundation/Console/Kernel.php(474): Illuminate/Foundation/Application->bootstrapWith()
#20 C:/Users/kings/Downloads/partnership-tracker-laravel/pt-laravel/vendor/laravel/framework/src/Illuminate/Foundation/Console/Kernel.php(196): Illuminate/Foundation/Console/Kernel->bootstrap()
#21 Command line code(1): Illuminate/Foundation/Console/Kernel->handle()
#22 {main}

[previous exception] [object] (ReflectionException(code: -1): Class \"files\" does not exist at C:/Users/kings/Downloads/partnership-tracker-laravel/pt-laravel/vendor/laravel/framework/src/Illuminate/Container/Container.php:959)
[stacktrace]
#0 C:/Users/kings/Downloads/partnership-tracker-laravel/pt-laravel/vendor/laravel/framework/src/Illuminate/Container/Container.php(959): ReflectionClass->__construct()
#1 C:/Users/kings/Downloads/partnership-tracker-laravel/pt-laravel/vendor/laravel/framework/src/Illuminate/Container/Container.php(832): Illuminate/Container/Container->build()
#2 C:/Users/kings/Downloads/partnership-tracker-laravel/pt-laravel/vendor/laravel/framework/src/Illuminate/Foundation/Application.php(1078): Illuminate/Container/Container->resolve()
#3 C:/Users/kings/Downloads/partnership-tracker-laravel/pt-laravel/vendor/laravel/framework/src/Illuminate/Container/Container.php(763): Illuminate/Foundation/Application->resolve()
#4 C:/Users/kings/Downloads/partnership-tracker-laravel/pt-laravel/vendor/laravel/framework/src/Illuminate/Foundation/Application.php(1058): Illuminate/Container/Container->make()
#5 C:/Users/kings/Downloads/partnership-tracker-laravel/pt-laravel/vendor/laravel/framework/src/Illuminate/Container/Container.php(1580): Illuminate/Foundation/Application->make()
#6 C:/Users/kings/Downloads/partnership-tracker-laravel/pt-laravel/vendor/laravel/framework/src/Illuminate/Foundation/Application.php(1325): Illuminate/Container/Container->offsetGet()
#7 C:/Users/kings/Downloads/partnership-tracker-laravel/pt-laravel/vendor/laravel/sanctum/src/SanctumServiceProvider.php(68): Illuminate/Foundation/Application->routesAreCached()
#8 C:/Users/kings/Downloads/partnership-tracker-laravel/pt-laravel/vendor/laravel/sanctum/src/SanctumServiceProvider.php(56): Laravel/Sanctum/SanctumServiceProvider->defineRoutes()
#9 C:/Users/kings/Downloads/partnership-tracker-laravel/pt-laravel/vendor/laravel/framework/src/Illuminate/Container/BoundMethod.php(36): Laravel/Sanctum/SanctumServiceProvider->boot()
#10 C:/Users/kings/Downloads/partnership-tracker-laravel/pt-laravel/vendor/laravel/framework/src/Illuminate/Container/Util.php(43): Illuminate/Container/BoundMethod::{closure:Illuminate/Container/BoundMethod::call():35}()
#11 C:/Users/kings/Downloads/partnership-tracker-laravel/pt-laravel/vendor/laravel/framework/src/Illuminate/Container/BoundMethod.php(95): Illuminate/Container/Util::unwrapIfClosure()
#12 C:/Users/kings/Downloads/partnership-tracker-laravel/pt-laravel/vendor/laravel/framework/src/Illuminate/Container/BoundMethod.php(35): Illuminate/Container/BoundMethod::callBoundMethod()
#13 C:/Users/kings/Downloads/partnership-tracker-laravel/pt-laravel/vendor/laravel/framework/src/Illuminate/Container/Container.php(696): Illuminate/Container/BoundMethod::call()
#14 C:/Users/kings/Downloads/partnership-tracker-laravel/pt-laravel/vendor/laravel/framework/src/Illuminate/Foundation/Application.php(1151): Illuminate/Container/Container->call()
#15 C:/Users/kings/Downloads/partnership-tracker-laravel/pt-laravel/vendor/laravel/framework/src/Illuminate/Foundation/Application.php(1132): Illuminate/Foundation/Application->bootProvider()
#16 [internal function]: Illuminate/Foundation/Application->{closure:Illuminate/Foundation/Application::boot():1131}()
#17 C:/Users/kings/Downloads/partnership-tracker-laravel/pt-laravel/vendor/laravel/framework/src/Illuminate/Foundation/Application.php(1131): array_walk()
#18 C:/Users/kings/Downloads/partnership-tracker-laravel/pt-laravel/vendor/laravel/framework/src/Illuminate/Foundation/Bootstrap/BootProviders.php(17): Illuminate/Foundation/Application->boot()
#19 C:/Users/kings/Downloads/partnership-tracker-laravel/pt-laravel/vendor/laravel/framework/src/Illuminate/Foundation/Application.php(342): Illuminate/Foundation/Bootstrap/BootProviders->bootstrap()
#20 C:/Users/kings/Downloads/partnership-tracker-laravel/pt-laravel/vendor/laravel/framework/src/Illuminate/Foundation/Console/Kernel.php(474): Illuminate/Foundation/Application->bootstrapWith()
#21 C:/Users/kings/Downloads/partnership-tracker-laravel/pt-laravel/vendor/laravel/framework/src/Illuminate/Foundation/Console/Kernel.php(196): Illuminate/Foundation/Console/Kernel->bootstrap()
#22 Command line code(1): Illuminate/Foundation/Console/Kernel->handle()
#23 {main}
"} 
[2026-07-13 18:49:21] production.ERROR: Target class [files] does not exist. {"exception":"[object] (Illuminate\\Contracts\\Container\\BindingResolutionException(code: 0): Target class [files] does not exist. at C:/Users/kings/Downloads/partnership-tracker-laravel/pt-laravel/vendor/laravel/framework/src/Illuminate/Container/Container.php:961)
[stacktrace]
#0 C:/Users/kings/Downloads/partnership-tracker-laravel/pt-laravel/vendor/laravel/framework/src/Illuminate/Container/Container.php(832): Illuminate/Container/Container->build()
#1 C:/Users/kings/Downloads/partnership-tracker-laravel/pt-laravel/vendor/laravel/framework/src/Illuminate/Foundation/Application.php(1078): Illuminate/Container/Container->resolve()
#2 C:/Users/kings/Downloads/partnership-tracker-laravel/pt-laravel/vendor/laravel/framework/src/Illuminate/Container/Container.php(763): Illuminate/Foundation/Application->resolve()
#3 C:/Users/kings/Downloads/partnership-tracker-laravel/pt-laravel/vendor/laravel/framework/src/Illuminate/Foundation/Application.php(1058): Illuminate/Container/Container->make()
#4 C:/Users/kings/Downloads/partnership-tracker-laravel/pt-laravel/vendor/laravel/framework/src/Illuminate/Container/Container.php(1580): Illuminate/Foundation/Application->make()
#5 C:/Users/kings/Downloads/partnership-tracker-laravel/pt-laravel/vendor/laravel/framework/src/Illuminate/Foundation/Application.php(1325): Illuminate/Container/Container->offsetGet()
#6 C:/Users/kings/Downloads/partnership-tracker-laravel/pt-laravel/vendor/laravel/sanctum/src/SanctumServiceProvider.php(68): Illuminate/Foundation/Application->routesAreCached()
#7 C:/Users/kings/Downloads/partnership-tracker-laravel/pt-laravel/vendor/laravel/sanctum/src/SanctumServiceProvider.php(56): Laravel/Sanctum/SanctumServiceProvider->defineRoutes()
#8 C:/Users/kings/Downloads/partnership-tracker-laravel/pt-laravel/vendor/laravel/framework/src/Illuminate/Container/BoundMethod.php(36): Laravel/Sanctum/SanctumServiceProvider->boot()
#9 C:/Users/kings/Downloads/partnership-tracker-laravel/pt-laravel/vendor/laravel/framework/src/Illuminate/Container/Util.php(43): Illuminate/Container/BoundMethod::{closure:Illuminate/Container/BoundMethod::call():35}()
#10 C:/Users/kings/Downloads/partnership-tracker-laravel/pt-laravel/vendor/laravel/framework/src/Illuminate/Container/BoundMethod.php(95): Illuminate/Container/Util::unwrapIfClosure()
#11 C:/Users/kings/Downloads/partnership-tracker-laravel/pt-laravel/vendor/laravel/framework/src/Illuminate/Container/BoundMethod.php(35): Illuminate/Container/BoundMethod::callBoundMethod()
#12 C:/Users/kings/Downloads/partnership-tracker-laravel/pt-laravel/vendor/laravel/framework/src/Illuminate/Container/Container.php(696): Illuminate/Container/BoundMethod::call()
#13 C:/Users/kings/Downloads/partnership-tracker-laravel/pt-laravel/vendor/laravel/framework/src/Illuminate/Foundation/Application.php(1151): Illuminate/Container/Container->call()
#14 C:/Users/kings/Downloads/partnership-tracker-laravel/pt-laravel/vendor/laravel/framework/src/Illuminate/Foundation/Application.php(1132): Illuminate/Foundation/Application->bootProvider()
#15 [internal function]: Illuminate/Foundation/Application->{closure:Illuminate/Foundation/Application::boot():1131}()
#16 C:/Users/kings/Downloads/partnership-tracker-laravel/pt-laravel/vendor/laravel/framework/src/Illuminate/Foundation/Application.php(1131): array_walk()
#17 C:/Users/kings/Downloads/partnership-tracker-laravel/pt-laravel/vendor/laravel/framework/src/Illuminate/Foundation/Bootstrap/BootProviders.php(17): Illuminate/Foundation/Application->boot()
#18 C:/Users/kings/Downloads/partnership-tracker-laravel/pt-laravel/vendor/laravel/framework/src/Illuminate/Foundation/Application.php(342): Illuminate/Foundation/Bootstrap/BootProviders->bootstrap()
#19 C:/Users/kings/Downloads/partnership-tracker-laravel/pt-laravel/vendor/laravel/framework/src/Illuminate/Foundation/Console/Kernel.php(474): Illuminate/Foundation/Application->bootstrapWith()
#20 C:/Users/kings/Downloads/partnership-tracker-laravel/pt-laravel/vendor/laravel/framework/src/Illuminate/Foundation/Console/Kernel.php(196): Illuminate/Foundation/Console/Kernel->bootstrap()
#21 Command line code(1): Illuminate/Foundation/Console/Kernel->handle()
#22 {main}

[previous exception] [object] (ReflectionException(code: -1): Class \"files\" does not exist at C:/Users/kings/Downloads/partnership-tracker-laravel/pt-laravel/vendor/laravel/framework/src/Illuminate/Container/Container.php:959)
[stacktrace]
#0 C:/Users/kings/Downloads/partnership-tracker-laravel/pt-laravel/vendor/laravel/framework/src/Illuminate/Container/Container.php(959): ReflectionClass->__construct()
#1 C:/Users/kings/Downloads/partnership-tracker-laravel/pt-laravel/vendor/laravel/framework/src/Illuminate/Container/Container.php(832): Illuminate/Container/Container->build()
#2 C:/Users/kings/Downloads/partnership-tracker-laravel/pt-laravel/vendor/laravel/framework/src/Illuminate/Foundation/Application.php(1078): Illuminate/Container/Container->resolve()
#3 C:/Users/kings/Downloads/partnership-tracker-laravel/pt-laravel/vendor/laravel/framework/src/Illuminate/Container/Container.php(763): Illuminate/Foundation/Application->resolve()
#4 C:/Users/kings/Downloads/partnership-tracker-laravel/pt-laravel/vendor/laravel/framework/src/Illuminate/Foundation/Application.php(1058): Illuminate/Container/Container->make()
#5 C:/Users/kings/Downloads/partnership-tracker-laravel/pt-laravel/vendor/laravel/framework/src/Illuminate/Container/Container.php(1580): Illuminate/Foundation/Application->make()
#6 C:/Users/kings/Downloads/partnership-tracker-laravel/pt-laravel/vendor/laravel/framework/src/Illuminate/Foundation/Application.php(1325): Illuminate/Container/Container->offsetGet()
#7 C:/Users/kings/Downloads/partnership-tracker-laravel/pt-laravel/vendor/laravel/sanctum/src/SanctumServiceProvider.php(68): Illuminate/Foundation/Application->routesAreCached()
#8 C:/Users/kings/Downloads/partnership-tracker-laravel/pt-laravel/vendor/laravel/sanctum/src/SanctumServiceProvider.php(56): Laravel/Sanctum/SanctumServiceProvider->defineRoutes()
#9 C:/Users/kings/Downloads/partnership-tracker-laravel/pt-laravel/vendor/laravel/framework/src/Illuminate/Container/BoundMethod.php(36): Laravel/Sanctum/SanctumServiceProvider->boot()
#10 C:/Users/kings/Downloads/partnership-tracker-laravel/pt-laravel/vendor/laravel/framework/src/Illuminate/Container/Util.php(43): Illuminate/Container/BoundMethod::{closure:Illuminate/Container/BoundMethod::call():35}()
#11 C:/Users/kings/Downloads/partnership-tracker-laravel/pt-laravel/vendor/laravel/framework/src/Illuminate/Container/BoundMethod.php(95): Illuminate/Container/Util::unwrapIfClosure()
#12 C:/Users/kings/Downloads/partnership-tracker-laravel/pt-laravel/vendor/laravel/framework/src/Illuminate/Container/BoundMethod.php(35): Illuminate/Container/BoundMethod::callBoundMethod()
#13 C:/Users/kings/Downloads/partnership-tracker-laravel/pt-laravel/vendor/laravel/framework/src/Illuminate/Container/Container.php(696): Illuminate/Container/BoundMethod::call()
#14 C:/Users/kings/Downloads/partnership-tracker-laravel/pt-laravel/vendor/laravel/framework/src/Illuminate/Foundation/Application.php(1151): Illuminate/Container/Container->call()
#15 C:/Users/kings/Downloads/partnership-tracker-laravel/pt-laravel/vendor/laravel/framework/src/Illuminate/Foundation/Application.php(1132): Illuminate/Foundation/Application->bootProvider()
#16 [internal function]: Illuminate/Foundation/Application->{closure:Illuminate/Foundation/Application::boot():1131}()
#17 C:/Users/kings/Downloads/partnership-tracker-laravel/pt-laravel/vendor/laravel/framework/src/Illuminate/Foundation/Application.php(1131): array_walk()
#18 C:/Users/kings/Downloads/partnership-tracker-laravel/pt-laravel/vendor/laravel/framework/src/Illuminate/Foundation/Bootstrap/BootProviders.php(17): Illuminate/Foundation/Application->boot()
#19 C:/Users/kings/Downloads/partnership-tracker-laravel/pt-laravel/vendor/laravel/framework/src/Illuminate/Foundation/Application.php(342): Illuminate/Foundation/Bootstrap/BootProviders->bootstrap()
#20 C:/Users/kings/Downloads/partnership-tracker-laravel/pt-laravel/vendor/laravel/framework/src/Illuminate/Foundation/Console/Kernel.php(474): Illuminate/Foundation/Application->bootstrapWith()
#21 C:/Users/kings/Downloads/partnership-tracker-laravel/pt-laravel/vendor/laravel/framework/src/Illuminate/Foundation/Console/Kernel.php(196): Illuminate/Foundation/Console/Kernel->bootstrap()
#22 Command line code(1): Illuminate/Foundation/Console/Kernel->handle()
#23 {main}
"} 
[2026-07-13 18:50:19] production.ERROR: Target class [files] does not exist. {"exception":"[object] (Illuminate\\Contracts\\Container\\BindingResolutionException(code: 0): Target class [files] does not exist. at C:/Users/kings/Downloads/partnership-tracker-laravel/pt-laravel/vendor/laravel/framework/src/Illuminate/Container/Container.php:961)
[stacktrace]
#0 C:/Users/kings/Downloads/partnership-tracker-laravel/pt-laravel/vendor/laravel/framework/src/Illuminate/Container/Container.php(832): Illuminate/Container/Container->build()
#1 C:/Users/kings/Downloads/partnership-tracker-laravel/pt-laravel/vendor/laravel/framework/src/Illuminate/Foundation/Application.php(1078): Illuminate/Container/Container->resolve()
#2 C:/Users/kings/Downloads/partnership-tracker-laravel/pt-laravel/vendor/laravel/framework/src/Illuminate/Container/Container.php(763): Illuminate/Foundation/Application->resolve()
#3 C:/Users/kings/Downloads/partnership-tracker-laravel/pt-laravel/vendor/laravel/framework/src/Illuminate/Foundation/Application.php(1058): Illuminate/Container/Container->make()
#4 C:/Users/kings/Downloads/partnership-tracker-laravel/pt-laravel/vendor/laravel/framework/src/Illuminate/Container/Container.php(1580): Illuminate/Foundation/Application->make()
#5 C:/Users/kings/Downloads/partnership-tracker-laravel/pt-laravel/vendor/laravel/framework/src/Illuminate/Foundation/Application.php(1325): Illuminate/Container/Container->offsetGet()
#6 C:/Users/kings/Downloads/partnership-tracker-laravel/pt-laravel/vendor/laravel/sanctum/src/SanctumServiceProvider.php(68): Illuminate/Foundation/Application->routesAreCached()
#7 C:/Users/kings/Downloads/partnership-tracker-laravel/pt-laravel/vendor/laravel/sanctum/src/SanctumServiceProvider.php(56): Laravel/Sanctum/SanctumServiceProvider->defineRoutes()
#8 C:/Users/kings/Downloads/partnership-tracker-laravel/pt-laravel/vendor/laravel/framework/src/Illuminate/Container/BoundMethod.php(36): Laravel/Sanctum/SanctumServiceProvider->boot()
#9 C:/Users/kings/Downloads/partnership-tracker-laravel/pt-laravel/vendor/laravel/framework/src/Illuminate/Container/Util.php(43): Illuminate/Container/BoundMethod::{closure:Illuminate/Container/BoundMethod::call():35}()
#10 C:/Users/kings/Downloads/partnership-tracker-laravel/pt-laravel/vendor/laravel/framework/src/Illuminate/Container/BoundMethod.php(95): Illuminate/Container/Util::unwrapIfClosure()
#11 C:/Users/kings/Downloads/partnership-tracker-laravel/pt-laravel/vendor/laravel/framework/src/Illuminate/Container/BoundMethod.php(35): Illuminate/Container/BoundMethod::callBoundMethod()
#12 C:/Users/kings/Downloads/partnership-tracker-laravel/pt-laravel/vendor/laravel/framework/src/Illuminate/Container/Container.php(696): Illuminate/Container/BoundMethod::call()
#13 C:/Users/kings/Downloads/partnership-tracker-laravel/pt-laravel/vendor/laravel/framework/src/Illuminate/Foundation/Application.php(1151): Illuminate/Container/Container->call()
#14 C:/Users/kings/Downloads/partnership-tracker-laravel/pt-laravel/vendor/laravel/framework/src/Illuminate/Foundation/Application.php(1132): Illuminate/Foundation/Application->bootProvider()
#15 [internal function]: Illuminate/Foundation/Application->{closure:Illuminate/Foundation/Application::boot():1131}()
#16 C:/Users/kings/Downloads/partnership-tracker-laravel/pt-laravel/vendor/laravel/framework/src/Illuminate/Foundation/Application.php(1131): array_walk()
#17 C:/Users/kings/Downloads/partnership-tracker-laravel/pt-laravel/vendor/laravel/framework/src/Illuminate/Foundation/Bootstrap/BootProviders.php(17): Illuminate/Foundation/Application->boot()
#18 C:/Users/kings/Downloads/partnership-tracker-laravel/pt-laravel/vendor/laravel/framework/src/Illuminate/Foundation/Application.php(342): Illuminate/Foundation/Bootstrap/BootProviders->bootstrap()
#19 C:/Users/kings/Downloads/partnership-tracker-laravel/pt-laravel/vendor/laravel/framework/src/Illuminate/Foundation/Console/Kernel.php(474): Illuminate/Foundation/Application->bootstrapWith()
#20 C:/Users/kings/Downloads/partnership-tracker-laravel/pt-laravel/vendor/laravel/framework/src/Illuminate/Foundation/Console/Kernel.php(196): Illuminate/Foundation/Console/Kernel->bootstrap()
#21 Command line code(1): Illuminate/Foundation/Console/Kernel->handle()
#22 {main}

[previous exception] [object] (ReflectionException(code: -1): Class \"files\" does not exist at C:/Users/kings/Downloads/partnership-tracker-laravel/pt-laravel/vendor/laravel/framework/src/Illuminate/Container/Container.php:959)
[stacktrace]
#0 C:/Users/kings/Downloads/partnership-tracker-laravel/pt-laravel/vendor/laravel/framework/src/Illuminate/Container/Container.php(959): ReflectionClass->__construct()
#1 C:/Users/kings/Downloads/partnership-tracker-laravel/pt-laravel/vendor/laravel/framework/src/Illuminate/Container/Container.php(832): Illuminate/Container/Container->build()
#2 C:/Users/kings/Downloads/partnership-tracker-laravel/pt-laravel/vendor/laravel/framework/src/Illuminate/Foundation/Application.php(1078): Illuminate/Container/Container->resolve()
#3 C:/Users/kings/Downloads/partnership-tracker-laravel/pt-laravel/vendor/laravel/framework/src/Illuminate/Container/Container.php(763): Illuminate/Foundation/Application->resolve()
#4 C:/Users/kings/Downloads/partnership-tracker-laravel/pt-laravel/vendor/laravel/framework/src/Illuminate/Foundation/Application.php(1058): Illuminate/Container/Container->make()
#5 C:/Users/kings/Downloads/partnership-tracker-laravel/pt-laravel/vendor/laravel/framework/src/Illuminate/Container/Container.php(1580): Illuminate/Foundation/Application->make()
#6 C:/Users/kings/Downloads/partnership-tracker-laravel/pt-laravel/vendor/laravel/framework/src/Illuminate/Foundation/Application.php(1325): Illuminate/Container/Container->offsetGet()
#7 C:/Users/kings/Downloads/partnership-tracker-laravel/pt-laravel/vendor/laravel/sanctum/src/SanctumServiceProvider.php(68): Illuminate/Foundation/Application->routesAreCached()
#8 C:/Users/kings/Downloads/partnership-tracker-laravel/pt-laravel/vendor/laravel/sanctum/src/SanctumServiceProvider.php(56): Laravel/Sanctum/SanctumServiceProvider->defineRoutes()
#9 C:/Users/kings/Downloads/partnership-tracker-laravel/pt-laravel/vendor/laravel/framework/src/Illuminate/Container/BoundMethod.php(36): Laravel/Sanctum/SanctumServiceProvider->boot()
#10 C:/Users/kings/Downloads/partnership-tracker-laravel/pt-laravel/vendor/laravel/framework/src/Illuminate/Container/Util.php(43): Illuminate/Container/BoundMethod::{closure:Illuminate/Container/BoundMethod::call():35}()
#11 C:/Users/kings/Downloads/partnership-tracker-laravel/pt-laravel/vendor/laravel/framework/src/Illuminate/Container/BoundMethod.php(95): Illuminate/Container/Util::unwrapIfClosure()
#12 C:/Users/kings/Downloads/partnership-tracker-laravel/pt-laravel/vendor/laravel/framework/src/Illuminate/Container/BoundMethod.php(35): Illuminate/Container/BoundMethod::callBoundMethod()
#13 C:/Users/kings/Downloads/partnership-tracker-laravel/pt-laravel/vendor/laravel/framework/src/Illuminate/Container/Container.php(696): Illuminate/Container/BoundMethod::call()
#14 C:/Users/kings/Downloads/partnership-tracker-laravel/pt-laravel/vendor/laravel/framework/src/Illuminate/Foundation/Application.php(1151): Illuminate/Container/Container->call()
#15 C:/Users/kings/Downloads/partnership-tracker-laravel/pt-laravel/vendor/laravel/framework/src/Illuminate/Foundation/Application.php(1132): Illuminate/Foundation/Application->bootProvider()
#16 [internal function]: Illuminate/Foundation/Application->{closure:Illuminate/Foundation/Application::boot():1131}()
#17 C:/Users/kings/Downloads/partnership-tracker-laravel/pt-laravel/vendor/laravel/framework/src/Illuminate/Foundation/Application.php(1131): array_walk()
#18 C:/Users/kings/Downloads/partnership-tracker-laravel/pt-laravel/vendor/laravel/framework/src/Illuminate/Foundation/Bootstrap/BootProviders.php(17): Illuminate/Foundation/Application->boot()
#19 C:/Users/kings/Downloads/partnership-tracker-laravel/pt-laravel/vendor/laravel/framework/src/Illuminate/Foundation/Application.php(342): Illuminate/Foundation/Bootstrap/BootProviders->bootstrap()
#20 C:/Users/kings/Downloads/partnership-tracker-laravel/pt-laravel/vendor/laravel/framework/src/Illuminate/Foundation/Console/Kernel.php(474): Illuminate/Foundation/Application->bootstrapWith()
#21 C:/Users/kings/Downloads/partnership-tracker-laravel/pt-laravel/vendor/laravel/framework/src/Illuminate/Foundation/Console/Kernel.php(196): Illuminate/Foundation/Console/Kernel->bootstrap()
#22 Command line code(1): Illuminate/Foundation/Console/Kernel->handle()
#23 {main}
"} 
[2026-07-13 18:50:20] production.ERROR: Target class [files] does not exist. {"exception":"[object] (Illuminate\\Contracts\\Container\\BindingResolutionException(code: 0): Target class [files] does not exist. at C:/Users/kings/Downloads/partnership-tracker-laravel/pt-laravel/vendor/laravel/framework/src/Illuminate/Container/Container.php:961)
[stacktrace]
#0 C:/Users/kings/Downloads/partnership-tracker-laravel/pt-laravel/vendor/laravel/framework/src/Illuminate/Container/Container.php(832): Illuminate/Container/Container->build()
#1 C:/Users/kings/Downloads/partnership-tracker-laravel/pt-laravel/vendor/laravel/framework/src/Illuminate/Foundation/Application.php(1078): Illuminate/Container/Container->resolve()
#2 C:/Users/kings/Downloads/partnership-tracker-laravel/pt-laravel/vendor/laravel/framework/src/Illuminate/Container/Container.php(763): Illuminate/Foundation/Application->resolve()
#3 C:/Users/kings/Downloads/partnership-tracker-laravel/pt-laravel/vendor/laravel/framework/src/Illuminate/Foundation/Application.php(1058): Illuminate/Container/Container->make()
#4 C:/Users/kings/Downloads/partnership-tracker-laravel/pt-laravel/vendor/laravel/framework/src/Illuminate/Container/Container.php(1580): Illuminate/Foundation/Application->make()
#5 C:/Users/kings/Downloads/partnership-tracker-laravel/pt-laravel/vendor/laravel/framework/src/Illuminate/Foundation/Application.php(1325): Illuminate/Container/Container->offsetGet()
#6 C:/Users/kings/Downloads/partnership-tracker-laravel/pt-laravel/vendor/laravel/sanctum/src/SanctumServiceProvider.php(68): Illuminate/Foundation/Application->routesAreCached()
#7 C:/Users/kings/Downloads/partnership-tracker-laravel/pt-laravel/vendor/laravel/sanctum/src/SanctumServiceProvider.php(56): Laravel/Sanctum/SanctumServiceProvider->defineRoutes()
#8 C:/Users/kings/Downloads/partnership-tracker-laravel/pt-laravel/vendor/laravel/framework/src/Illuminate/Container/BoundMethod.php(36): Laravel/Sanctum/SanctumServiceProvider->boot()
#9 C:/Users/kings/Downloads/partnership-tracker-laravel/pt-laravel/vendor/laravel/framework/src/Illuminate/Container/Util.php(43): Illuminate/Container/BoundMethod::{closure:Illuminate/Container/BoundMethod::call():35}()
#10 C:/Users/kings/Downloads/partnership-tracker-laravel/pt-laravel/vendor/laravel/framework/src/Illuminate/Container/BoundMethod.php(95): Illuminate/Container/Util::unwrapIfClosure()
#11 C:/Users/kings/Downloads/partnership-tracker-laravel/pt-laravel/vendor/laravel/framework/src/Illuminate/Container/BoundMethod.php(35): Illuminate/Container/BoundMethod::callBoundMethod()
#12 C:/Users/kings/Downloads/partnership-tracker-laravel/pt-laravel/vendor/laravel/framework/src/Illuminate/Container/Container.php(696): Illuminate/Container/BoundMethod::call()
#13 C:/Users/kings/Downloads/partnership-tracker-laravel/pt-laravel/vendor/laravel/framework/src/Illuminate/Foundation/Application.php(1151): Illuminate/Container/Container->call()
#14 C:/Users/kings/Downloads/partnership-tracker-laravel/pt-laravel/vendor/laravel/framework/src/Illuminate/Foundation/Application.php(1132): Illuminate/Foundation/Application->bootProvider()
#15 [internal function]: Illuminate/Foundation/Application->{closure:Illuminate/Foundation/Application::boot():1131}()
#16 C:/Users/kings/Downloads/partnership-tracker-laravel/pt-laravel/vendor/laravel/framework/src/Illuminate/Foundation/Application.php(1131): array_walk()
#17 C:/Users/kings/Downloads/partnership-tracker-laravel/pt-laravel/vendor/laravel/framework/src/Illuminate/Foundation/Bootstrap/BootProviders.php(17): Illuminate/Foundation/Application->boot()
#18 C:/Users/kings/Downloads/partnership-tracker-laravel/pt-laravel/vendor/laravel/framework/src/Illuminate/Foundation/Application.php(342): Illuminate/Foundation/Bootstrap/BootProviders->bootstrap()
#19 C:/Users/kings/Downloads/partnership-tracker-laravel/pt-laravel/vendor/laravel/framework/src/Illuminate/Foundation/Console/Kernel.php(474): Illuminate/Foundation/Application->bootstrapWith()
#20 C:/Users/kings/Downloads/partnership-tracker-laravel/pt-laravel/vendor/laravel/framework/src/Illuminate/Foundation/Console/Kernel.php(196): Illuminate/Foundation/Console/Kernel->bootstrap()
#21 Command line code(1): Illuminate/Foundation/Console/Kernel->handle()
#22 {main}

[previous exception] [object] (ReflectionException(code: -1): Class \"files\" does not exist at C:/Users/kings/Downloads/partnership-tracker-laravel/pt-laravel/vendor/laravel/framework/src/Illuminate/Container/Container.php:959)
[stacktrace]
#0 C:/Users/kings/Downloads/partnership-tracker-laravel/pt-laravel/vendor/laravel/framework/src/Illuminate/Container/Container.php(959): ReflectionClass->__construct()
#1 C:/Users/kings/Downloads/partnership-tracker-laravel/pt-laravel/vendor/laravel/framework/src/Illuminate/Container/Container.php(832): Illuminate/Container/Container->build()
#2 C:/Users/kings/Downloads/partnership-tracker-laravel/pt-laravel/vendor/laravel/framework/src/Illuminate/Foundation/Application.php(1078): Illuminate/Container/Container->resolve()
#3 C:/Users/kings/Downloads/partnership-tracker-laravel/pt-laravel/vendor/laravel/framework/src/Illuminate/Container/Container.php(763): Illuminate/Foundation/Application->resolve()
#4 C:/Users/kings/Downloads/partnership-tracker-laravel/pt-laravel/vendor/laravel/framework/src/Illuminate/Foundation/Application.php(1058): Illuminate/Container/Container->make()
#5 C:/Users/kings/Downloads/partnership-tracker-laravel/pt-laravel/vendor/laravel/framework/src/Illuminate/Container/Container.php(1580): Illuminate/Foundation/Application->make()
#6 C:/Users/kings/Downloads/partnership-tracker-laravel/pt-laravel/vendor/laravel/framework/src/Illuminate/Foundation/Application.php(1325): Illuminate/Container/Container->offsetGet()
#7 C:/Users/kings/Downloads/partnership-tracker-laravel/pt-laravel/vendor/laravel/sanctum/src/SanctumServiceProvider.php(68): Illuminate/Foundation/Application->routesAreCached()
#8 C:/Users/kings/Downloads/partnership-tracker-laravel/pt-laravel/vendor/laravel/sanctum/src/SanctumServiceProvider.php(56): Laravel/Sanctum/SanctumServiceProvider->defineRoutes()
#9 C:/Users/kings/Downloads/partnership-tracker-laravel/pt-laravel/vendor/laravel/framework/src/Illuminate/Container/BoundMethod.php(36): Laravel/Sanctum/SanctumServiceProvider->boot()
#10 C:/Users/kings/Downloads/partnership-tracker-laravel/pt-laravel/vendor/laravel/framework/src/Illuminate/Container/Util.php(43): Illuminate/Container/BoundMethod::{closure:Illuminate/Container/BoundMethod::call():35}()
#11 C:/Users/kings/Downloads/partnership-tracker-laravel/pt-laravel/vendor/laravel/framework/src/Illuminate/Container/BoundMethod.php(95): Illuminate/Container/Util::unwrapIfClosure()
#12 C:/Users/kings/Downloads/partnership-tracker-laravel/pt-laravel/vendor/laravel/framework/src/Illuminate/Container/BoundMethod.php(35): Illuminate/Container/BoundMethod::callBoundMethod()
#13 C:/Users/kings/Downloads/partnership-tracker-laravel/pt-laravel/vendor/laravel/framework/src/Illuminate/Container/Container.php(696): Illuminate/Container/BoundMethod::call()
#14 C:/Users/kings/Downloads/partnership-tracker-laravel/pt-laravel/vendor/laravel/framework/src/Illuminate/Foundation/Application.php(1151): Illuminate/Container/Container->call()
#15 C:/Users/kings/Downloads/partnership-tracker-laravel/pt-laravel/vendor/laravel/framework/src/Illuminate/Foundation/Application.php(1132): Illuminate/Foundation/Application->bootProvider()
#16 [internal function]: Illuminate/Foundation/Application->{closure:Illuminate/Foundation/Application::boot():1131}()
#17 C:/Users/kings/Downloads/partnership-tracker-laravel/pt-laravel/vendor/laravel/framework/src/Illuminate/Foundation/Application.php(1131): array_walk()
#18 C:/Users/kings/Downloads/partnership-tracker-laravel/pt-laravel/vendor/laravel/framework/src/Illuminate/Foundation/Bootstrap/BootProviders.php(17): Illuminate/Foundation/Application->boot()
#19 C:/Users/kings/Downloads/partnership-tracker-laravel/pt-laravel/vendor/laravel/framework/src/Illuminate/Foundation/Application.php(342): Illuminate/Foundation/Bootstrap/BootProviders->bootstrap()
#20 C:/Users/kings/Downloads/partnership-tracker-laravel/pt-laravel/vendor/laravel/framework/src/Illuminate/Foundation/Console/Kernel.php(474): Illuminate/Foundation/Application->bootstrapWith()
#21 C:/Users/kings/Downloads/partnership-tracker-laravel/pt-laravel/vendor/laravel/framework/src/Illuminate/Foundation/Console/Kernel.php(196): Illuminate/Foundation/Console/Kernel->bootstrap()
#22 Command line code(1): Illuminate/Foundation/Console/Kernel->handle()
#23 {main}
"} 
[2026-07-13 18:51:20] production.ERROR: Target class [files] does not exist. {"exception":"[object] (Illuminate\\Contracts\\Container\\BindingResolutionException(code: 0): Target class [files] does not exist. at C:/Users/kings/Downloads/partnership-tracker-laravel/pt-laravel/vendor/laravel/framework/src/Illuminate/Container/Container.php:961)
[stacktrace]
#0 C:/Users/kings/Downloads/partnership-tracker-laravel/pt-laravel/vendor/laravel/framework/src/Illuminate/Container/Container.php(832): Illuminate/Container/Container->build()
#1 C:/Users/kings/Downloads/partnership-tracker-laravel/pt-laravel/vendor/laravel/framework/src/Illuminate/Foundation/Application.php(1078): Illuminate/Container/Container->resolve()
#2 C:/Users/kings/Downloads/partnership-tracker-laravel/pt-laravel/vendor/laravel/framework/src/Illuminate/Container/Container.php(763): Illuminate/Foundation/Application->resolve()
#3 C:/Users/kings/Downloads/partnership-tracker-laravel/pt-laravel/vendor/laravel/framework/src/Illuminate/Foundation/Application.php(1058): Illuminate/Container/Container->make()
#4 C:/Users/kings/Downloads/partnership-tracker-laravel/pt-laravel/vendor/laravel/framework/src/Illuminate/Container/Container.php(1580): Illuminate/Foundation/Application->make()
#5 C:/Users/kings/Downloads/partnership-tracker-laravel/pt-laravel/vendor/laravel/framework/src/Illuminate/Foundation/Application.php(1325): Illuminate/Container/Container->offsetGet()
#6 C:/Users/kings/Downloads/partnership-tracker-laravel/pt-laravel/vendor/laravel/sanctum/src/SanctumServiceProvider.php(68): Illuminate/Foundation/Application->routesAreCached()
#7 C:/Users/kings/Downloads/partnership-tracker-laravel/pt-laravel/vendor/laravel/sanctum/src/SanctumServiceProvider.php(56): Laravel/Sanctum/SanctumServiceProvider->defineRoutes()
#8 C:/Users/kings/Downloads/partnership-tracker-laravel/pt-laravel/vendor/laravel/framework/src/Illuminate/Container/BoundMethod.php(36): Laravel/Sanctum/SanctumServiceProvider->boot()
#9 C:/Users/kings/Downloads/partnership-tracker-laravel/pt-laravel/vendor/laravel/framework/src/Illuminate/Container/Util.php(43): Illuminate/Container/BoundMethod::{closure:Illuminate/Container/BoundMethod::call():35}()
#10 C:/Users/kings/Downloads/partnership-tracker-laravel/pt-laravel/vendor/laravel/framework/src/Illuminate/Container/BoundMethod.php(95): Illuminate/Container/Util::unwrapIfClosure()
#11 C:/Users/kings/Downloads/partnership-tracker-laravel/pt-laravel/vendor/laravel/framework/src/Illuminate/Container/BoundMethod.php(35): Illuminate/Container/BoundMethod::callBoundMethod()
#12 C:/Users/kings/Downloads/partnership-tracker-laravel/pt-laravel/vendor/laravel/framework/src/Illuminate/Container/Container.php(696): Illuminate/Container/BoundMethod::call()
#13 C:/Users/kings/Downloads/partnership-tracker-laravel/pt-laravel/vendor/laravel/framework/src/Illuminate/Foundation/Application.php(1151): Illuminate/Container/Container->call()
#14 C:/Users/kings/Downloads/partnership-tracker-laravel/pt-laravel/vendor/laravel/framework/src/Illuminate/Foundation/Application.php(1132): Illuminate/Foundation/Application->bootProvider()
#15 [internal function]: Illuminate/Foundation/Application->{closure:Illuminate/Foundation/Application::boot():1131}()
#16 C:/Users/kings/Downloads/partnership-tracker-laravel/pt-laravel/vendor/laravel/framework/src/Illuminate/Foundation/Application.php(1131): array_walk()
#17 C:/Users/kings/Downloads/partnership-tracker-laravel/pt-laravel/vendor/laravel/framework/src/Illuminate/Foundation/Bootstrap/BootProviders.php(17): Illuminate/Foundation/Application->boot()
#18 C:/Users/kings/Downloads/partnership-tracker-laravel/pt-laravel/vendor/laravel/framework/src/Illuminate/Foundation/Application.php(342): Illuminate/Foundation/Bootstrap/BootProviders->bootstrap()
#19 C:/Users/kings/Downloads/partnership-tracker-laravel/pt-laravel/vendor/laravel/framework/src/Illuminate/Foundation/Console/Kernel.php(474): Illuminate/Foundation/Application->bootstrapWith()
#20 C:/Users/kings/Downloads/partnership-tracker-laravel/pt-laravel/vendor/laravel/framework/src/Illuminate/Foundation/Console/Kernel.php(196): Illuminate/Foundation/Console/Kernel->bootstrap()
#21 Command line code(1): Illuminate/Foundation/Console/Kernel->handle()
#22 {main}

[previous exception] [object] (ReflectionException(code: -1): Class \"files\" does not exist at C:/Users/kings/Downloads/partnership-tracker-laravel/pt-laravel/vendor/laravel/framework/src/Illuminate/Container/Container.php:959)
[stacktrace]
#0 C:/Users/kings/Downloads/partnership-tracker-laravel/pt-laravel/vendor/laravel/framework/src/Illuminate/Container/Container.php(959): ReflectionClass->__construct()
#1 C:/Users/kings/Downloads/partnership-tracker-laravel/pt-laravel/vendor/laravel/framework/src/Illuminate/Container/Container.php(832): Illuminate/Container/Container->build()
#2 C:/Users/kings/Downloads/partnership-tracker-laravel/pt-laravel/vendor/laravel/framework/src/Illuminate/Foundation/Application.php(1078): Illuminate/Container/Container->resolve()
#3 C:/Users/kings/Downloads/partnership-tracker-laravel/pt-laravel/vendor/laravel/framework/src/Illuminate/Container/Container.php(763): Illuminate/Foundation/Application->resolve()
#4 C:/Users/kings/Downloads/partnership-tracker-laravel/pt-laravel/vendor/laravel/framework/src/Illuminate/Foundation/Application.php(1058): Illuminate/Container/Container->make()
#5 C:/Users/kings/Downloads/partnership-tracker-laravel/pt-laravel/vendor/laravel/framework/src/Illuminate/Container/Container.php(1580): Illuminate/Foundation/Application->make()
#6 C:/Users/kings/Downloads/partnership-tracker-laravel/pt-laravel/vendor/laravel/framework/src/Illuminate/Foundation/Application.php(1325): Illuminate/Container/Container->offsetGet()
#7 C:/Users/kings/Downloads/partnership-tracker-laravel/pt-laravel/vendor/laravel/sanctum/src/SanctumServiceProvider.php(68): Illuminate/Foundation/Application->routesAreCached()
#8 C:/Users/kings/Downloads/partnership-tracker-laravel/pt-laravel/vendor/laravel/sanctum/src/SanctumServiceProvider.php(56): Laravel/Sanctum/SanctumServiceProvider->defineRoutes()
#9 C:/Users/kings/Downloads/partnership-tracker-laravel/pt-laravel/vendor/laravel/framework/src/Illuminate/Container/BoundMethod.php(36): Laravel/Sanctum/SanctumServiceProvider->boot()
#10 C:/Users/kings/Downloads/partnership-tracker-laravel/pt-laravel/vendor/laravel/framework/src/Illuminate/Container/Util.php(43): Illuminate/Container/BoundMethod::{closure:Illuminate/Container/BoundMethod::call():35}()
#11 C:/Users/kings/Downloads/partnership-tracker-laravel/pt-laravel/vendor/laravel/framework/src/Illuminate/Container/BoundMethod.php(95): Illuminate/Container/Util::unwrapIfClosure()
#12 C:/Users/kings/Downloads/partnership-tracker-laravel/pt-laravel/vendor/laravel/framework/src/Illuminate/Container/BoundMethod.php(35): Illuminate/Container/BoundMethod::callBoundMethod()
#13 C:/Users/kings/Downloads/partnership-tracker-laravel/pt-laravel/vendor/laravel/framework/src/Illuminate/Container/Container.php(696): Illuminate/Container/BoundMethod::call()
#14 C:/Users/kings/Downloads/partnership-tracker-laravel/pt-laravel/vendor/laravel/framework/src/Illuminate/Foundation/Application.php(1151): Illuminate/Container/Container->call()
#15 C:/Users/kings/Downloads/partnership-tracker-laravel/pt-laravel/vendor/laravel/framework/src/Illuminate/Foundation/Application.php(1132): Illuminate/Foundation/Application->bootProvider()
#16 [internal function]: Illuminate/Foundation/Application->{closure:Illuminate/Foundation/Application::boot():1131}()
#17 C:/Users/kings/Downloads/partnership-tracker-laravel/pt-laravel/vendor/laravel/framework/src/Illuminate/Foundation/Application.php(1131): array_walk()
#18 C:/Users/kings/Downloads/partnership-tracker-laravel/pt-laravel/vendor/laravel/framework/src/Illuminate/Foundation/Bootstrap/BootProviders.php(17): Illuminate/Foundation/Application->boot()
#19 C:/Users/kings/Downloads/partnership-tracker-laravel/pt-laravel/vendor/laravel/framework/src/Illuminate/Foundation/Application.php(342): Illuminate/Foundation/Bootstrap/BootProviders->bootstrap()
#20 C:/Users/kings/Downloads/partnership-tracker-laravel/pt-laravel/vendor/laravel/framework/src/Illuminate/Foundation/Console/Kernel.php(474): Illuminate/Foundation/Application->bootstrapWith()
#21 C:/Users/kings/Downloads/partnership-tracker-laravel/pt-laravel/vendor/laravel/framework/src/Illuminate/Foundation/Console/Kernel.php(196): Illuminate/Foundation/Console/Kernel->bootstrap()
#22 Command line code(1): Illuminate/Foundation/Console/Kernel->handle()
#23 {main}
"} 
[2026-07-13 18:51:20] production.ERROR: Target class [files] does not exist. {"exception":"[object] (Illuminate\\Contracts\\Container\\BindingResolutionException(code: 0): Target class [files] does not exist. at C:/Users/kings/Downloads/partnership-tracker-laravel/pt-laravel/vendor/laravel/framework/src/Illuminate/Container/Container.php:961)
[stacktrace]
#0 C:/Users/kings/Downloads/partnership-tracker-laravel/pt-laravel/vendor/laravel/framework/src/Illuminate/Container/Container.php(832): Illuminate/Container/Container->build()
#1 C:/Users/kings/Downloads/partnership-tracker-laravel/pt-laravel/vendor/laravel/framework/src/Illuminate/Foundation/Application.php(1078): Illuminate/Container/Container->resolve()
#2 C:/Users/kings/Downloads/partnership-tracker-laravel/pt-laravel/vendor/laravel/framework/src/Illuminate/Container/Container.php(763): Illuminate/Foundation/Application->resolve()
#3 C:/Users/kings/Downloads/partnership-tracker-laravel/pt-laravel/vendor/laravel/framework/src/Illuminate/Foundation/Application.php(1058): Illuminate/Container/Container->make()
#4 C:/Users/kings/Downloads/partnership-tracker-laravel/pt-laravel/vendor/laravel/framework/src/Illuminate/Container/Container.php(1580): Illuminate/Foundation/Application->make()
#5 C:/Users/kings/Downloads/partnership-tracker-laravel/pt-laravel/vendor/laravel/framework/src/Illuminate/Foundation/Application.php(1325): Illuminate/Container/Container->offsetGet()
#6 C:/Users/kings/Downloads/partnership-tracker-laravel/pt-laravel/vendor/laravel/sanctum/src/SanctumServiceProvider.php(68): Illuminate/Foundation/Application->routesAreCached()
#7 C:/Users/kings/Downloads/partnership-tracker-laravel/pt-laravel/vendor/laravel/sanctum/src/SanctumServiceProvider.php(56): Laravel/Sanctum/SanctumServiceProvider->defineRoutes()
#8 C:/Users/kings/Downloads/partnership-tracker-laravel/pt-laravel/vendor/laravel/framework/src/Illuminate/Container/BoundMethod.php(36): Laravel/Sanctum/SanctumServiceProvider->boot()
#9 C:/Users/kings/Downloads/partnership-tracker-laravel/pt-laravel/vendor/laravel/framework/src/Illuminate/Container/Util.php(43): Illuminate/Container/BoundMethod::{closure:Illuminate/Container/BoundMethod::call():35}()
#10 C:/Users/kings/Downloads/partnership-tracker-laravel/pt-laravel/vendor/laravel/framework/src/Illuminate/Container/BoundMethod.php(95): Illuminate/Container/Util::unwrapIfClosure()
#11 C:/Users/kings/Downloads/partnership-tracker-laravel/pt-laravel/vendor/laravel/framework/src/Illuminate/Container/BoundMethod.php(35): Illuminate/Container/BoundMethod::callBoundMethod()
#12 C:/Users/kings/Downloads/partnership-tracker-laravel/pt-laravel/vendor/laravel/framework/src/Illuminate/Container/Container.php(696): Illuminate/Container/BoundMethod::call()
#13 C:/Users/kings/Downloads/partnership-tracker-laravel/pt-laravel/vendor/laravel/framework/src/Illuminate/Foundation/Application.php(1151): Illuminate/Container/Container->call()
#14 C:/Users/kings/Downloads/partnership-tracker-laravel/pt-laravel/vendor/laravel/framework/src/Illuminate/Foundation/Application.php(1132): Illuminate/Foundation/Application->bootProvider()
#15 [internal function]: Illuminate/Foundation/Application->{closure:Illuminate/Foundation/Application::boot():1131}()
#16 C:/Users/kings/Downloads/partnership-tracker-laravel/pt-laravel/vendor/laravel/framework/src/Illuminate/Foundation/Application.php(1131): array_walk()
#17 C:/Users/kings/Downloads/partnership-tracker-laravel/pt-laravel/vendor/laravel/framework/src/Illuminate/Foundation/Bootstrap/BootProviders.php(17): Illuminate/Foundation/Application->boot()
#18 C:/Users/kings/Downloads/partnership-tracker-laravel/pt-laravel/vendor/laravel/framework/src/Illuminate/Foundation/Application.php(342): Illuminate/Foundation/Bootstrap/BootProviders->bootstrap()
#19 C:/Users/kings/Downloads/partnership-tracker-laravel/pt-laravel/vendor/laravel/framework/src/Illuminate/Foundation/Console/Kernel.php(474): Illuminate/Foundation/Application->bootstrapWith()
#20 C:/Users/kings/Downloads/partnership-tracker-laravel/pt-laravel/vendor/laravel/framework/src/Illuminate/Foundation/Console/Kernel.php(196): Illuminate/Foundation/Console/Kernel->bootstrap()
#21 Command line code(1): Illuminate/Foundation/Console/Kernel->handle()
#22 {main}

[previous exception] [object] (ReflectionException(code: -1): Class \"files\" does not exist at C:/Users/kings/Downloads/partnership-tracker-laravel/pt-laravel/vendor/laravel/framework/src/Illuminate/Container/Container.php:959)
[stacktrace]
#0 C:/Users/kings/Downloads/partnership-tracker-laravel/pt-laravel/vendor/laravel/framework/src/Illuminate/Container/Container.php(959): ReflectionClass->__construct()
#1 C:/Users/kings/Downloads/partnership-tracker-laravel/pt-laravel/vendor/laravel/framework/src/Illuminate/Container/Container.php(832): Illuminate/Container/Container->build()
#2 C:/Users/kings/Downloads/partnership-tracker-laravel/pt-laravel/vendor/laravel/framework/src/Illuminate/Foundation/Application.php(1078): Illuminate/Container/Container->resolve()
#3 C:/Users/kings/Downloads/partnership-tracker-laravel/pt-laravel/vendor/laravel/framework/src/Illuminate/Container/Container.php(763): Illuminate/Foundation/Application->resolve()
#4 C:/Users/kings/Downloads/partnership-tracker-laravel/pt-laravel/vendor/laravel/framework/src/Illuminate/Foundation/Application.php(1058): Illuminate/Container/Container->make()
#5 C:/Users/kings/Downloads/partnership-tracker-laravel/pt-laravel/vendor/laravel/framework/src/Illuminate/Container/Container.php(1580): Illuminate/Foundation/Application->make()
#6 C:/Users/kings/Downloads/partnership-tracker-laravel/pt-laravel/vendor/laravel/framework/src/Illuminate/Foundation/Application.php(1325): Illuminate/Container/Container->offsetGet()
#7 C:/Users/kings/Downloads/partnership-tracker-laravel/pt-laravel/vendor/laravel/sanctum/src/SanctumServiceProvider.php(68): Illuminate/Foundation/Application->routesAreCached()
#8 C:/Users/kings/Downloads/partnership-tracker-laravel/pt-laravel/vendor/laravel/sanctum/src/SanctumServiceProvider.php(56): Laravel/Sanctum/SanctumServiceProvider->defineRoutes()
#9 C:/Users/kings/Downloads/partnership-tracker-laravel/pt-laravel/vendor/laravel/framework/src/Illuminate/Container/BoundMethod.php(36): Laravel/Sanctum/SanctumServiceProvider->boot()
#10 C:/Users/kings/Downloads/partnership-tracker-laravel/pt-laravel/vendor/laravel/framework/src/Illuminate/Container/Util.php(43): Illuminate/Container/BoundMethod::{closure:Illuminate/Container/BoundMethod::call():35}()
#11 C:/Users/kings/Downloads/partnership-tracker-laravel/pt-laravel/vendor/laravel/framework/src/Illuminate/Container/BoundMethod.php(95): Illuminate/Container/Util::unwrapIfClosure()
#12 C:/Users/kings/Downloads/partnership-tracker-laravel/pt-laravel/vendor/laravel/framework/src/Illuminate/Container/BoundMethod.php(35): Illuminate/Container/BoundMethod::callBoundMethod()
#13 C:/Users/kings/Downloads/partnership-tracker-laravel/pt-laravel/vendor/laravel/framework/src/Illuminate/Container/Container.php(696): Illuminate/Container/BoundMethod::call()
#14 C:/Users/kings/Downloads/partnership-tracker-laravel/pt-laravel/vendor/laravel/framework/src/Illuminate/Foundation/Application.php(1151): Illuminate/Container/Container->call()
#15 C:/Users/kings/Downloads/partnership-tracker-laravel/pt-laravel/vendor/laravel/framework/src/Illuminate/Foundation/Application.php(1132): Illuminate/Foundation/Application->bootProvider()
#16 [internal function]: Illuminate/Foundation/Application->{closure:Illuminate/Foundation/Application::boot():1131}()
#17 C:/Users/kings/Downloads/partnership-tracker-laravel/pt-laravel/vendor/laravel/framework/src/Illuminate/Foundation/Application.php(1131): array_walk()
#18 C:/Users/kings/Downloads/partnership-tracker-laravel/pt-laravel/vendor/laravel/framework/src/Illuminate/Foundation/Bootstrap/BootProviders.php(17): Illuminate/Foundation/Application->boot()
#19 C:/Users/kings/Downloads/partnership-tracker-laravel/pt-laravel/vendor/laravel/framework/src/Illuminate/Foundation/Application.php(342): Illuminate/Foundation/Bootstrap/BootProviders->bootstrap()
#20 C:/Users/kings/Downloads/partnership-tracker-laravel/pt-laravel/vendor/laravel/framework/src/Illuminate/Foundation/Console/Kernel.php(474): Illuminate/Foundation/Application->bootstrapWith()
#21 C:/Users/kings/Downloads/partnership-tracker-laravel/pt-laravel/vendor/laravel/framework/src/Illuminate/Foundation/Console/Kernel.php(196): Illuminate/Foundation/Console/Kernel->bootstrap()
#22 Command line code(1): Illuminate/Foundation/Console/Kernel->handle()
#23 {main}
"} 
[2026-07-13 18:52:19] production.ERROR: Target class [files] does not exist. {"exception":"[object] (Illuminate\\Contracts\\Container\\BindingResolutionException(code: 0): Target class [files] does not exist. at C:/Users/kings/Downloads/partnership-tracker-laravel/pt-laravel/vendor/laravel/framework/src/Illuminate/Container/Container.php:961)
[stacktrace]
#0 C:/Users/kings/Downloads/partnership-tracker-laravel/pt-laravel/vendor/laravel/framework/src/Illuminate/Container/Container.php(832): Illuminate/Container/Container->build()
#1 C:/Users/kings/Downloads/partnership-tracker-laravel/pt-laravel/vendor/laravel/framework/src/Illuminate/Foundation/Application.php(1078): Illuminate/Container/Container->resolve()
#2 C:/Users/kings/Downloads/partnership-tracker-laravel/pt-laravel/vendor/laravel/framework/src/Illuminate/Container/Container.php(763): Illuminate/Foundation/Application->resolve()
#3 C:/Users/kings/Downloads/partnership-tracker-laravel/pt-laravel/vendor/laravel/framework/src/Illuminate/Foundation/Application.php(1058): Illuminate/Container/Container->make()
#4 C:/Users/kings/Downloads/partnership-tracker-laravel/pt-laravel/vendor/laravel/framework/src/Illuminate/Container/Container.php(1580): Illuminate/Foundation/Application->make()
#5 C:/Users/kings/Downloads/partnership-tracker-laravel/pt-laravel/vendor/laravel/framework/src/Illuminate/Foundation/Application.php(1325): Illuminate/Container/Container->offsetGet()
#6 C:/Users/kings/Downloads/partnership-tracker-laravel/pt-laravel/vendor/laravel/sanctum/src/SanctumServiceProvider.php(68): Illuminate/Foundation/Application->routesAreCached()
#7 C:/Users/kings/Downloads/partnership-tracker-laravel/pt-laravel/vendor/laravel/sanctum/src/SanctumServiceProvider.php(56): Laravel/Sanctum/SanctumServiceProvider->defineRoutes()
#8 C:/Users/kings/Downloads/partnership-tracker-laravel/pt-laravel/vendor/laravel/framework/src/Illuminate/Container/BoundMethod.php(36): Laravel/Sanctum/SanctumServiceProvider->boot()
#9 C:/Users/kings/Downloads/partnership-tracker-laravel/pt-laravel/vendor/laravel/framework/src/Illuminate/Container/Util.php(43): Illuminate/Container/BoundMethod::{closure:Illuminate/Container/BoundMethod::call():35}()
#10 C:/Users/kings/Downloads/partnership-tracker-laravel/pt-laravel/vendor/laravel/framework/src/Illuminate/Container/BoundMethod.php(95): Illuminate/Container/Util::unwrapIfClosure()
#11 C:/Users/kings/Downloads/partnership-tracker-laravel/pt-laravel/vendor/laravel/framework/src/Illuminate/Container/BoundMethod.php(35): Illuminate/Container/BoundMethod::callBoundMethod()
#12 C:/Users/kings/Downloads/partnership-tracker-laravel/pt-laravel/vendor/laravel/framework/src/Illuminate/Container/Container.php(696): Illuminate/Container/BoundMethod::call()
#13 C:/Users/kings/Downloads/partnership-tracker-laravel/pt-laravel/vendor/laravel/framework/src/Illuminate/Foundation/Application.php(1151): Illuminate/Container/Container->call()
#14 C:/Users/kings/Downloads/partnership-tracker-laravel/pt-laravel/vendor/laravel/framework/src/Illuminate/Foundation/Application.php(1132): Illuminate/Foundation/Application->bootProvider()
#15 [internal function]: Illuminate/Foundation/Application->{closure:Illuminate/Foundation/Application::boot():1131}()
#16 C:/Users/kings/Downloads/partnership-tracker-laravel/pt-laravel/vendor/laravel/framework/src/Illuminate/Foundation/Application.php(1131): array_walk()
#17 C:/Users/kings/Downloads/partnership-tracker-laravel/pt-laravel/vendor/laravel/framework/src/Illuminate/Foundation/Bootstrap/BootProviders.php(17): Illuminate/Foundation/Application->boot()
#18 C:/Users/kings/Downloads/partnership-tracker-laravel/pt-laravel/vendor/laravel/framework/src/Illuminate/Foundation/Application.php(342): Illuminate/Foundation/Bootstrap/BootProviders->bootstrap()
#19 C:/Users/kings/Downloads/partnership-tracker-laravel/pt-laravel/vendor/laravel/framework/src/Illuminate/Foundation/Console/Kernel.php(474): Illuminate/Foundation/Application->bootstrapWith()
#20 C:/Users/kings/Downloads/partnership-tracker-laravel/pt-laravel/vendor/laravel/framework/src/Illuminate/Foundation/Console/Kernel.php(196): Illuminate/Foundation/Console/Kernel->bootstrap()
#21 Command line code(1): Illuminate/Foundation/Console/Kernel->handle()
#22 {main}

[previous exception] [object] (ReflectionException(code: -1): Class \"files\" does not exist at C:/Users/kings/Downloads/partnership-tracker-laravel/pt-laravel/vendor/laravel/framework/src/Illuminate/Container/Container.php:959)
[stacktrace]
#0 C:/Users/kings/Downloads/partnership-tracker-laravel/pt-laravel/vendor/laravel/framework/src/Illuminate/Container/Container.php(959): ReflectionClass->__construct()
#1 C:/Users/kings/Downloads/partnership-tracker-laravel/pt-laravel/vendor/laravel/framework/src/Illuminate/Container/Container.php(832): Illuminate/Container/Container->build()
#2 C:/Users/kings/Downloads/partnership-tracker-laravel/pt-laravel/vendor/laravel/framework/src/Illuminate/Foundation/Application.php(1078): Illuminate/Container/Container->resolve()
#3 C:/Users/kings/Downloads/partnership-tracker-laravel/pt-laravel/vendor/laravel/framework/src/Illuminate/Container/Container.php(763): Illuminate/Foundation/Application->resolve()
#4 C:/Users/kings/Downloads/partnership-tracker-laravel/pt-laravel/vendor/laravel/framework/src/Illuminate/Foundation/Application.php(1058): Illuminate/Container/Container->make()
#5 C:/Users/kings/Downloads/partnership-tracker-laravel/pt-laravel/vendor/laravel/framework/src/Illuminate/Container/Container.php(1580): Illuminate/Foundation/Application->make()
#6 C:/Users/kings/Downloads/partnership-tracker-laravel/pt-laravel/vendor/laravel/framework/src/Illuminate/Foundation/Application.php(1325): Illuminate/Container/Container->offsetGet()
#7 C:/Users/kings/Downloads/partnership-tracker-laravel/pt-laravel/vendor/laravel/sanctum/src/SanctumServiceProvider.php(68): Illuminate/Foundation/Application->routesAreCached()
#8 C:/Users/kings/Downloads/partnership-tracker-laravel/pt-laravel/vendor/laravel/sanctum/src/SanctumServiceProvider.php(56): Laravel/Sanctum/SanctumServiceProvider->defineRoutes()
#9 C:/Users/kings/Downloads/partnership-tracker-laravel/pt-laravel/vendor/laravel/framework/src/Illuminate/Container/BoundMethod.php(36): Laravel/Sanctum/SanctumServiceProvider->boot()
#10 C:/Users/kings/Downloads/partnership-tracker-laravel/pt-laravel/vendor/laravel/framework/src/Illuminate/Container/Util.php(43): Illuminate/Container/BoundMethod::{closure:Illuminate/Container/BoundMethod::call():35}()
#11 C:/Users/kings/Downloads/partnership-tracker-laravel/pt-laravel/vendor/laravel/framework/src/Illuminate/Container/BoundMethod.php(95): Illuminate/Container/Util::unwrapIfClosure()
#12 C:/Users/kings/Downloads/partnership-tracker-laravel/pt-laravel/vendor/laravel/framework/src/Illuminate/Container/BoundMethod.php(35): Illuminate/Container/BoundMethod::callBoundMethod()
#13 C:/Users/kings/Downloads/partnership-tracker-laravel/pt-laravel/vendor/laravel/framework/src/Illuminate/Container/Container.php(696): Illuminate/Container/BoundMethod::call()
#14 C:/Users/kings/Downloads/partnership-tracker-laravel/pt-laravel/vendor/laravel/framework/src/Illuminate/Foundation/Application.php(1151): Illuminate/Container/Container->call()
#15 C:/Users/kings/Downloads/partnership-tracker-laravel/pt-laravel/vendor/laravel/framework/src/Illuminate/Foundation/Application.php(1132): Illuminate/Foundation/Application->bootProvider()
#16 [internal function]: Illuminate/Foundation/Application->{closure:Illuminate/Foundation/Application::boot():1131}()
#17 C:/Users/kings/Downloads/partnership-tracker-laravel/pt-laravel/vendor/laravel/framework/src/Illuminate/Foundation/Application.php(1131): array_walk()
#18 C:/Users/kings/Downloads/partnership-tracker-laravel/pt-laravel/vendor/laravel/framework/src/Illuminate/Foundation/Bootstrap/BootProviders.php(17): Illuminate/Foundation/Application->boot()
#19 C:/Users/kings/Downloads/partnership-tracker-laravel/pt-laravel/vendor/laravel/framework/src/Illuminate/Foundation/Application.php(342): Illuminate/Foundation/Bootstrap/BootProviders->bootstrap()
#20 C:/Users/kings/Downloads/partnership-tracker-laravel/pt-laravel/vendor/laravel/framework/src/Illuminate/Foundation/Console/Kernel.php(474): Illuminate/Foundation/Application->bootstrapWith()
#21 C:/Users/kings/Downloads/partnership-tracker-laravel/pt-laravel/vendor/laravel/framework/src/Illuminate/Foundation/Console/Kernel.php(196): Illuminate/Foundation/Console/Kernel->bootstrap()
#22 Command line code(1): Illuminate/Foundation/Console/Kernel->handle()
#23 {main}
"} 
[2026-07-13 18:52:20] production.ERROR: Target class [files] does not exist. {"exception":"[object] (Illuminate\\Contracts\\Container\\BindingResolutionException(code: 0): Target class [files] does not exist. at C:/Users/kings/Downloads/partnership-tracker-laravel/pt-laravel/vendor/laravel/framework/src/Illuminate/Container/Container.php:961)
[stacktrace]
#0 C:/Users/kings/Downloads/partnership-tracker-laravel/pt-laravel/vendor/laravel/framework/src/Illuminate/Container/Container.php(832): Illuminate/Container/Container->build()
#1 C:/Users/kings/Downloads/partnership-tracker-laravel/pt-laravel/vendor/laravel/framework/src/Illuminate/Foundation/Application.php(1078): Illuminate/Container/Container->resolve()
#2 C:/Users/kings/Downloads/partnership-tracker-laravel/pt-laravel/vendor/laravel/framework/src/Illuminate/Container/Container.php(763): Illuminate/Foundation/Application->resolve()
#3 C:/Users/kings/Downloads/partnership-tracker-laravel/pt-laravel/vendor/laravel/framework/src/Illuminate/Foundation/Application.php(1058): Illuminate/Container/Container->make()
#4 C:/Users/kings/Downloads/partnership-tracker-laravel/pt-laravel/vendor/laravel/framework/src/Illuminate/Container/Container.php(1580): Illuminate/Foundation/Application->make()
#5 C:/Users/kings/Downloads/partnership-tracker-laravel/pt-laravel/vendor/laravel/framework/src/Illuminate/Foundation/Application.php(1325): Illuminate/Container/Container->offsetGet()
#6 C:/Users/kings/Downloads/partnership-tracker-laravel/pt-laravel/vendor/laravel/sanctum/src/SanctumServiceProvider.php(68): Illuminate/Foundation/Application->routesAreCached()
#7 C:/Users/kings/Downloads/partnership-tracker-laravel/pt-laravel/vendor/laravel/sanctum/src/SanctumServiceProvider.php(56): Laravel/Sanctum/SanctumServiceProvider->defineRoutes()
#8 C:/Users/kings/Downloads/partnership-tracker-laravel/pt-laravel/vendor/laravel/framework/src/Illuminate/Container/BoundMethod.php(36): Laravel/Sanctum/SanctumServiceProvider->boot()
#9 C:/Users/kings/Downloads/partnership-tracker-laravel/pt-laravel/vendor/laravel/framework/src/Illuminate/Container/Util.php(43): Illuminate/Container/BoundMethod::{closure:Illuminate/Container/BoundMethod::call():35}()
#10 C:/Users/kings/Downloads/partnership-tracker-laravel/pt-laravel/vendor/laravel/framework/src/Illuminate/Container/BoundMethod.php(95): Illuminate/Container/Util::unwrapIfClosure()
#11 C:/Users/kings/Downloads/partnership-tracker-laravel/pt-laravel/vendor/laravel/framework/src/Illuminate/Container/BoundMethod.php(35): Illuminate/Container/BoundMethod::callBoundMethod()
#12 C:/Users/kings/Downloads/partnership-tracker-laravel/pt-laravel/vendor/laravel/framework/src/Illuminate/Container/Container.php(696): Illuminate/Container/BoundMethod::call()
#13 C:/Users/kings/Downloads/partnership-tracker-laravel/pt-laravel/vendor/laravel/framework/src/Illuminate/Foundation/Application.php(1151): Illuminate/Container/Container->call()
#14 C:/Users/kings/Downloads/partnership-tracker-laravel/pt-laravel/vendor/laravel/framework/src/Illuminate/Foundation/Application.php(1132): Illuminate/Foundation/Application->bootProvider()
#15 [internal function]: Illuminate/Foundation/Application->{closure:Illuminate/Foundation/Application::boot():1131}()
#16 C:/Users/kings/Downloads/partnership-tracker-laravel/pt-laravel/vendor/laravel/framework/src/Illuminate/Foundation/Application.php(1131): array_walk()
#17 C:/Users/kings/Downloads/partnership-tracker-laravel/pt-laravel/vendor/laravel/framework/src/Illuminate/Foundation/Bootstrap/BootProviders.php(17): Illuminate/Foundation/Application->boot()
#18 C:/Users/kings/Downloads/partnership-tracker-laravel/pt-laravel/vendor/laravel/framework/src/Illuminate/Foundation/Application.php(342): Illuminate/Foundation/Bootstrap/BootProviders->bootstrap()
#19 C:/Users/kings/Downloads/partnership-tracker-laravel/pt-laravel/vendor/laravel/framework/src/Illuminate/Foundation/Console/Kernel.php(474): Illuminate/Foundation/Application->bootstrapWith()
#20 C:/Users/kings/Downloads/partnership-tracker-laravel/pt-laravel/vendor/laravel/framework/src/Illuminate/Foundation/Console/Kernel.php(196): Illuminate/Foundation/Console/Kernel->bootstrap()
#21 Command line code(1): Illuminate/Foundation/Console/Kernel->handle()
#22 {main}

[previous exception] [object] (ReflectionException(code: -1): Class \"files\" does not exist at C:/Users/kings/Downloads/partnership-tracker-laravel/pt-laravel/vendor/laravel/framework/src/Illuminate/Container/Container.php:959)
[stacktrace]
#0 C:/Users/kings/Downloads/partnership-tracker-laravel/pt-laravel/vendor/laravel/framework/src/Illuminate/Container/Container.php(959): ReflectionClass->__construct()
#1 C:/Users/kings/Downloads/partnership-tracker-laravel/pt-laravel/vendor/laravel/framework/src/Illuminate/Container/Container.php(832): Illuminate/Container/Container->build()
#2 C:/Users/kings/Downloads/partnership-tracker-laravel/pt-laravel/vendor/laravel/framework/src/Illuminate/Foundation/Application.php(1078): Illuminate/Container/Container->resolve()
#3 C:/Users/kings/Downloads/partnership-tracker-laravel/pt-laravel/vendor/laravel/framework/src/Illuminate/Container/Container.php(763): Illuminate/Foundation/Application->resolve()
#4 C:/Users/kings/Downloads/partnership-tracker-laravel/pt-laravel/vendor/laravel/framework/src/Illuminate/Foundation/Application.php(1058): Illuminate/Container/Container->make()
#5 C:/Users/kings/Downloads/partnership-tracker-laravel/pt-laravel/vendor/laravel/framework/src/Illuminate/Container/Container.php(1580): Illuminate/Foundation/Application->make()
#6 C:/Users/kings/Downloads/partnership-tracker-laravel/pt-laravel/vendor/laravel/framework/src/Illuminate/Foundation/Application.php(1325): Illuminate/Container/Container->offsetGet()
#7 C:/Users/kings/Downloads/partnership-tracker-laravel/pt-laravel/vendor/laravel/sanctum/src/SanctumServiceProvider.php(68): Illuminate/Foundation/Application->routesAreCached()
#8 C:/Users/kings/Downloads/partnership-tracker-laravel/pt-laravel/vendor/laravel/sanctum/src/SanctumServiceProvider.php(56): Laravel/Sanctum/SanctumServiceProvider->defineRoutes()
#9 C:/Users/kings/Downloads/partnership-tracker-laravel/pt-laravel/vendor/laravel/framework/src/Illuminate/Container/BoundMethod.php(36): Laravel/Sanctum/SanctumServiceProvider->boot()
#10 C:/Users/kings/Downloads/partnership-tracker-laravel/pt-laravel/vendor/laravel/framework/src/Illuminate/Container/Util.php(43): Illuminate/Container/BoundMethod::{closure:Illuminate/Container/BoundMethod::call():35}()
#11 C:/Users/kings/Downloads/partnership-tracker-laravel/pt-laravel/vendor/laravel/framework/src/Illuminate/Container/BoundMethod.php(95): Illuminate/Container/Util::unwrapIfClosure()
#12 C:/Users/kings/Downloads/partnership-tracker-laravel/pt-laravel/vendor/laravel/framework/src/Illuminate/Container/BoundMethod.php(35): Illuminate/Container/BoundMethod::callBoundMethod()
#13 C:/Users/kings/Downloads/partnership-tracker-laravel/pt-laravel/vendor/laravel/framework/src/Illuminate/Container/Container.php(696): Illuminate/Container/BoundMethod::call()
#14 C:/Users/kings/Downloads/partnership-tracker-laravel/pt-laravel/vendor/laravel/framework/src/Illuminate/Foundation/Application.php(1151): Illuminate/Container/Container->call()
#15 C:/Users/kings/Downloads/partnership-tracker-laravel/pt-laravel/vendor/laravel/framework/src/Illuminate/Foundation/Application.php(1132): Illuminate/Foundation/Application->bootProvider()
#16 [internal function]: Illuminate/Foundation/Application->{closure:Illuminate/Foundation/Application::boot():1131}()
#17 C:/Users/kings/Downloads/partnership-tracker-laravel/pt-laravel/vendor/laravel/framework/src/Illuminate/Foundation/Application.php(1131): array_walk()
#18 C:/Users/kings/Downloads/partnership-tracker-laravel/pt-laravel/vendor/laravel/framework/src/Illuminate/Foundation/Bootstrap/BootProviders.php(17): Illuminate/Foundation/Application->boot()
#19 C:/Users/kings/Downloads/partnership-tracker-laravel/pt-laravel/vendor/laravel/framework/src/Illuminate/Foundation/Application.php(342): Illuminate/Foundation/Bootstrap/BootProviders->bootstrap()
#20 C:/Users/kings/Downloads/partnership-tracker-laravel/pt-laravel/vendor/laravel/framework/src/Illuminate/Foundation/Console/Kernel.php(474): Illuminate/Foundation/Application->bootstrapWith()
#21 C:/Users/kings/Downloads/partnership-tracker-laravel/pt-laravel/vendor/laravel/framework/src/Illuminate/Foundation/Console/Kernel.php(196): Illuminate/Foundation/Console/Kernel->bootstrap()
#22 Command line code(1): Illuminate/Foundation/Console/Kernel->handle()
#23 {main}
"} 
[2026-07-13 18:53:20] production.ERROR: Target class [files] does not exist. {"exception":"[object] (Illuminate\\Contracts\\Container\\BindingResolutionException(code: 0): Target class [files] does not exist. at C:/Users/kings/Downloads/partnership-tracker-laravel/pt-laravel/vendor/laravel/framework/src/Illuminate/Container/Container.php:961)
[stacktrace]
#0 C:/Users/kings/Downloads/partnership-tracker-laravel/pt-laravel/vendor/laravel/framework/src/Illuminate/Container/Container.php(832): Illuminate/Container/Container->build()
#1 C:/Users/kings/Downloads/partnership-tracker-laravel/pt-laravel/vendor/laravel/framework/src/Illuminate/Foundation/Application.php(1078): Illuminate/Container/Container->resolve()
#2 C:/Users/kings/Downloads/partnership-tracker-laravel/pt-laravel/vendor/laravel/framework/src/Illuminate/Container/Container.php(763): Illuminate/Foundation/Application->resolve()
#3 C:/Users/kings/Downloads/partnership-tracker-laravel/pt-laravel/vendor/laravel/framework/src/Illuminate/Foundation/Application.php(1058): Illuminate/Container/Container->make()
#4 C:/Users/kings/Downloads/partnership-tracker-laravel/pt-laravel/vendor/laravel/framework/src/Illuminate/Container/Container.php(1580): Illuminate/Foundation/Application->make()
#5 C:/Users/kings/Downloads/partnership-tracker-laravel/pt-laravel/vendor/laravel/framework/src/Illuminate/Foundation/Application.php(1325): Illuminate/Container/Container->offsetGet()
#6 C:/Users/kings/Downloads/partnership-tracker-laravel/pt-laravel/vendor/laravel/sanctum/src/SanctumServiceProvider.php(68): Illuminate/Foundation/Application->routesAreCached()
#7 C:/Users/kings/Downloads/partnership-tracker-laravel/pt-laravel/vendor/laravel/sanctum/src/SanctumServiceProvider.php(56): Laravel/Sanctum/SanctumServiceProvider->defineRoutes()
#8 C:/Users/kings/Downloads/partnership-tracker-laravel/pt-laravel/vendor/laravel/framework/src/Illuminate/Container/BoundMethod.php(36): Laravel/Sanctum/SanctumServiceProvider->boot()
#9 C:/Users/kings/Downloads/partnership-tracker-laravel/pt-laravel/vendor/laravel/framework/src/Illuminate/Container/Util.php(43): Illuminate/Container/BoundMethod::{closure:Illuminate/Container/BoundMethod::call():35}()
#10 C:/Users/kings/Downloads/partnership-tracker-laravel/pt-laravel/vendor/laravel/framework/src/Illuminate/Container/BoundMethod.php(95): Illuminate/Container/Util::unwrapIfClosure()
#11 C:/Users/kings/Downloads/partnership-tracker-laravel/pt-laravel/vendor/laravel/framework/src/Illuminate/Container/BoundMethod.php(35): Illuminate/Container/BoundMethod::callBoundMethod()
#12 C:/Users/kings/Downloads/partnership-tracker-laravel/pt-laravel/vendor/laravel/framework/src/Illuminate/Container/Container.php(696): Illuminate/Container/BoundMethod::call()
#13 C:/Users/kings/Downloads/partnership-tracker-laravel/pt-laravel/vendor/laravel/framework/src/Illuminate/Foundation/Application.php(1151): Illuminate/Container/Container->call()
#14 C:/Users/kings/Downloads/partnership-tracker-laravel/pt-laravel/vendor/laravel/framework/src/Illuminate/Foundation/Application.php(1132): Illuminate/Foundation/Application->bootProvider()
#15 [internal function]: Illuminate/Foundation/Application->{closure:Illuminate/Foundation/Application::boot():1131}()
#16 C:/Users/kings/Downloads/partnership-tracker-laravel/pt-laravel/vendor/laravel/framework/src/Illuminate/Foundation/Application.php(1131): array_walk()
#17 C:/Users/kings/Downloads/partnership-tracker-laravel/pt-laravel/vendor/laravel/framework/src/Illuminate/Foundation/Bootstrap/BootProviders.php(17): Illuminate/Foundation/Application->boot()
#18 C:/Users/kings/Downloads/partnership-tracker-laravel/pt-laravel/vendor/laravel/framework/src/Illuminate/Foundation/Application.php(342): Illuminate/Foundation/Bootstrap/BootProviders->bootstrap()
#19 C:/Users/kings/Downloads/partnership-tracker-laravel/pt-laravel/vendor/laravel/framework/src/Illuminate/Foundation/Console/Kernel.php(474): Illuminate/Foundation/Application->bootstrapWith()
#20 C:/Users/kings/Downloads/partnership-tracker-laravel/pt-laravel/vendor/laravel/framework/src/Illuminate/Foundation/Console/Kernel.php(196): Illuminate/Foundation/Console/Kernel->bootstrap()
#21 Command line code(1): Illuminate/Foundation/Console/Kernel->handle()
#22 {main}

[previous exception] [object] (ReflectionException(code: -1): Class \"files\" does not exist at C:/Users/kings/Downloads/partnership-tracker-laravel/pt-laravel/vendor/laravel/framework/src/Illuminate/Container/Container.php:959)
[stacktrace]
#0 C:/Users/kings/Downloads/partnership-tracker-laravel/pt-laravel/vendor/laravel/framework/src/Illuminate/Container/Container.php(959): ReflectionClass->__construct()
#1 C:/Users/kings/Downloads/partnership-tracker-laravel/pt-laravel/vendor/laravel/framework/src/Illuminate/Container/Container.php(832): Illuminate/Container/Container->build()
#2 C:/Users/kings/Downloads/partnership-tracker-laravel/pt-laravel/vendor/laravel/framework/src/Illuminate/Foundation/Application.php(1078): Illuminate/Container/Container->resolve()
#3 C:/Users/kings/Downloads/partnership-tracker-laravel/pt-laravel/vendor/laravel/framework/src/Illuminate/Container/Container.php(763): Illuminate/Foundation/Application->resolve()
#4 C:/Users/kings/Downloads/partnership-tracker-laravel/pt-laravel/vendor/laravel/framework/src/Illuminate/Foundation/Application.php(1058): Illuminate/Container/Container->make()
#5 C:/Users/kings/Downloads/partnership-tracker-laravel/pt-laravel/vendor/laravel/framework/src/Illuminate/Container/Container.php(1580): Illuminate/Foundation/Application->make()
#6 C:/Users/kings/Downloads/partnership-tracker-laravel/pt-laravel/vendor/laravel/framework/src/Illuminate/Foundation/Application.php(1325): Illuminate/Container/Container->offsetGet()
#7 C:/Users/kings/Downloads/partnership-tracker-laravel/pt-laravel/vendor/laravel/sanctum/src/SanctumServiceProvider.php(68): Illuminate/Foundation/Application->routesAreCached()
#8 C:/Users/kings/Downloads/partnership-tracker-laravel/pt-laravel/vendor/laravel/sanctum/src/SanctumServiceProvider.php(56): Laravel/Sanctum/SanctumServiceProvider->defineRoutes()
#9 C:/Users/kings/Downloads/partnership-tracker-laravel/pt-laravel/vendor/laravel/framework/src/Illuminate/Container/BoundMethod.php(36): Laravel/Sanctum/SanctumServiceProvider->boot()
#10 C:/Users/kings/Downloads/partnership-tracker-laravel/pt-laravel/vendor/laravel/framework/src/Illuminate/Container/Util.php(43): Illuminate/Container/BoundMethod::{closure:Illuminate/Container/BoundMethod::call():35}()
#11 C:/Users/kings/Downloads/partnership-tracker-laravel/pt-laravel/vendor/laravel/framework/src/Illuminate/Container/BoundMethod.php(95): Illuminate/Container/Util::unwrapIfClosure()
#12 C:/Users/kings/Downloads/partnership-tracker-laravel/pt-laravel/vendor/laravel/framework/src/Illuminate/Container/BoundMethod.php(35): Illuminate/Container/BoundMethod::callBoundMethod()
#13 C:/Users/kings/Downloads/partnership-tracker-laravel/pt-laravel/vendor/laravel/framework/src/Illuminate/Container/Container.php(696): Illuminate/Container/BoundMethod::call()
#14 C:/Users/kings/Downloads/partnership-tracker-laravel/pt-laravel/vendor/laravel/framework/src/Illuminate/Foundation/Application.php(1151): Illuminate/Container/Container->call()
#15 C:/Users/kings/Downloads/partnership-tracker-laravel/pt-laravel/vendor/laravel/framework/src/Illuminate/Foundation/Application.php(1132): Illuminate/Foundation/Application->bootProvider()
#16 [internal function]: Illuminate/Foundation/Application->{closure:Illuminate/Foundation/Application::boot():1131}()
#17 C:/Users/kings/Downloads/partnership-tracker-laravel/pt-laravel/vendor/laravel/framework/src/Illuminate/Foundation/Application.php(1131): array_walk()
#18 C:/Users/kings/Downloads/partnership-tracker-laravel/pt-laravel/vendor/laravel/framework/src/Illuminate/Foundation/Bootstrap/BootProviders.php(17): Illuminate/Foundation/Application->boot()
#19 C:/Users/kings/Downloads/partnership-tracker-laravel/pt-laravel/vendor/laravel/framework/src/Illuminate/Foundation/Application.php(342): Illuminate/Foundation/Bootstrap/BootProviders->bootstrap()
#20 C:/Users/kings/Downloads/partnership-tracker-laravel/pt-laravel/vendor/laravel/framework/src/Illuminate/Foundation/Console/Kernel.php(474): Illuminate/Foundation/Application->bootstrapWith()
#21 C:/Users/kings/Downloads/partnership-tracker-laravel/pt-laravel/vendor/laravel/framework/src/Illuminate/Foundation/Console/Kernel.php(196): Illuminate/Foundation/Console/Kernel->bootstrap()
#22 Command line code(1): Illuminate/Foundation/Console/Kernel->handle()
#23 {main}
"} 
[2026-07-13 18:53:20] production.ERROR: Target class [files] does not exist. {"exception":"[object] (Illuminate\\Contracts\\Container\\BindingResolutionException(code: 0): Target class [files] does not exist. at C:/Users/kings/Downloads/partnership-tracker-laravel/pt-laravel/vendor/laravel/framework/src/Illuminate/Container/Container.php:961)
[stacktrace]
#0 C:/Users/kings/Downloads/partnership-tracker-laravel/pt-laravel/vendor/laravel/framework/src/Illuminate/Container/Container.php(832): Illuminate/Container/Container->build()
#1 C:/Users/kings/Downloads/partnership-tracker-laravel/pt-laravel/vendor/laravel/framework/src/Illuminate/Foundation/Application.php(1078): Illuminate/Container/Container->resolve()
#2 C:/Users/kings/Downloads/partnership-tracker-laravel/pt-laravel/vendor/laravel/framework/src/Illuminate/Container/Container.php(763): Illuminate/Foundation/Application->resolve()
#3 C:/Users/kings/Downloads/partnership-tracker-laravel/pt-laravel/vendor/laravel/framework/src/Illuminate/Foundation/Application.php(1058): Illuminate/Container/Container->make()
#4 C:/Users/kings/Downloads/partnership-tracker-laravel/pt-laravel/vendor/laravel/framework/src/Illuminate/Container/Container.php(1580): Illuminate/Foundation/Application->make()
#5 C:/Users/kings/Downloads/partnership-tracker-laravel/pt-laravel/vendor/laravel/framework/src/Illuminate/Foundation/Application.php(1325): Illuminate/Container/Container->offsetGet()
#6 C:/Users/kings/Downloads/partnership-tracker-laravel/pt-laravel/vendor/laravel/sanctum/src/SanctumServiceProvider.php(68): Illuminate/Foundation/Application->routesAreCached()
#7 C:/Users/kings/Downloads/partnership-tracker-laravel/pt-laravel/vendor/laravel/sanctum/src/SanctumServiceProvider.php(56): Laravel/Sanctum/SanctumServiceProvider->defineRoutes()
#8 C:/Users/kings/Downloads/partnership-tracker-laravel/pt-laravel/vendor/laravel/framework/src/Illuminate/Container/BoundMethod.php(36): Laravel/Sanctum/SanctumServiceProvider->boot()
#9 C:/Users/kings/Downloads/partnership-tracker-laravel/pt-laravel/vendor/laravel/framework/src/Illuminate/Container/Util.php(43): Illuminate/Container/BoundMethod::{closure:Illuminate/Container/BoundMethod::call():35}()
#10 C:/Users/kings/Downloads/partnership-tracker-laravel/pt-laravel/vendor/laravel/framework/src/Illuminate/Container/BoundMethod.php(95): Illuminate/Container/Util::unwrapIfClosure()
#11 C:/Users/kings/Downloads/partnership-tracker-laravel/pt-laravel/vendor/laravel/framework/src/Illuminate/Container/BoundMethod.php(35): Illuminate/Container/BoundMethod::callBoundMethod()
#12 C:/Users/kings/Downloads/partnership-tracker-laravel/pt-laravel/vendor/laravel/framework/src/Illuminate/Container/Container.php(696): Illuminate/Container/BoundMethod::call()
#13 C:/Users/kings/Downloads/partnership-tracker-laravel/pt-laravel/vendor/laravel/framework/src/Illuminate/Foundation/Application.php(1151): Illuminate/Container/Container->call()
#14 C:/Users/kings/Downloads/partnership-tracker-laravel/pt-laravel/vendor/laravel/framework/src/Illuminate/Foundation/Application.php(1132): Illuminate/Foundation/Application->bootProvider()
#15 [internal function]: Illuminate/Foundation/Application->{closure:Illuminate/Foundation/Application::boot():1131}()
#16 C:/Users/kings/Downloads/partnership-tracker-laravel/pt-laravel/vendor/laravel/framework/src/Illuminate/Foundation/Application.php(1131): array_walk()
#17 C:/Users/kings/Downloads/partnership-tracker-laravel/pt-laravel/vendor/laravel/framework/src/Illuminate/Foundation/Bootstrap/BootProviders.php(17): Illuminate/Foundation/Application->boot()
#18 C:/Users/kings/Downloads/partnership-tracker-laravel/pt-laravel/vendor/laravel/framework/src/Illuminate/Foundation/Application.php(342): Illuminate/Foundation/Bootstrap/BootProviders->bootstrap()
#19 C:/Users/kings/Downloads/partnership-tracker-laravel/pt-laravel/vendor/laravel/framework/src/Illuminate/Foundation/Console/Kernel.php(474): Illuminate/Foundation/Application->bootstrapWith()
#20 C:/Users/kings/Downloads/partnership-tracker-laravel/pt-laravel/vendor/laravel/framework/src/Illuminate/Foundation/Console/Kernel.php(196): Illuminate/Foundation/Console/Kernel->bootstrap()
#21 Command line code(1): Illuminate/Foundation/Console/Kernel->handle()
#22 {main}

[previous exception] [object] (ReflectionException(code: -1): Class \"files\" does not exist at C:/Users/kings/Downloads/partnership-tracker-laravel/pt-laravel/vendor/laravel/framework/src/Illuminate/Container/Container.php:959)
[stacktrace]
#0 C:/Users/kings/Downloads/partnership-tracker-laravel/pt-laravel/vendor/laravel/framework/src/Illuminate/Container/Container.php(959): ReflectionClass->__construct()
#1 C:/Users/kings/Downloads/partnership-tracker-laravel/pt-laravel/vendor/laravel/framework/src/Illuminate/Container/Container.php(832): Illuminate/Container/Container->build()
#2 C:/Users/kings/Downloads/partnership-tracker-laravel/pt-laravel/vendor/laravel/framework/src/Illuminate/Foundation/Application.php(1078): Illuminate/Container/Container->resolve()
#3 C:/Users/kings/Downloads/partnership-tracker-laravel/pt-laravel/vendor/laravel/framework/src/Illuminate/Container/Container.php(763): Illuminate/Foundation/Application->resolve()
#4 C:/Users/kings/Downloads/partnership-tracker-laravel/pt-laravel/vendor/laravel/framework/src/Illuminate/Foundation/Application.php(1058): Illuminate/Container/Container->make()
#5 C:/Users/kings/Downloads/partnership-tracker-laravel/pt-laravel/vendor/laravel/framework/src/Illuminate/Container/Container.php(1580): Illuminate/Foundation/Application->make()
#6 C:/Users/kings/Downloads/partnership-tracker-laravel/pt-laravel/vendor/laravel/framework/src/Illuminate/Foundation/Application.php(1325): Illuminate/Container/Container->offsetGet()
#7 C:/Users/kings/Downloads/partnership-tracker-laravel/pt-laravel/vendor/laravel/sanctum/src/SanctumServiceProvider.php(68): Illuminate/Foundation/Application->routesAreCached()
#8 C:/Users/kings/Downloads/partnership-tracker-laravel/pt-laravel/vendor/laravel/sanctum/src/SanctumServiceProvider.php(56): Laravel/Sanctum/SanctumServiceProvider->defineRoutes()
#9 C:/Users/kings/Downloads/partnership-tracker-laravel/pt-laravel/vendor/laravel/framework/src/Illuminate/Container/BoundMethod.php(36): Laravel/Sanctum/SanctumServiceProvider->boot()
#10 C:/Users/kings/Downloads/partnership-tracker-laravel/pt-laravel/vendor/laravel/framework/src/Illuminate/Container/Util.php(43): Illuminate/Container/BoundMethod::{closure:Illuminate/Container/BoundMethod::call():35}()
#11 C:/Users/kings/Downloads/partnership-tracker-laravel/pt-laravel/vendor/laravel/framework/src/Illuminate/Container/BoundMethod.php(95): Illuminate/Container/Util::unwrapIfClosure()
#12 C:/Users/kings/Downloads/partnership-tracker-laravel/pt-laravel/vendor/laravel/framework/src/Illuminate/Container/BoundMethod.php(35): Illuminate/Container/BoundMethod::callBoundMethod()
#13 C:/Users/kings/Downloads/partnership-tracker-laravel/pt-laravel/vendor/laravel/framework/src/Illuminate/Container/Container.php(696): Illuminate/Container/BoundMethod::call()
#14 C:/Users/kings/Downloads/partnership-tracker-laravel/pt-laravel/vendor/laravel/framework/src/Illuminate/Foundation/Application.php(1151): Illuminate/Container/Container->call()
#15 C:/Users/kings/Downloads/partnership-tracker-laravel/pt-laravel/vendor/laravel/framework/src/Illuminate/Foundation/Application.php(1132): Illuminate/Foundation/Application->bootProvider()
#16 [internal function]: Illuminate/Foundation/Application->{closure:Illuminate/Foundation/Application::boot():1131}()
#17 C:/Users/kings/Downloads/partnership-tracker-laravel/pt-laravel/vendor/laravel/framework/src/Illuminate/Foundation/Application.php(1131): array_walk()
#18 C:/Users/kings/Downloads/partnership-tracker-laravel/pt-laravel/vendor/laravel/framework/src/Illuminate/Foundation/Bootstrap/BootProviders.php(17): Illuminate/Foundation/Application->boot()
#19 C:/Users/kings/Downloads/partnership-tracker-laravel/pt-laravel/vendor/laravel/framework/src/Illuminate/Foundation/Application.php(342): Illuminate/Foundation/Bootstrap/BootProviders->bootstrap()
#20 C:/Users/kings/Downloads/partnership-tracker-laravel/pt-laravel/vendor/laravel/framework/src/Illuminate/Foundation/Console/Kernel.php(474): Illuminate/Foundation/Application->bootstrapWith()
#21 C:/Users/kings/Downloads/partnership-tracker-laravel/pt-laravel/vendor/laravel/framework/src/Illuminate/Foundation/Console/Kernel.php(196): Illuminate/Foundation/Console/Kernel->bootstrap()
#22 Command line code(1): Illuminate/Foundation/Console/Kernel->handle()
#23 {main}
"} 
[2026-07-13 18:53:25] production.ERROR: Uncaught ReflectionException: Class "files" does not exist in C:\Users\kings\Downloads\partnership-tracker-laravel\pt-laravel\vendor\laravel\framework\src\Illuminate\Container\Container.php:959
Stack trace:
#0 C:\Users\kings\Downloads\partnership-tracker-laravel\pt-laravel\vendor\laravel\framework\src\Illuminate\Container\Container.php(959): ReflectionClass->__construct()
#1 C:\Users\kings\Downloads\partnership-tracker-laravel\pt-laravel\vendor\laravel\framework\src\Illuminate\Container\Container.php(832): Illuminate\Container\Container->build()
#2 C:\Users\kings\Downloads\partnership-tracker-laravel\pt-laravel\vendor\laravel\framework\src\Illuminate\Foundation\Application.php(1078): Illuminate\Container\Container->resolve()
#3 C:\Users\kings\Downloads\partnership-tracker-laravel\pt-laravel\vendor\laravel\framework\src\Illuminate\Container\Container.php(763): Illuminate\Foundation\Application->resolve()
#4 C:\Users\kings\Downloads\partnership-tracker-laravel\pt-laravel\vendor\laravel\framework\src\Illuminate\Foundation\Application.php(1058): Illuminate\Container\Container->make()
#5 C:\Users\kings\Downloads\partnership-tracker-laravel\pt-laravel\vendor\laravel\framework\src\Illuminate\Container\Container.php(1580): Illuminate\Foundation\Application->make()
#6 C:\Users\kings\Downloads\partnership-tracker-laravel\pt-laravel\vendor\laravel\framework\src\Illuminate\Foundation\Application.php(1325): Illuminate\Container\Container->offsetGet()
#7 C:\Users\kings\Downloads\partnership-tracker-laravel\pt-laravel\vendor\laravel\sanctum\src\SanctumServiceProvider.php(68): Illuminate\Foundation\Application->routesAreCached()
#8 C:\Users\kings\Downloads\partnership-tracker-laravel\pt-laravel\vendor\laravel\sanctum\src\SanctumServiceProvider.php(56): Laravel\Sanctum\SanctumServiceProvider->defineRoutes()
#9 C:\Users\kings\Downloads\partnership-tracker-laravel\pt-laravel\vendor\laravel\framework\src\Illuminate\Container\BoundMethod.php(36): Laravel\Sanctum\SanctumServiceProvider->boot()
#10 C:\Users\kings\Downloads\partnership-tracker-laravel\pt-laravel\vendor\laravel\framework\src\Illuminate\Container\Util.php(43): Illuminate\Container\BoundMethod::{closure:Illuminate\Container\BoundMethod::call():35}()
#11 C:\Users\kings\Downloads\partnership-tracker-laravel\pt-laravel\vendor\laravel\framework\src\Illuminate\Container\BoundMethod.php(95): Illuminate\Container\Util::unwrapIfClosure()
#12 C:\Users\kings\Downloads\partnership-tracker-laravel\pt-laravel\vendor\laravel\framework\src\Illuminate\Container\BoundMethod.php(35): Illuminate\Container\BoundMethod::callBoundMethod()
#13 C:\Users\kings\Downloads\partnership-tracker-laravel\pt-laravel\vendor\laravel\framework\src\Illuminate\Container\Container.php(696): Illuminate\Container\BoundMethod::call()
#14 C:\Users\kings\Downloads\partnership-tracker-laravel\pt-laravel\vendor\laravel\framework\src\Illuminate\Foundation\Application.php(1151): Illuminate\Container\Container->call()
#15 C:\Users\kings\Downloads\partnership-tracker-laravel\pt-laravel\vendor\laravel\framework\src\Illuminate\Foundation\Application.php(1132): Illuminate\Foundation\Application->bootProvider()
#16 [internal function]: Illuminate\Foundation\Application->{closure:Illuminate\Foundation\Application::boot():1131}()
#17 C:\Users\kings\Downloads\partnership-tracker-laravel\pt-laravel\vendor\laravel\framework\src\Illuminate\Foundation\Application.php(1131): array_walk()
#18 C:\Users\kings\Downloads\partnership-tracker-laravel\pt-laravel\vendor\laravel\framework\src\Illuminate\Foundation\Bootstrap\BootProviders.php(17): Illuminate\Foundation\Application->boot()
#19 C:\Users\kings\Downloads\partnership-tracker-laravel\pt-laravel\vendor\laravel\framework\src\Illuminate\Foundation\Application.php(342): Illuminate\Foundation\Bootstrap\BootProviders->bootstrap()
#20 C:\Users\kings\Downloads\partnership-tracker-laravel\pt-laravel\vendor\laravel\framework\src\Illuminate\Foundation\Console\Kernel.php(474): Illuminate\Foundation\Application->bootstrapWith()
#21 Command line code(1): Illuminate\Foundation\Console\Kernel->bootstrap()
#22 {main}

Next Illuminate\Contracts\Container\BindingResolutionException: Target class [files] does not exist. in C:\Users\kings\Downloads\partnership-tracker-laravel\pt-laravel\vendor\laravel\framework\src\Illuminate\Container\Container.php:961
Stack trace:
#0 C:\Users\kings\Downloads\partnership-tracker-laravel\pt-laravel\vendor\laravel\framework\src\Illuminate\Container\Container.php(832): Illuminate\Container\Container->build()
#1 C:\Users\kings\Downloads\partnership-tracker-laravel\pt-laravel\vendor\laravel\framework\src\Illuminate\Foundation\Application.php(1078): Illuminate\Container\Container->resolve()
#2 C:\Users\kings\Downloads\partnership-tracker-laravel\pt-laravel\vendor\laravel\framework\src\Illuminate\Container\Container.php(763): Illuminate\Foundation\Application->resolve()
#3 C:\Users\kings\Downloads\partnership-tracker-laravel\pt-laravel\vendor\laravel\framework\src\Illuminate\Foundation\Application.php(1058): Illuminate\Container\Container->make()
#4 C:\Users\kings\Downloads\partnership-tracker-laravel\pt-laravel\vendor\laravel\framework\src\Illuminate\Container\Container.php(1580): Illuminate\Foundation\Application->make()
#5 C:\Users\kings\Downloads\partnership-tracker-laravel\pt-laravel\vendor\laravel\framework\src\Illuminate\Foundation\Application.php(1325): Illuminate\Container\Container->offsetGet()
#6 C:\Users\kings\Downloads\partnership-tracker-laravel\pt-laravel\vendor\laravel\sanctum\src\SanctumServiceProvider.php(68): Illuminate\Foundation\Application->routesAreCached()
#7 C:\Users\kings\Downloads\partnership-tracker-laravel\pt-laravel\vendor\laravel\sanctum\src\SanctumServiceProvider.php(56): Laravel\Sanctum\SanctumServiceProvider->defineRoutes()
#8 C:\Users\kings\Downloads\partnership-tracker-laravel\pt-laravel\vendor\laravel\framework\src\Illuminate\Container\BoundMethod.php(36): Laravel\Sanctum\SanctumServiceProvider->boot()
#9 C:\Users\kings\Downloads\partnership-tracker-laravel\pt-laravel\vendor\laravel\framework\src\Illuminate\Container\Util.php(43): Illuminate\Container\BoundMethod::{closure:Illuminate\Container\BoundMethod::call():35}()
#10 C:\Users\kings\Downloads\partnership-tracker-laravel\pt-laravel\vendor\laravel\framework\src\Illuminate\Container\BoundMethod.php(95): Illuminate\Container\Util::unwrapIfClosure()
#11 C:\Users\kings\Downloads\partnership-tracker-laravel\pt-laravel\vendor\laravel\framework\src\Illuminate\Container\BoundMethod.php(35): Illuminate\Container\BoundMethod::callBoundMethod()
#12 C:\Users\kings\Downloads\partnership-tracker-laravel\pt-laravel\vendor\laravel\framework\src\Illuminate\Container\Container.php(696): Illuminate\Container\BoundMethod::call()
#13 C:\Users\kings\Downloads\partnership-tracker-laravel\pt-laravel\vendor\laravel\framework\src\Illuminate\Foundation\Application.php(1151): Illuminate\Container\Container->call()
#14 C:\Users\kings\Downloads\partnership-tracker-laravel\pt-laravel\vendor\laravel\framework\src\Illuminate\Foundation\Application.php(1132): Illuminate\Foundation\Application->bootProvider()
#15 [internal function]: Illuminate\Foundation\Application->{closure:Illuminate\Foundation\Application::boot():1131}()
#16 C:\Users\kings\Downloads\partnership-tracker-laravel\pt-laravel\vendor\laravel\framework\src\Illuminate\Foundation\Application.php(1131): array_walk()
#17 C:\Users\kings\Downloads\partnership-tracker-laravel\pt-laravel\vendor\laravel\framework\src\Illuminate\Foundation\Bootstrap\BootProviders.php(17): Illuminate\Foundation\Application->boot()
#18 C:\Users\kings\Downloads\partnership-tracker-laravel\pt-laravel\vendor\laravel\framework\src\Illuminate\Foundation\Application.php(342): Illuminate\Foundation\Bootstrap\BootProviders->bootstrap()
#19 C:\Users\kings\Downloads\partnership-tracker-laravel\pt-laravel\vendor\laravel\framework\src\Illuminate\Foundation\Console\Kernel.php(474): Illuminate\Foundation\Application->bootstrapWith()
#20 Command line code(1): Illuminate\Foundation\Console\Kernel->bootstrap()
#21 {main}
  thrown {"exception":"[object] (Symfony\\Component\\ErrorHandler\\Error\\FatalError(code: 0): Uncaught ReflectionException: Class \"files\" does not exist in C:\\Users\\kings\\Downloads\\partnership-tracker-laravel\\pt-laravel\\vendor\\laravel\\framework\\src\\Illuminate\\Container\\Container.php:959
Stack trace:
#0 C:\\Users\\kings\\Downloads\\partnership-tracker-laravel\\pt-laravel\\vendor\\laravel\\framework\\src\\Illuminate\\Container\\Container.php(959): ReflectionClass->__construct()
#1 C:\\Users\\kings\\Downloads\\partnership-tracker-laravel\\pt-laravel\\vendor\\laravel\\framework\\src\\Illuminate\\Container\\Container.php(832): Illuminate\\Container\\Container->build()
#2 C:\\Users\\kings\\Downloads\\partnership-tracker-laravel\\pt-laravel\\vendor\\laravel\\framework\\src\\Illuminate\\Foundation\\Application.php(1078): Illuminate\\Container\\Container->resolve()
#3 C:\\Users\\kings\\Downloads\\partnership-tracker-laravel\\pt-laravel\\vendor\\laravel\\framework\\src\\Illuminate\\Container\\Container.php(763): Illuminate\\Foundation\\Application->resolve()
#4 C:\\Users\\kings\\Downloads\\partnership-tracker-laravel\\pt-laravel\\vendor\\laravel\\framework\\src\\Illuminate\\Foundation\\Application.php(1058): Illuminate\\Container\\Container->make()
#5 C:\\Users\\kings\\Downloads\\partnership-tracker-laravel\\pt-laravel\\vendor\\laravel\\framework\\src\\Illuminate\\Container\\Container.php(1580): Illuminate\\Foundation\\Application->make()
#6 C:\\Users\\kings\\Downloads\\partnership-tracker-laravel\\pt-laravel\\vendor\\laravel\\framework\\src\\Illuminate\\Foundation\\Application.php(1325): Illuminate\\Container\\Container->offsetGet()
#7 C:\\Users\\kings\\Downloads\\partnership-tracker-laravel\\pt-laravel\\vendor\\laravel\\sanctum\\src\\SanctumServiceProvider.php(68): Illuminate\\Foundation\\Application->routesAreCached()
#8 C:\\Users\\kings\\Downloads\\partnership-tracker-laravel\\pt-laravel\\vendor\\laravel\\sanctum\\src\\SanctumServiceProvider.php(56): Laravel\\Sanctum\\SanctumServiceProvider->defineRoutes()
#9 C:\\Users\\kings\\Downloads\\partnership-tracker-laravel\\pt-laravel\\vendor\\laravel\\framework\\src\\Illuminate\\Container\\BoundMethod.php(36): Laravel\\Sanctum\\SanctumServiceProvider->boot()
#10 C:\\Users\\kings\\Downloads\\partnership-tracker-laravel\\pt-laravel\\vendor\\laravel\\framework\\src\\Illuminate\\Container\\Util.php(43): Illuminate\\Container\\BoundMethod::{closure:Illuminate\\Container\\BoundMethod::call():35}()
#11 C:\\Users\\kings\\Downloads\\partnership-tracker-laravel\\pt-laravel\\vendor\\laravel\\framework\\src\\Illuminate\\Container\\BoundMethod.php(95): Illuminate\\Container\\Util::unwrapIfClosure()
#12 C:\\Users\\kings\\Downloads\\partnership-tracker-laravel\\pt-laravel\\vendor\\laravel\\framework\\src\\Illuminate\\Container\\BoundMethod.php(35): Illuminate\\Container\\BoundMethod::callBoundMethod()
#13 C:\\Users\\kings\\Downloads\\partnership-tracker-laravel\\pt-laravel\\vendor\\laravel\\framework\\src\\Illuminate\\Container\\Container.php(696): Illuminate\\Container\\BoundMethod::call()
#14 C:\\Users\\kings\\Downloads\\partnership-tracker-laravel\\pt-laravel\\vendor\\laravel\\framework\\src\\Illuminate\\Foundation\\Application.php(1151): Illuminate\\Container\\Container->call()
#15 C:\\Users\\kings\\Downloads\\partnership-tracker-laravel\\pt-laravel\\vendor\\laravel\\framework\\src\\Illuminate\\Foundation\\Application.php(1132): Illuminate\\Foundation\\Application->bootProvider()
#16 [internal function]: Illuminate\\Foundation\\Application->{closure:Illuminate\\Foundation\\Application::boot():1131}()
#17 C:\\Users\\kings\\Downloads\\partnership-tracker-laravel\\pt-laravel\\vendor\\laravel\\framework\\src\\Illuminate\\Foundation\\Application.php(1131): array_walk()
#18 C:\\Users\\kings\\Downloads\\partnership-tracker-laravel\\pt-laravel\\vendor\\laravel\\framework\\src\\Illuminate\\Foundation\\Bootstrap\\BootProviders.php(17): Illuminate\\Foundation\\Application->boot()
#19 C:\\Users\\kings\\Downloads\\partnership-tracker-laravel\\pt-laravel\\vendor\\laravel\\framework\\src\\Illuminate\\Foundation\\Application.php(342): Illuminate\\Foundation\\Bootstrap\\BootProviders->bootstrap()
#20 C:\\Users\\kings\\Downloads\\partnership-tracker-laravel\\pt-laravel\\vendor\\laravel\\framework\\src\\Illuminate\\Foundation\\Console\\Kernel.php(474): Illuminate\\Foundation\\Application->bootstrapWith()
#21 Command line code(1): Illuminate\\Foundation\\Console\\Kernel->bootstrap()
#22 {main}

Next Illuminate\\Contracts\\Container\\BindingResolutionException: Target class [files] does not exist. in C:\\Users\\kings\\Downloads\\partnership-tracker-laravel\\pt-laravel\\vendor\\laravel\\framework\\src\\Illuminate\\Container\\Container.php:961
Stack trace:
#0 C:\\Users\\kings\\Downloads\\partnership-tracker-laravel\\pt-laravel\\vendor\\laravel\\framework\\src\\Illuminate\\Container\\Container.php(832): Illuminate\\Container\\Container->build()
#1 C:\\Users\\kings\\Downloads\\partnership-tracker-laravel\\pt-laravel\\vendor\\laravel\\framework\\src\\Illuminate\\Foundation\\Application.php(1078): Illuminate\\Container\\Container->resolve()
#2 C:\\Users\\kings\\Downloads\\partnership-tracker-laravel\\pt-laravel\\vendor\\laravel\\framework\\src\\Illuminate\\Container\\Container.php(763): Illuminate\\Foundation\\Application->resolve()
#3 C:\\Users\\kings\\Downloads\\partnership-tracker-laravel\\pt-laravel\\vendor\\laravel\\framework\\src\\Illuminate\\Foundation\\Application.php(1058): Illuminate\\Container\\Container->make()
#4 C:\\Users\\kings\\Downloads\\partnership-tracker-laravel\\pt-laravel\\vendor\\laravel\\framework\\src\\Illuminate\\Container\\Container.php(1580): Illuminate\\Foundation\\Application->make()
#5 C:\\Users\\kings\\Downloads\\partnership-tracker-laravel\\pt-laravel\\vendor\\laravel\\framework\\src\\Illuminate\\Foundation\\Application.php(1325): Illuminate\\Container\\Container->offsetGet()
#6 C:\\Users\\kings\\Downloads\\partnership-tracker-laravel\\pt-laravel\\vendor\\laravel\\sanctum\\src\\SanctumServiceProvider.php(68): Illuminate\\Foundation\\Application->routesAreCached()
#7 C:\\Users\\kings\\Downloads\\partnership-tracker-laravel\\pt-laravel\\vendor\\laravel\\sanctum\\src\\SanctumServiceProvider.php(56): Laravel\\Sanctum\\SanctumServiceProvider->defineRoutes()
#8 C:\\Users\\kings\\Downloads\\partnership-tracker-laravel\\pt-laravel\\vendor\\laravel\\framework\\src\\Illuminate\\Container\\BoundMethod.php(36): Laravel\\Sanctum\\SanctumServiceProvider->boot()
#9 C:\\Users\\kings\\Downloads\\partnership-tracker-laravel\\pt-laravel\\vendor\\laravel\\framework\\src\\Illuminate\\Container\\Util.php(43): Illuminate\\Container\\BoundMethod::{closure:Illuminate\\Container\\BoundMethod::call():35}()
#10 C:\\Users\\kings\\Downloads\\partnership-tracker-laravel\\pt-laravel\\vendor\\laravel\\framework\\src\\Illuminate\\Container\\BoundMethod.php(95): Illuminate\\Container\\Util::unwrapIfClosure()
#11 C:\\Users\\kings\\Downloads\\partnership-tracker-laravel\\pt-laravel\\vendor\\laravel\\framework\\src\\Illuminate\\Container\\BoundMethod.php(35): Illuminate\\Container\\BoundMethod::callBoundMethod()
#12 C:\\Users\\kings\\Downloads\\partnership-tracker-laravel\\pt-laravel\\vendor\\laravel\\framework\\src\\Illuminate\\Container\\Container.php(696): Illuminate\\Container\\BoundMethod::call()
#13 C:\\Users\\kings\\Downloads\\partnership-tracker-laravel\\pt-laravel\\vendor\\laravel\\framework\\src\\Illuminate\\Foundation\\Application.php(1151): Illuminate\\Container\\Container->call()
#14 C:\\Users\\kings\\Downloads\\partnership-tracker-laravel\\pt-laravel\\vendor\\laravel\\framework\\src\\Illuminate\\Foundation\\Application.php(1132): Illuminate\\Foundation\\Application->bootProvider()
#15 [internal function]: Illuminate\\Foundation\\Application->{closure:Illuminate\\Foundation\\Application::boot():1131}()
#16 C:\\Users\\kings\\Downloads\\partnership-tracker-laravel\\pt-laravel\\vendor\\laravel\\framework\\src\\Illuminate\\Foundation\\Application.php(1131): array_walk()
#17 C:\\Users\\kings\\Downloads\\partnership-tracker-laravel\\pt-laravel\\vendor\\laravel\\framework\\src\\Illuminate\\Foundation\\Bootstrap\\BootProviders.php(17): Illuminate\\Foundation\\Application->boot()
#18 C:\\Users\\kings\\Downloads\\partnership-tracker-laravel\\pt-laravel\\vendor\\laravel\\framework\\src\\Illuminate\\Foundation\\Application.php(342): Illuminate\\Foundation\\Bootstrap\\BootProviders->bootstrap()
#19 C:\\Users\\kings\\Downloads\\partnership-tracker-laravel\\pt-laravel\\vendor\\laravel\\framework\\src\\Illuminate\\Foundation\\Console\\Kernel.php(474): Illuminate\\Foundation\\Application->bootstrapWith()
#20 Command line code(1): Illuminate\\Foundation\\Console\\Kernel->bootstrap()
#21 {main}
  thrown at C:/Users/kings/Downloads/partnership-tracker-laravel/pt-laravel/vendor/laravel/framework/src/Illuminate/Container/Container.php:961)
[stacktrace]
#0 {main}
"} 
[2026-07-13 18:54:20] production.ERROR: Target class [files] does not exist. {"exception":"[object] (Illuminate\\Contracts\\Container\\BindingResolutionException(code: 0): Target class [files] does not exist. at C:/Users/kings/Downloads/partnership-tracker-laravel/pt-laravel/vendor/laravel/framework/src/Illuminate/Container/Container.php:961)
[stacktrace]
#0 C:/Users/kings/Downloads/partnership-tracker-laravel/pt-laravel/vendor/laravel/framework/src/Illuminate/Container/Container.php(832): Illuminate/Container/Container->build()
#1 C:/Users/kings/Downloads/partnership-tracker-laravel/pt-laravel/vendor/laravel/framework/src/Illuminate/Foundation/Application.php(1078): Illuminate/Container/Container->resolve()
#2 C:/Users/kings/Downloads/partnership-tracker-laravel/pt-laravel/vendor/laravel/framework/src/Illuminate/Container/Container.php(763): Illuminate/Foundation/Application->resolve()
#3 C:/Users/kings/Downloads/partnership-tracker-laravel/pt-laravel/vendor/laravel/framework/src/Illuminate/Foundation/Application.php(1058): Illuminate/Container/Container->make()
#4 C:/Users/kings/Downloads/partnership-tracker-laravel/pt-laravel/vendor/laravel/framework/src/Illuminate/Container/Container.php(1580): Illuminate/Foundation/Application->make()
#5 C:/Users/kings/Downloads/partnership-tracker-laravel/pt-laravel/vendor/laravel/framework/src/Illuminate/Foundation/Application.php(1325): Illuminate/Container/Container->offsetGet()
#6 C:/Users/kings/Downloads/partnership-tracker-laravel/pt-laravel/vendor/laravel/sanctum/src/SanctumServiceProvider.php(68): Illuminate/Foundation/Application->routesAreCached()
#7 C:/Users/kings/Downloads/partnership-tracker-laravel/pt-laravel/vendor/laravel/sanctum/src/SanctumServiceProvider.php(56): Laravel/Sanctum/SanctumServiceProvider->defineRoutes()
#8 C:/Users/kings/Downloads/partnership-tracker-laravel/pt-laravel/vendor/laravel/framework/src/Illuminate/Container/BoundMethod.php(36): Laravel/Sanctum/SanctumServiceProvider->boot()
#9 C:/Users/kings/Downloads/partnership-tracker-laravel/pt-laravel/vendor/laravel/framework/src/Illuminate/Container/Util.php(43): Illuminate/Container/BoundMethod::{closure:Illuminate/Container/BoundMethod::call():35}()
#10 C:/Users/kings/Downloads/partnership-tracker-laravel/pt-laravel/vendor/laravel/framework/src/Illuminate/Container/BoundMethod.php(95): Illuminate/Container/Util::unwrapIfClosure()
#11 C:/Users/kings/Downloads/partnership-tracker-laravel/pt-laravel/vendor/laravel/framework/src/Illuminate/Container/BoundMethod.php(35): Illuminate/Container/BoundMethod::callBoundMethod()
#12 C:/Users/kings/Downloads/partnership-tracker-laravel/pt-laravel/vendor/laravel/framework/src/Illuminate/Container/Container.php(696): Illuminate/Container/BoundMethod::call()
#13 C:/Users/kings/Downloads/partnership-tracker-laravel/pt-laravel/vendor/laravel/framework/src/Illuminate/Foundation/Application.php(1151): Illuminate/Container/Container->call()
#14 C:/Users/kings/Downloads/partnership-tracker-laravel/pt-laravel/vendor/laravel/framework/src/Illuminate/Foundation/Application.php(1132): Illuminate/Foundation/Application->bootProvider()
#15 [internal function]: Illuminate/Foundation/Application->{closure:Illuminate/Foundation/Application::boot():1131}()
#16 C:/Users/kings/Downloads/partnership-tracker-laravel/pt-laravel/vendor/laravel/framework/src/Illuminate/Foundation/Application.php(1131): array_walk()
#17 C:/Users/kings/Downloads/partnership-tracker-laravel/pt-laravel/vendor/laravel/framework/src/Illuminate/Foundation/Bootstrap/BootProviders.php(17): Illuminate/Foundation/Application->boot()
#18 C:/Users/kings/Downloads/partnership-tracker-laravel/pt-laravel/vendor/laravel/framework/src/Illuminate/Foundation/Application.php(342): Illuminate/Foundation/Bootstrap/BootProviders->bootstrap()
#19 C:/Users/kings/Downloads/partnership-tracker-laravel/pt-laravel/vendor/laravel/framework/src/Illuminate/Foundation/Console/Kernel.php(474): Illuminate/Foundation/Application->bootstrapWith()
#20 C:/Users/kings/Downloads/partnership-tracker-laravel/pt-laravel/vendor/laravel/framework/src/Illuminate/Foundation/Console/Kernel.php(196): Illuminate/Foundation/Console/Kernel->bootstrap()
#21 Command line code(1): Illuminate/Foundation/Console/Kernel->handle()
#22 {main}

[previous exception] [object] (ReflectionException(code: -1): Class \"files\" does not exist at C:/Users/kings/Downloads/partnership-tracker-laravel/pt-laravel/vendor/laravel/framework/src/Illuminate/Container/Container.php:959)
[stacktrace]
#0 C:/Users/kings/Downloads/partnership-tracker-laravel/pt-laravel/vendor/laravel/framework/src/Illuminate/Container/Container.php(959): ReflectionClass->__construct()
#1 C:/Users/kings/Downloads/partnership-tracker-laravel/pt-laravel/vendor/laravel/framework/src/Illuminate/Container/Container.php(832): Illuminate/Container/Container->build()
#2 C:/Users/kings/Downloads/partnership-tracker-laravel/pt-laravel/vendor/laravel/framework/src/Illuminate/Foundation/Application.php(1078): Illuminate/Container/Container->resolve()
#3 C:/Users/kings/Downloads/partnership-tracker-laravel/pt-laravel/vendor/laravel/framework/src/Illuminate/Container/Container.php(763): Illuminate/Foundation/Application->resolve()
#4 C:/Users/kings/Downloads/partnership-tracker-laravel/pt-laravel/vendor/laravel/framework/src/Illuminate/Foundation/Application.php(1058): Illuminate/Container/Container->make()
#5 C:/Users/kings/Downloads/partnership-tracker-laravel/pt-laravel/vendor/laravel/framework/src/Illuminate/Container/Container.php(1580): Illuminate/Foundation/Application->make()
#6 C:/Users/kings/Downloads/partnership-tracker-laravel/pt-laravel/vendor/laravel/framework/src/Illuminate/Foundation/Application.php(1325): Illuminate/Container/Container->offsetGet()
#7 C:/Users/kings/Downloads/partnership-tracker-laravel/pt-laravel/vendor/laravel/sanctum/src/SanctumServiceProvider.php(68): Illuminate/Foundation/Application->routesAreCached()
#8 C:/Users/kings/Downloads/partnership-tracker-laravel/pt-laravel/vendor/laravel/sanctum/src/SanctumServiceProvider.php(56): Laravel/Sanctum/SanctumServiceProvider->defineRoutes()
#9 C:/Users/kings/Downloads/partnership-tracker-laravel/pt-laravel/vendor/laravel/framework/src/Illuminate/Container/BoundMethod.php(36): Laravel/Sanctum/SanctumServiceProvider->boot()
#10 C:/Users/kings/Downloads/partnership-tracker-laravel/pt-laravel/vendor/laravel/framework/src/Illuminate/Container/Util.php(43): Illuminate/Container/BoundMethod::{closure:Illuminate/Container/BoundMethod::call():35}()
#11 C:/Users/kings/Downloads/partnership-tracker-laravel/pt-laravel/vendor/laravel/framework/src/Illuminate/Container/BoundMethod.php(95): Illuminate/Container/Util::unwrapIfClosure()
#12 C:/Users/kings/Downloads/partnership-tracker-laravel/pt-laravel/vendor/laravel/framework/src/Illuminate/Container/BoundMethod.php(35): Illuminate/Container/BoundMethod::callBoundMethod()
#13 C:/Users/kings/Downloads/partnership-tracker-laravel/pt-laravel/vendor/laravel/framework/src/Illuminate/Container/Container.php(696): Illuminate/Container/BoundMethod::call()
#14 C:/Users/kings/Downloads/partnership-tracker-laravel/pt-laravel/vendor/laravel/framework/src/Illuminate/Foundation/Application.php(1151): Illuminate/Container/Container->call()
#15 C:/Users/kings/Downloads/partnership-tracker-laravel/pt-laravel/vendor/laravel/framework/src/Illuminate/Foundation/Application.php(1132): Illuminate/Foundation/Application->bootProvider()
#16 [internal function]: Illuminate/Foundation/Application->{closure:Illuminate/Foundation/Application::boot():1131}()
#17 C:/Users/kings/Downloads/partnership-tracker-laravel/pt-laravel/vendor/laravel/framework/src/Illuminate/Foundation/Application.php(1131): array_walk()
#18 C:/Users/kings/Downloads/partnership-tracker-laravel/pt-laravel/vendor/laravel/framework/src/Illuminate/Foundation/Bootstrap/BootProviders.php(17): Illuminate/Foundation/Application->boot()
#19 C:/Users/kings/Downloads/partnership-tracker-laravel/pt-laravel/vendor/laravel/framework/src/Illuminate/Foundation/Application.php(342): Illuminate/Foundation/Bootstrap/BootProviders->bootstrap()
#20 C:/Users/kings/Downloads/partnership-tracker-laravel/pt-laravel/vendor/laravel/framework/src/Illuminate/Foundation/Console/Kernel.php(474): Illuminate/Foundation/Application->bootstrapWith()
#21 C:/Users/kings/Downloads/partnership-tracker-laravel/pt-laravel/vendor/laravel/framework/src/Illuminate/Foundation/Console/Kernel.php(196): Illuminate/Foundation/Console/Kernel->bootstrap()
#22 Command line code(1): Illuminate/Foundation/Console/Kernel->handle()
#23 {main}
"} 
[2026-07-13 18:54:20] production.ERROR: Target class [files] does not exist. {"exception":"[object] (Illuminate\\Contracts\\Container\\BindingResolutionException(code: 0): Target class [files] does not exist. at C:/Users/kings/Downloads/partnership-tracker-laravel/pt-laravel/vendor/laravel/framework/src/Illuminate/Container/Container.php:961)
[stacktrace]
#0 C:/Users/kings/Downloads/partnership-tracker-laravel/pt-laravel/vendor/laravel/framework/src/Illuminate/Container/Container.php(832): Illuminate/Container/Container->build()
#1 C:/Users/kings/Downloads/partnership-tracker-laravel/pt-laravel/vendor/laravel/framework/src/Illuminate/Foundation/Application.php(1078): Illuminate/Container/Container->resolve()
#2 C:/Users/kings/Downloads/partnership-tracker-laravel/pt-laravel/vendor/laravel/framework/src/Illuminate/Container/Container.php(763): Illuminate/Foundation/Application->resolve()
#3 C:/Users/kings/Downloads/partnership-tracker-laravel/pt-laravel/vendor/laravel/framework/src/Illuminate/Foundation/Application.php(1058): Illuminate/Container/Container->make()
#4 C:/Users/kings/Downloads/partnership-tracker-laravel/pt-laravel/vendor/laravel/framework/src/Illuminate/Container/Container.php(1580): Illuminate/Foundation/Application->make()
#5 C:/Users/kings/Downloads/partnership-tracker-laravel/pt-laravel/vendor/laravel/framework/src/Illuminate/Foundation/Application.php(1325): Illuminate/Container/Container->offsetGet()
#6 C:/Users/kings/Downloads/partnership-tracker-laravel/pt-laravel/vendor/laravel/sanctum/src/SanctumServiceProvider.php(68): Illuminate/Foundation/Application->routesAreCached()
#7 C:/Users/kings/Downloads/partnership-tracker-laravel/pt-laravel/vendor/laravel/sanctum/src/SanctumServiceProvider.php(56): Laravel/Sanctum/SanctumServiceProvider->defineRoutes()
#8 C:/Users/kings/Downloads/partnership-tracker-laravel/pt-laravel/vendor/laravel/framework/src/Illuminate/Container/BoundMethod.php(36): Laravel/Sanctum/SanctumServiceProvider->boot()
#9 C:/Users/kings/Downloads/partnership-tracker-laravel/pt-laravel/vendor/laravel/framework/src/Illuminate/Container/Util.php(43): Illuminate/Container/BoundMethod::{closure:Illuminate/Container/BoundMethod::call():35}()
#10 C:/Users/kings/Downloads/partnership-tracker-laravel/pt-laravel/vendor/laravel/framework/src/Illuminate/Container/BoundMethod.php(95): Illuminate/Container/Util::unwrapIfClosure()
#11 C:/Users/kings/Downloads/partnership-tracker-laravel/pt-laravel/vendor/laravel/framework/src/Illuminate/Container/BoundMethod.php(35): Illuminate/Container/BoundMethod::callBoundMethod()
#12 C:/Users/kings/Downloads/partnership-tracker-laravel/pt-laravel/vendor/laravel/framework/src/Illuminate/Container/Container.php(696): Illuminate/Container/BoundMethod::call()
#13 C:/Users/kings/Downloads/partnership-tracker-laravel/pt-laravel/vendor/laravel/framework/src/Illuminate/Foundation/Application.php(1151): Illuminate/Container/Container->call()
#14 C:/Users/kings/Downloads/partnership-tracker-laravel/pt-laravel/vendor/laravel/framework/src/Illuminate/Foundation/Application.php(1132): Illuminate/Foundation/Application->bootProvider()
#15 [internal function]: Illuminate/Foundation/Application->{closure:Illuminate/Foundation/Application::boot():1131}()
#16 C:/Users/kings/Downloads/partnership-tracker-laravel/pt-laravel/vendor/laravel/framework/src/Illuminate/Foundation/Application.php(1131): array_walk()
#17 C:/Users/kings/Downloads/partnership-tracker-laravel/pt-laravel/vendor/laravel/framework/src/Illuminate/Foundation/Bootstrap/BootProviders.php(17): Illuminate/Foundation/Application->boot()
#18 C:/Users/kings/Downloads/partnership-tracker-laravel/pt-laravel/vendor/laravel/framework/src/Illuminate/Foundation/Application.php(342): Illuminate/Foundation/Bootstrap/BootProviders->bootstrap()
#19 C:/Users/kings/Downloads/partnership-tracker-laravel/pt-laravel/vendor/laravel/framework/src/Illuminate/Foundation/Console/Kernel.php(474): Illuminate/Foundation/Application->bootstrapWith()
#20 C:/Users/kings/Downloads/partnership-tracker-laravel/pt-laravel/vendor/laravel/framework/src/Illuminate/Foundation/Console/Kernel.php(196): Illuminate/Foundation/Console/Kernel->bootstrap()
#21 Command line code(1): Illuminate/Foundation/Console/Kernel->handle()
#22 {main}

[previous exception] [object] (ReflectionException(code: -1): Class \"files\" does not exist at C:/Users/kings/Downloads/partnership-tracker-laravel/pt-laravel/vendor/laravel/framework/src/Illuminate/Container/Container.php:959)
[stacktrace]
#0 C:/Users/kings/Downloads/partnership-tracker-laravel/pt-laravel/vendor/laravel/framework/src/Illuminate/Container/Container.php(959): ReflectionClass->__construct()
#1 C:/Users/kings/Downloads/partnership-tracker-laravel/pt-laravel/vendor/laravel/framework/src/Illuminate/Container/Container.php(832): Illuminate/Container/Container->build()
#2 C:/Users/kings/Downloads/partnership-tracker-laravel/pt-laravel/vendor/laravel/framework/src/Illuminate/Foundation/Application.php(1078): Illuminate/Container/Container->resolve()
#3 C:/Users/kings/Downloads/partnership-tracker-laravel/pt-laravel/vendor/laravel/framework/src/Illuminate/Container/Container.php(763): Illuminate/Foundation/Application->resolve()
#4 C:/Users/kings/Downloads/partnership-tracker-laravel/pt-laravel/vendor/laravel/framework/src/Illuminate/Foundation/Application.php(1058): Illuminate/Container/Container->make()
#5 C:/Users/kings/Downloads/partnership-tracker-laravel/pt-laravel/vendor/laravel/framework/src/Illuminate/Container/Container.php(1580): Illuminate/Foundation/Application->make()
#6 C:/Users/kings/Downloads/partnership-tracker-laravel/pt-laravel/vendor/laravel/framework/src/Illuminate/Foundation/Application.php(1325): Illuminate/Container/Container->offsetGet()
#7 C:/Users/kings/Downloads/partnership-tracker-laravel/pt-laravel/vendor/laravel/sanctum/src/SanctumServiceProvider.php(68): Illuminate/Foundation/Application->routesAreCached()
#8 C:/Users/kings/Downloads/partnership-tracker-laravel/pt-laravel/vendor/laravel/sanctum/src/SanctumServiceProvider.php(56): Laravel/Sanctum/SanctumServiceProvider->defineRoutes()
#9 C:/Users/kings/Downloads/partnership-tracker-laravel/pt-laravel/vendor/laravel/framework/src/Illuminate/Container/BoundMethod.php(36): Laravel/Sanctum/SanctumServiceProvider->boot()
#10 C:/Users/kings/Downloads/partnership-tracker-laravel/pt-laravel/vendor/laravel/framework/src/Illuminate/Container/Util.php(43): Illuminate/Container/BoundMethod::{closure:Illuminate/Container/BoundMethod::call():35}()
#11 C:/Users/kings/Downloads/partnership-tracker-laravel/pt-laravel/vendor/laravel/framework/src/Illuminate/Container/BoundMethod.php(95): Illuminate/Container/Util::unwrapIfClosure()
#12 C:/Users/kings/Downloads/partnership-tracker-laravel/pt-laravel/vendor/laravel/framework/src/Illuminate/Container/BoundMethod.php(35): Illuminate/Container/BoundMethod::callBoundMethod()
#13 C:/Users/kings/Downloads/partnership-tracker-laravel/pt-laravel/vendor/laravel/framework/src/Illuminate/Container/Container.php(696): Illuminate/Container/BoundMethod::call()
#14 C:/Users/kings/Downloads/partnership-tracker-laravel/pt-laravel/vendor/laravel/framework/src/Illuminate/Foundation/Application.php(1151): Illuminate/Container/Container->call()
#15 C:/Users/kings/Downloads/partnership-tracker-laravel/pt-laravel/vendor/laravel/framework/src/Illuminate/Foundation/Application.php(1132): Illuminate/Foundation/Application->bootProvider()
#16 [internal function]: Illuminate/Foundation/Application->{closure:Illuminate/Foundation/Application::boot():1131}()
#17 C:/Users/kings/Downloads/partnership-tracker-laravel/pt-laravel/vendor/laravel/framework/src/Illuminate/Foundation/Application.php(1131): array_walk()
#18 C:/Users/kings/Downloads/partnership-tracker-laravel/pt-laravel/vendor/laravel/framework/src/Illuminate/Foundation/Bootstrap/BootProviders.php(17): Illuminate/Foundation/Application->boot()
#19 C:/Users/kings/Downloads/partnership-tracker-laravel/pt-laravel/vendor/laravel/framework/src/Illuminate/Foundation/Application.php(342): Illuminate/Foundation/Bootstrap/BootProviders->bootstrap()
#20 C:/Users/kings/Downloads/partnership-tracker-laravel/pt-laravel/vendor/laravel/framework/src/Illuminate/Foundation/Console/Kernel.php(474): Illuminate/Foundation/Application->bootstrapWith()
#21 C:/Users/kings/Downloads/partnership-tracker-laravel/pt-laravel/vendor/laravel/framework/src/Illuminate/Foundation/Console/Kernel.php(196): Illuminate/Foundation/Console/Kernel->bootstrap()
#22 Command line code(1): Illuminate/Foundation/Console/Kernel->handle()
#23 {main}
"} 
[2026-07-13 18:55:20] production.ERROR: syntax error, unexpected token "=>" {"exception":"[object] (ParseError(code: 0): syntax error, unexpected token \"=>\" at C:/Users/kings/Downloads/partnership-tracker-laravel/pt-laravel/bootstrap/providers.php:3)
[stacktrace]
#0 C:/Users/kings/Downloads/partnership-tracker-laravel/pt-laravel/vendor/laravel/framework/src/Illuminate/Foundation/Bootstrap/RegisterProviders.php(34): Illuminate/Foundation/Bootstrap/RegisterProviders->mergeAdditionalProviders()
#1 C:/Users/kings/Downloads/partnership-tracker-laravel/pt-laravel/vendor/laravel/framework/src/Illuminate/Foundation/Application.php(342): Illuminate/Foundation/Bootstrap/RegisterProviders->bootstrap()
#2 C:/Users/kings/Downloads/partnership-tracker-laravel/pt-laravel/vendor/laravel/framework/src/Illuminate/Foundation/Console/Kernel.php(474): Illuminate/Foundation/Application->bootstrapWith()
#3 C:/Users/kings/Downloads/partnership-tracker-laravel/pt-laravel/vendor/laravel/framework/src/Illuminate/Foundation/Console/Kernel.php(196): Illuminate/Foundation/Console/Kernel->bootstrap()
#4 Command line code(1): Illuminate/Foundation/Console/Kernel->handle()
#5 {main}
"} 
[2026-07-13 18:55:20] production.ERROR: syntax error, unexpected token "=>" {"exception":"[object] (ParseError(code: 0): syntax error, unexpected token \"=>\" at C:/Users/kings/Downloads/partnership-tracker-laravel/pt-laravel/bootstrap/providers.php:3)
[stacktrace]
#0 C:/Users/kings/Downloads/partnership-tracker-laravel/pt-laravel/vendor/laravel/framework/src/Illuminate/Foundation/Bootstrap/RegisterProviders.php(34): Illuminate/Foundation/Bootstrap/RegisterProviders->mergeAdditionalProviders()
#1 C:/Users/kings/Downloads/partnership-tracker-laravel/pt-laravel/vendor/laravel/framework/src/Illuminate/Foundation/Application.php(342): Illuminate/Foundation/Bootstrap/RegisterProviders->bootstrap()
#2 C:/Users/kings/Downloads/partnership-tracker-laravel/pt-laravel/vendor/laravel/framework/src/Illuminate/Foundation/Console/Kernel.php(474): Illuminate/Foundation/Application->bootstrapWith()
#3 C:/Users/kings/Downloads/partnership-tracker-laravel/pt-laravel/vendor/laravel/framework/src/Illuminate/Foundation/Console/Kernel.php(196): Illuminate/Foundation/Console/Kernel->bootstrap()
#4 Command line code(1): Illuminate/Foundation/Console/Kernel->handle()
#5 {main}
"} 
[2026-07-13 18:56:20] production.ERROR: syntax error, unexpected token "=>" {"exception":"[object] (ParseError(code: 0): syntax error, unexpected token \"=>\" at C:/Users/kings/Downloads/partnership-tracker-laravel/pt-laravel/bootstrap/providers.php:3)
[stacktrace]
#0 C:/Users/kings/Downloads/partnership-tracker-laravel/pt-laravel/vendor/laravel/framework/src/Illuminate/Foundation/Bootstrap/RegisterProviders.php(34): Illuminate/Foundation/Bootstrap/RegisterProviders->mergeAdditionalProviders()
#1 C:/Users/kings/Downloads/partnership-tracker-laravel/pt-laravel/vendor/laravel/framework/src/Illuminate/Foundation/Application.php(342): Illuminate/Foundation/Bootstrap/RegisterProviders->bootstrap()
#2 C:/Users/kings/Downloads/partnership-tracker-laravel/pt-laravel/vendor/laravel/framework/src/Illuminate/Foundation/Console/Kernel.php(474): Illuminate/Foundation/Application->bootstrapWith()
#3 C:/Users/kings/Downloads/partnership-tracker-laravel/pt-laravel/vendor/laravel/framework/src/Illuminate/Foundation/Console/Kernel.php(196): Illuminate/Foundation/Console/Kernel->bootstrap()
#4 Command line code(1): Illuminate/Foundation/Console/Kernel->handle()
#5 {main}
"} 
[2026-07-13 18:56:20] production.ERROR: syntax error, unexpected token "=>" {"exception":"[object] (ParseError(code: 0): syntax error, unexpected token \"=>\" at C:/Users/kings/Downloads/partnership-tracker-laravel/pt-laravel/bootstrap/providers.php:3)
[stacktrace]
#0 C:/Users/kings/Downloads/partnership-tracker-laravel/pt-laravel/vendor/laravel/framework/src/Illuminate/Foundation/Bootstrap/RegisterProviders.php(34): Illuminate/Foundation/Bootstrap/RegisterProviders->mergeAdditionalProviders()
#1 C:/Users/kings/Downloads/partnership-tracker-laravel/pt-laravel/vendor/laravel/framework/src/Illuminate/Foundation/Application.php(342): Illuminate/Foundation/Bootstrap/RegisterProviders->bootstrap()
#2 C:/Users/kings/Downloads/partnership-tracker-laravel/pt-laravel/vendor/laravel/framework/src/Illuminate/Foundation/Console/Kernel.php(474): Illuminate/Foundation/Application->bootstrapWith()
#3 C:/Users/kings/Downloads/partnership-tracker-laravel/pt-laravel/vendor/laravel/framework/src/Illuminate/Foundation/Console/Kernel.php(196): Illuminate/Foundation/Console/Kernel->bootstrap()
#4 Command line code(1): Illuminate/Foundation/Console/Kernel->handle()
#5 {main}
"} 
[2026-07-13 18:57:20] production.ERROR: syntax error, unexpected token "=>" {"exception":"[object] (ParseError(code: 0): syntax error, unexpected token \"=>\" at C:/Users/kings/Downloads/partnership-tracker-laravel/pt-laravel/bootstrap/providers.php:3)
[stacktrace]
#0 C:/Users/kings/Downloads/partnership-tracker-laravel/pt-laravel/vendor/laravel/framework/src/Illuminate/Foundation/Bootstrap/RegisterProviders.php(34): Illuminate/Foundation/Bootstrap/RegisterProviders->mergeAdditionalProviders()
#1 C:/Users/kings/Downloads/partnership-tracker-laravel/pt-laravel/vendor/laravel/framework/src/Illuminate/Foundation/Application.php(342): Illuminate/Foundation/Bootstrap/RegisterProviders->bootstrap()
#2 C:/Users/kings/Downloads/partnership-tracker-laravel/pt-laravel/vendor/laravel/framework/src/Illuminate/Foundation/Console/Kernel.php(474): Illuminate/Foundation/Application->bootstrapWith()
#3 C:/Users/kings/Downloads/partnership-tracker-laravel/pt-laravel/vendor/laravel/framework/src/Illuminate/Foundation/Console/Kernel.php(196): Illuminate/Foundation/Console/Kernel->bootstrap()
#4 Command line code(1): Illuminate/Foundation/Console/Kernel->handle()
#5 {main}
"} 
[2026-07-13 18:57:20] production.ERROR: syntax error, unexpected token "=>" {"exception":"[object] (ParseError(code: 0): syntax error, unexpected token \"=>\" at C:/Users/kings/Downloads/partnership-tracker-laravel/pt-laravel/bootstrap/providers.php:3)
[stacktrace]
#0 C:/Users/kings/Downloads/partnership-tracker-laravel/pt-laravel/vendor/laravel/framework/src/Illuminate/Foundation/Bootstrap/RegisterProviders.php(34): Illuminate/Foundation/Bootstrap/RegisterProviders->mergeAdditionalProviders()
#1 C:/Users/kings/Downloads/partnership-tracker-laravel/pt-laravel/vendor/laravel/framework/src/Illuminate/Foundation/Application.php(342): Illuminate/Foundation/Bootstrap/RegisterProviders->bootstrap()
#2 C:/Users/kings/Downloads/partnership-tracker-laravel/pt-laravel/vendor/laravel/framework/src/Illuminate/Foundation/Console/Kernel.php(474): Illuminate/Foundation/Application->bootstrapWith()
#3 C:/Users/kings/Downloads/partnership-tracker-laravel/pt-laravel/vendor/laravel/framework/src/Illuminate/Foundation/Console/Kernel.php(196): Illuminate/Foundation/Console/Kernel->bootstrap()
#4 Command line code(1): Illuminate/Foundation/Console/Kernel->handle()
#5 {main}
"} 
[2026-07-13 18:58:20] production.ERROR: syntax error, unexpected token "=>" {"exception":"[object] (ParseError(code: 0): syntax error, unexpected token \"=>\" at C:/Users/kings/Downloads/partnership-tracker-laravel/pt-laravel/bootstrap/providers.php:3)
[stacktrace]
#0 C:/Users/kings/Downloads/partnership-tracker-laravel/pt-laravel/vendor/laravel/framework/src/Illuminate/Foundation/Bootstrap/RegisterProviders.php(34): Illuminate/Foundation/Bootstrap/RegisterProviders->mergeAdditionalProviders()
#1 C:/Users/kings/Downloads/partnership-tracker-laravel/pt-laravel/vendor/laravel/framework/src/Illuminate/Foundation/Application.php(342): Illuminate/Foundation/Bootstrap/RegisterProviders->bootstrap()
#2 C:/Users/kings/Downloads/partnership-tracker-laravel/pt-laravel/vendor/laravel/framework/src/Illuminate/Foundation/Console/Kernel.php(474): Illuminate/Foundation/Application->bootstrapWith()
#3 C:/Users/kings/Downloads/partnership-tracker-laravel/pt-laravel/vendor/laravel/framework/src/Illuminate/Foundation/Console/Kernel.php(196): Illuminate/Foundation/Console/Kernel->bootstrap()
#4 Command line code(1): Illuminate/Foundation/Console/Kernel->handle()
#5 {main}
"} 
[2026-07-13 18:58:20] production.ERROR: syntax error, unexpected token "=>" {"exception":"[object] (ParseError(code: 0): syntax error, unexpected token \"=>\" at C:/Users/kings/Downloads/partnership-tracker-laravel/pt-laravel/bootstrap/providers.php:3)
[stacktrace]
#0 C:/Users/kings/Downloads/partnership-tracker-laravel/pt-laravel/vendor/laravel/framework/src/Illuminate/Foundation/Bootstrap/RegisterProviders.php(34): Illuminate/Foundation/Bootstrap/RegisterProviders->mergeAdditionalProviders()
#1 C:/Users/kings/Downloads/partnership-tracker-laravel/pt-laravel/vendor/laravel/framework/src/Illuminate/Foundation/Application.php(342): Illuminate/Foundation/Bootstrap/RegisterProviders->bootstrap()
#2 C:/Users/kings/Downloads/partnership-tracker-laravel/pt-laravel/vendor/laravel/framework/src/Illuminate/Foundation/Console/Kernel.php(474): Illuminate/Foundation/Application->bootstrapWith()
#3 C:/Users/kings/Downloads/partnership-tracker-laravel/pt-laravel/vendor/laravel/framework/src/Illuminate/Foundation/Console/Kernel.php(196): Illuminate/Foundation/Console/Kernel->bootstrap()
#4 Command line code(1): Illuminate/Foundation/Console/Kernel->handle()
#5 {main}
"} 
[2026-07-13 19:06:04] production.ERROR: Target class [files] does not exist. {"exception":"[object] (Illuminate\\Contracts\\Container\\BindingResolutionException(code: 0): Target class [files] does not exist. at C:/Users/kings/Downloads/partnership-tracker-laravel/pt-laravel/vendor/laravel/framework/src/Illuminate/Container/Container.php:961)
[stacktrace]
#0 C:/Users/kings/Downloads/partnership-tracker-laravel/pt-laravel/vendor/laravel/framework/src/Illuminate/Container/Container.php(832): Illuminate/Container/Container->build()
#1 C:/Users/kings/Downloads/partnership-tracker-laravel/pt-laravel/vendor/laravel/framework/src/Illuminate/Foundation/Application.php(1078): Illuminate/Container/Container->resolve()
#2 C:/Users/kings/Downloads/partnership-tracker-laravel/pt-laravel/vendor/laravel/framework/src/Illuminate/Container/Container.php(763): Illuminate/Foundation/Application->resolve()
#3 C:/Users/kings/Downloads/partnership-tracker-laravel/pt-laravel/vendor/laravel/framework/src/Illuminate/Foundation/Application.php(1058): Illuminate/Container/Container->make()
#4 C:/Users/kings/Downloads/partnership-tracker-laravel/pt-laravel/vendor/laravel/framework/src/Illuminate/Container/Container.php(1580): Illuminate/Foundation/Application->make()
#5 C:/Users/kings/Downloads/partnership-tracker-laravel/pt-laravel/vendor/laravel/framework/src/Illuminate/Foundation/Application.php(1325): Illuminate/Container/Container->offsetGet()
#6 C:/Users/kings/Downloads/partnership-tracker-laravel/pt-laravel/vendor/laravel/sanctum/src/SanctumServiceProvider.php(68): Illuminate/Foundation/Application->routesAreCached()
#7 C:/Users/kings/Downloads/partnership-tracker-laravel/pt-laravel/vendor/laravel/sanctum/src/SanctumServiceProvider.php(56): Laravel/Sanctum/SanctumServiceProvider->defineRoutes()
#8 C:/Users/kings/Downloads/partnership-tracker-laravel/pt-laravel/vendor/laravel/framework/src/Illuminate/Container/BoundMethod.php(36): Laravel/Sanctum/SanctumServiceProvider->boot()
#9 C:/Users/kings/Downloads/partnership-tracker-laravel/pt-laravel/vendor/laravel/framework/src/Illuminate/Container/Util.php(43): Illuminate/Container/BoundMethod::{closure:Illuminate/Container/BoundMethod::call():35}()
#10 C:/Users/kings/Downloads/partnership-tracker-laravel/pt-laravel/vendor/laravel/framework/src/Illuminate/Container/BoundMethod.php(95): Illuminate/Container/Util::unwrapIfClosure()
#11 C:/Users/kings/Downloads/partnership-tracker-laravel/pt-laravel/vendor/laravel/framework/src/Illuminate/Container/BoundMethod.php(35): Illuminate/Container/BoundMethod::callBoundMethod()
#12 C:/Users/kings/Downloads/partnership-tracker-laravel/pt-laravel/vendor/laravel/framework/src/Illuminate/Container/Container.php(696): Illuminate/Container/BoundMethod::call()
#13 C:/Users/kings/Downloads/partnership-tracker-laravel/pt-laravel/vendor/laravel/framework/src/Illuminate/Foundation/Application.php(1151): Illuminate/Container/Container->call()
#14 C:/Users/kings/Downloads/partnership-tracker-laravel/pt-laravel/vendor/laravel/framework/src/Illuminate/Foundation/Application.php(1132): Illuminate/Foundation/Application->bootProvider()
#15 [internal function]: Illuminate/Foundation/Application->{closure:Illuminate/Foundation/Application::boot():1131}()
#16 C:/Users/kings/Downloads/partnership-tracker-laravel/pt-laravel/vendor/laravel/framework/src/Illuminate/Foundation/Application.php(1131): array_walk()
#17 C:/Users/kings/Downloads/partnership-tracker-laravel/pt-laravel/vendor/laravel/framework/src/Illuminate/Foundation/Bootstrap/BootProviders.php(17): Illuminate/Foundation/Application->boot()
#18 C:/Users/kings/Downloads/partnership-tracker-laravel/pt-laravel/vendor/laravel/framework/src/Illuminate/Foundation/Application.php(342): Illuminate/Foundation/Bootstrap/BootProviders->bootstrap()
#19 C:/Users/kings/Downloads/partnership-tracker-laravel/pt-laravel/vendor/laravel/framework/src/Illuminate/Foundation/Console/Kernel.php(474): Illuminate/Foundation/Application->bootstrapWith()
#20 C:/Users/kings/Downloads/partnership-tracker-laravel/pt-laravel/vendor/laravel/framework/src/Illuminate/Foundation/Console/Kernel.php(196): Illuminate/Foundation/Console/Kernel->bootstrap()
#21 C:/Users/kings/Downloads/partnership-tracker-laravel/pt-laravel/vendor/laravel/framework/src/Illuminate/Foundation/Application.php(1235): Illuminate/Foundation/Console/Kernel->handle()
#22 C:/Users/kings/Downloads/partnership-tracker-laravel/pt-laravel/artisan(12): Illuminate/Foundation/Application->handleCommand()
#23 {main}

[previous exception] [object] (ReflectionException(code: -1): Class \"files\" does not exist at C:/Users/kings/Downloads/partnership-tracker-laravel/pt-laravel/vendor/laravel/framework/src/Illuminate/Container/Container.php:959)
[stacktrace]
#0 C:/Users/kings/Downloads/partnership-tracker-laravel/pt-laravel/vendor/laravel/framework/src/Illuminate/Container/Container.php(959): ReflectionClass->__construct()
#1 C:/Users/kings/Downloads/partnership-tracker-laravel/pt-laravel/vendor/laravel/framework/src/Illuminate/Container/Container.php(832): Illuminate/Container/Container->build()
#2 C:/Users/kings/Downloads/partnership-tracker-laravel/pt-laravel/vendor/laravel/framework/src/Illuminate/Foundation/Application.php(1078): Illuminate/Container/Container->resolve()
#3 C:/Users/kings/Downloads/partnership-tracker-laravel/pt-laravel/vendor/laravel/framework/src/Illuminate/Container/Container.php(763): Illuminate/Foundation/Application->resolve()
#4 C:/Users/kings/Downloads/partnership-tracker-laravel/pt-laravel/vendor/laravel/framework/src/Illuminate/Foundation/Application.php(1058): Illuminate/Container/Container->make()
#5 C:/Users/kings/Downloads/partnership-tracker-laravel/pt-laravel/vendor/laravel/framework/src/Illuminate/Container/Container.php(1580): Illuminate/Foundation/Application->make()
#6 C:/Users/kings/Downloads/partnership-tracker-laravel/pt-laravel/vendor/laravel/framework/src/Illuminate/Foundation/Application.php(1325): Illuminate/Container/Container->offsetGet()
#7 C:/Users/kings/Downloads/partnership-tracker-laravel/pt-laravel/vendor/laravel/sanctum/src/SanctumServiceProvider.php(68): Illuminate/Foundation/Application->routesAreCached()
#8 C:/Users/kings/Downloads/partnership-tracker-laravel/pt-laravel/vendor/laravel/sanctum/src/SanctumServiceProvider.php(56): Laravel/Sanctum/SanctumServiceProvider->defineRoutes()
#9 C:/Users/kings/Downloads/partnership-tracker-laravel/pt-laravel/vendor/laravel/framework/src/Illuminate/Container/BoundMethod.php(36): Laravel/Sanctum/SanctumServiceProvider->boot()
#10 C:/Users/kings/Downloads/partnership-tracker-laravel/pt-laravel/vendor/laravel/framework/src/Illuminate/Container/Util.php(43): Illuminate/Container/BoundMethod::{closure:Illuminate/Container/BoundMethod::call():35}()
#11 C:/Users/kings/Downloads/partnership-tracker-laravel/pt-laravel/vendor/laravel/framework/src/Illuminate/Container/BoundMethod.php(95): Illuminate/Container/Util::unwrapIfClosure()
#12 C:/Users/kings/Downloads/partnership-tracker-laravel/pt-laravel/vendor/laravel/framework/src/Illuminate/Container/BoundMethod.php(35): Illuminate/Container/BoundMethod::callBoundMethod()
#13 C:/Users/kings/Downloads/partnership-tracker-laravel/pt-laravel/vendor/laravel/framework/src/Illuminate/Container/Container.php(696): Illuminate/Container/BoundMethod::call()
#14 C:/Users/kings/Downloads/partnership-tracker-laravel/pt-laravel/vendor/laravel/framework/src/Illuminate/Foundation/Application.php(1151): Illuminate/Container/Container->call()
#15 C:/Users/kings/Downloads/partnership-tracker-laravel/pt-laravel/vendor/laravel/framework/src/Illuminate/Foundation/Application.php(1132): Illuminate/Foundation/Application->bootProvider()
#16 [internal function]: Illuminate/Foundation/Application->{closure:Illuminate/Foundation/Application::boot():1131}()
#17 C:/Users/kings/Downloads/partnership-tracker-laravel/pt-laravel/vendor/laravel/framework/src/Illuminate/Foundation/Application.php(1131): array_walk()
#18 C:/Users/kings/Downloads/partnership-tracker-laravel/pt-laravel/vendor/laravel/framework/src/Illuminate/Foundation/Bootstrap/BootProviders.php(17): Illuminate/Foundation/Application->boot()
#19 C:/Users/kings/Downloads/partnership-tracker-laravel/pt-laravel/vendor/laravel/framework/src/Illuminate/Foundation/Application.php(342): Illuminate/Foundation/Bootstrap/BootProviders->bootstrap()
#20 C:/Users/kings/Downloads/partnership-tracker-laravel/pt-laravel/vendor/laravel/framework/src/Illuminate/Foundation/Console/Kernel.php(474): Illuminate/Foundation/Application->bootstrapWith()
#21 C:/Users/kings/Downloads/partnership-tracker-laravel/pt-laravel/vendor/laravel/framework/src/Illuminate/Foundation/Console/Kernel.php(196): Illuminate/Foundation/Console/Kernel->bootstrap()
#22 C:/Users/kings/Downloads/partnership-tracker-laravel/pt-laravel/vendor/laravel/framework/src/Illuminate/Foundation/Application.php(1235): Illuminate/Foundation/Console/Kernel->handle()
#23 C:/Users/kings/Downloads/partnership-tracker-laravel/pt-laravel/artisan(12): Illuminate/Foundation/Application->handleCommand()
#24 {main}
"} 
[2026-07-13 19:06:20] production.ERROR: Target class [files] does not exist. {"exception":"[object] (Illuminate\\Contracts\\Container\\BindingResolutionException(code: 0): Target class [files] does not exist. at C:/Users/kings/Downloads/partnership-tracker-laravel/pt-laravel/vendor/laravel/framework/src/Illuminate/Container/Container.php:961)
[stacktrace]
#0 C:/Users/kings/Downloads/partnership-tracker-laravel/pt-laravel/vendor/laravel/framework/src/Illuminate/Container/Container.php(832): Illuminate/Container/Container->build()
#1 C:/Users/kings/Downloads/partnership-tracker-laravel/pt-laravel/vendor/laravel/framework/src/Illuminate/Foundation/Application.php(1078): Illuminate/Container/Container->resolve()
#2 C:/Users/kings/Downloads/partnership-tracker-laravel/pt-laravel/vendor/laravel/framework/src/Illuminate/Container/Container.php(763): Illuminate/Foundation/Application->resolve()
#3 C:/Users/kings/Downloads/partnership-tracker-laravel/pt-laravel/vendor/laravel/framework/src/Illuminate/Foundation/Application.php(1058): Illuminate/Container/Container->make()
#4 C:/Users/kings/Downloads/partnership-tracker-laravel/pt-laravel/vendor/laravel/framework/src/Illuminate/Container/Container.php(1580): Illuminate/Foundation/Application->make()
#5 C:/Users/kings/Downloads/partnership-tracker-laravel/pt-laravel/vendor/laravel/framework/src/Illuminate/Foundation/Application.php(1325): Illuminate/Container/Container->offsetGet()
#6 C:/Users/kings/Downloads/partnership-tracker-laravel/pt-laravel/vendor/laravel/sanctum/src/SanctumServiceProvider.php(68): Illuminate/Foundation/Application->routesAreCached()
#7 C:/Users/kings/Downloads/partnership-tracker-laravel/pt-laravel/vendor/laravel/sanctum/src/SanctumServiceProvider.php(56): Laravel/Sanctum/SanctumServiceProvider->defineRoutes()
#8 C:/Users/kings/Downloads/partnership-tracker-laravel/pt-laravel/vendor/laravel/framework/src/Illuminate/Container/BoundMethod.php(36): Laravel/Sanctum/SanctumServiceProvider->boot()
#9 C:/Users/kings/Downloads/partnership-tracker-laravel/pt-laravel/vendor/laravel/framework/src/Illuminate/Container/Util.php(43): Illuminate/Container/BoundMethod::{closure:Illuminate/Container/BoundMethod::call():35}()
#10 C:/Users/kings/Downloads/partnership-tracker-laravel/pt-laravel/vendor/laravel/framework/src/Illuminate/Container/BoundMethod.php(95): Illuminate/Container/Util::unwrapIfClosure()
#11 C:/Users/kings/Downloads/partnership-tracker-laravel/pt-laravel/vendor/laravel/framework/src/Illuminate/Container/BoundMethod.php(35): Illuminate/Container/BoundMethod::callBoundMethod()
#12 C:/Users/kings/Downloads/partnership-tracker-laravel/pt-laravel/vendor/laravel/framework/src/Illuminate/Container/Container.php(696): Illuminate/Container/BoundMethod::call()
#13 C:/Users/kings/Downloads/partnership-tracker-laravel/pt-laravel/vendor/laravel/framework/src/Illuminate/Foundation/Application.php(1151): Illuminate/Container/Container->call()
#14 C:/Users/kings/Downloads/partnership-tracker-laravel/pt-laravel/vendor/laravel/framework/src/Illuminate/Foundation/Application.php(1132): Illuminate/Foundation/Application->bootProvider()
#15 [internal function]: Illuminate/Foundation/Application->{closure:Illuminate/Foundation/Application::boot():1131}()
#16 C:/Users/kings/Downloads/partnership-tracker-laravel/pt-laravel/vendor/laravel/framework/src/Illuminate/Foundation/Application.php(1131): array_walk()
#17 C:/Users/kings/Downloads/partnership-tracker-laravel/pt-laravel/vendor/laravel/framework/src/Illuminate/Foundation/Bootstrap/BootProviders.php(17): Illuminate/Foundation/Application->boot()
#18 C:/Users/kings/Downloads/partnership-tracker-laravel/pt-laravel/vendor/laravel/framework/src/Illuminate/Foundation/Application.php(342): Illuminate/Foundation/Bootstrap/BootProviders->bootstrap()
#19 C:/Users/kings/Downloads/partnership-tracker-laravel/pt-laravel/vendor/laravel/framework/src/Illuminate/Foundation/Console/Kernel.php(474): Illuminate/Foundation/Application->bootstrapWith()
#20 C:/Users/kings/Downloads/partnership-tracker-laravel/pt-laravel/vendor/laravel/framework/src/Illuminate/Foundation/Console/Kernel.php(196): Illuminate/Foundation/Console/Kernel->bootstrap()
#21 Command line code(1): Illuminate/Foundation/Console/Kernel->handle()
#22 {main}

[previous exception] [object] (ReflectionException(code: -1): Class \"files\" does not exist at C:/Users/kings/Downloads/partnership-tracker-laravel/pt-laravel/vendor/laravel/framework/src/Illuminate/Container/Container.php:959)
[stacktrace]
#0 C:/Users/kings/Downloads/partnership-tracker-laravel/pt-laravel/vendor/laravel/framework/src/Illuminate/Container/Container.php(959): ReflectionClass->__construct()
#1 C:/Users/kings/Downloads/partnership-tracker-laravel/pt-laravel/vendor/laravel/framework/src/Illuminate/Container/Container.php(832): Illuminate/Container/Container->build()
#2 C:/Users/kings/Downloads/partnership-tracker-laravel/pt-laravel/vendor/laravel/framework/src/Illuminate/Foundation/Application.php(1078): Illuminate/Container/Container->resolve()
#3 C:/Users/kings/Downloads/partnership-tracker-laravel/pt-laravel/vendor/laravel/framework/src/Illuminate/Container/Container.php(763): Illuminate/Foundation/Application->resolve()
#4 C:/Users/kings/Downloads/partnership-tracker-laravel/pt-laravel/vendor/laravel/framework/src/Illuminate/Foundation/Application.php(1058): Illuminate/Container/Container->make()
#5 C:/Users/kings/Downloads/partnership-tracker-laravel/pt-laravel/vendor/laravel/framework/src/Illuminate/Container/Container.php(1580): Illuminate/Foundation/Application->make()
#6 C:/Users/kings/Downloads/partnership-tracker-laravel/pt-laravel/vendor/laravel/framework/src/Illuminate/Foundation/Application.php(1325): Illuminate/Container/Container->offsetGet()
#7 C:/Users/kings/Downloads/partnership-tracker-laravel/pt-laravel/vendor/laravel/sanctum/src/SanctumServiceProvider.php(68): Illuminate/Foundation/Application->routesAreCached()
#8 C:/Users/kings/Downloads/partnership-tracker-laravel/pt-laravel/vendor/laravel/sanctum/src/SanctumServiceProvider.php(56): Laravel/Sanctum/SanctumServiceProvider->defineRoutes()
#9 C:/Users/kings/Downloads/partnership-tracker-laravel/pt-laravel/vendor/laravel/framework/src/Illuminate/Container/BoundMethod.php(36): Laravel/Sanctum/SanctumServiceProvider->boot()
#10 C:/Users/kings/Downloads/partnership-tracker-laravel/pt-laravel/vendor/laravel/framework/src/Illuminate/Container/Util.php(43): Illuminate/Container/BoundMethod::{closure:Illuminate/Container/BoundMethod::call():35}()
#11 C:/Users/kings/Downloads/partnership-tracker-laravel/pt-laravel/vendor/laravel/framework/src/Illuminate/Container/BoundMethod.php(95): Illuminate/Container/Util::unwrapIfClosure()
#12 C:/Users/kings/Downloads/partnership-tracker-laravel/pt-laravel/vendor/laravel/framework/src/Illuminate/Container/BoundMethod.php(35): Illuminate/Container/BoundMethod::callBoundMethod()
#13 C:/Users/kings/Downloads/partnership-tracker-laravel/pt-laravel/vendor/laravel/framework/src/Illuminate/Container/Container.php(696): Illuminate/Container/BoundMethod::call()
#14 C:/Users/kings/Downloads/partnership-tracker-laravel/pt-laravel/vendor/laravel/framework/src/Illuminate/Foundation/Application.php(1151): Illuminate/Container/Container->call()
#15 C:/Users/kings/Downloads/partnership-tracker-laravel/pt-laravel/vendor/laravel/framework/src/Illuminate/Foundation/Application.php(1132): Illuminate/Foundation/Application->bootProvider()
#16 [internal function]: Illuminate/Foundation/Application->{closure:Illuminate/Foundation/Application::boot():1131}()
#17 C:/Users/kings/Downloads/partnership-tracker-laravel/pt-laravel/vendor/laravel/framework/src/Illuminate/Foundation/Application.php(1131): array_walk()
#18 C:/Users/kings/Downloads/partnership-tracker-laravel/pt-laravel/vendor/laravel/framework/src/Illuminate/Foundation/Bootstrap/BootProviders.php(17): Illuminate/Foundation/Application->boot()
#19 C:/Users/kings/Downloads/partnership-tracker-laravel/pt-laravel/vendor/laravel/framework/src/Illuminate/Foundation/Application.php(342): Illuminate/Foundation/Bootstrap/BootProviders->bootstrap()
#20 C:/Users/kings/Downloads/partnership-tracker-laravel/pt-laravel/vendor/laravel/framework/src/Illuminate/Foundation/Console/Kernel.php(474): Illuminate/Foundation/Application->bootstrapWith()
#21 C:/Users/kings/Downloads/partnership-tracker-laravel/pt-laravel/vendor/laravel/framework/src/Illuminate/Foundation/Console/Kernel.php(196): Illuminate/Foundation/Console/Kernel->bootstrap()
#22 Command line code(1): Illuminate/Foundation/Console/Kernel->handle()
#23 {main}
"} 
[2026-07-13 19:06:20] production.ERROR: Target class [files] does not exist. {"exception":"[object] (Illuminate\\Contracts\\Container\\BindingResolutionException(code: 0): Target class [files] does not exist. at C:/Users/kings/Downloads/partnership-tracker-laravel/pt-laravel/vendor/laravel/framework/src/Illuminate/Container/Container.php:961)
[stacktrace]
#0 C:/Users/kings/Downloads/partnership-tracker-laravel/pt-laravel/vendor/laravel/framework/src/Illuminate/Container/Container.php(832): Illuminate/Container/Container->build()
#1 C:/Users/kings/Downloads/partnership-tracker-laravel/pt-laravel/vendor/laravel/framework/src/Illuminate/Foundation/Application.php(1078): Illuminate/Container/Container->resolve()
#2 C:/Users/kings/Downloads/partnership-tracker-laravel/pt-laravel/vendor/laravel/framework/src/Illuminate/Container/Container.php(763): Illuminate/Foundation/Application->resolve()
#3 C:/Users/kings/Downloads/partnership-tracker-laravel/pt-laravel/vendor/laravel/framework/src/Illuminate/Foundation/Application.php(1058): Illuminate/Container/Container->make()
#4 C:/Users/kings/Downloads/partnership-tracker-laravel/pt-laravel/vendor/laravel/framework/src/Illuminate/Container/Container.php(1580): Illuminate/Foundation/Application->make()
#5 C:/Users/kings/Downloads/partnership-tracker-laravel/pt-laravel/vendor/laravel/framework/src/Illuminate/Foundation/Application.php(1325): Illuminate/Container/Container->offsetGet()
#6 C:/Users/kings/Downloads/partnership-tracker-laravel/pt-laravel/vendor/laravel/sanctum/src/SanctumServiceProvider.php(68): Illuminate/Foundation/Application->routesAreCached()
#7 C:/Users/kings/Downloads/partnership-tracker-laravel/pt-laravel/vendor/laravel/sanctum/src/SanctumServiceProvider.php(56): Laravel/Sanctum/SanctumServiceProvider->defineRoutes()
#8 C:/Users/kings/Downloads/partnership-tracker-laravel/pt-laravel/vendor/laravel/framework/src/Illuminate/Container/BoundMethod.php(36): Laravel/Sanctum/SanctumServiceProvider->boot()
#9 C:/Users/kings/Downloads/partnership-tracker-laravel/pt-laravel/vendor/laravel/framework/src/Illuminate/Container/Util.php(43): Illuminate/Container/BoundMethod::{closure:Illuminate/Container/BoundMethod::call():35}()
#10 C:/Users/kings/Downloads/partnership-tracker-laravel/pt-laravel/vendor/laravel/framework/src/Illuminate/Container/BoundMethod.php(95): Illuminate/Container/Util::unwrapIfClosure()
#11 C:/Users/kings/Downloads/partnership-tracker-laravel/pt-laravel/vendor/laravel/framework/src/Illuminate/Container/BoundMethod.php(35): Illuminate/Container/BoundMethod::callBoundMethod()
#12 C:/Users/kings/Downloads/partnership-tracker-laravel/pt-laravel/vendor/laravel/framework/src/Illuminate/Container/Container.php(696): Illuminate/Container/BoundMethod::call()
#13 C:/Users/kings/Downloads/partnership-tracker-laravel/pt-laravel/vendor/laravel/framework/src/Illuminate/Foundation/Application.php(1151): Illuminate/Container/Container->call()
#14 C:/Users/kings/Downloads/partnership-tracker-laravel/pt-laravel/vendor/laravel/framework/src/Illuminate/Foundation/Application.php(1132): Illuminate/Foundation/Application->bootProvider()
#15 [internal function]: Illuminate/Foundation/Application->{closure:Illuminate/Foundation/Application::boot():1131}()
#16 C:/Users/kings/Downloads/partnership-tracker-laravel/pt-laravel/vendor/laravel/framework/src/Illuminate/Foundation/Application.php(1131): array_walk()
#17 C:/Users/kings/Downloads/partnership-tracker-laravel/pt-laravel/vendor/laravel/framework/src/Illuminate/Foundation/Bootstrap/BootProviders.php(17): Illuminate/Foundation/Application->boot()
#18 C:/Users/kings/Downloads/partnership-tracker-laravel/pt-laravel/vendor/laravel/framework/src/Illuminate/Foundation/Application.php(342): Illuminate/Foundation/Bootstrap/BootProviders->bootstrap()
#19 C:/Users/kings/Downloads/partnership-tracker-laravel/pt-laravel/vendor/laravel/framework/src/Illuminate/Foundation/Console/Kernel.php(474): Illuminate/Foundation/Application->bootstrapWith()
#20 C:/Users/kings/Downloads/partnership-tracker-laravel/pt-laravel/vendor/laravel/framework/src/Illuminate/Foundation/Console/Kernel.php(196): Illuminate/Foundation/Console/Kernel->bootstrap()
#21 Command line code(1): Illuminate/Foundation/Console/Kernel->handle()
#22 {main}

[previous exception] [object] (ReflectionException(code: -1): Class \"files\" does not exist at C:/Users/kings/Downloads/partnership-tracker-laravel/pt-laravel/vendor/laravel/framework/src/Illuminate/Container/Container.php:959)
[stacktrace]
#0 C:/Users/kings/Downloads/partnership-tracker-laravel/pt-laravel/vendor/laravel/framework/src/Illuminate/Container/Container.php(959): ReflectionClass->__construct()
#1 C:/Users/kings/Downloads/partnership-tracker-laravel/pt-laravel/vendor/laravel/framework/src/Illuminate/Container/Container.php(832): Illuminate/Container/Container->build()
#2 C:/Users/kings/Downloads/partnership-tracker-laravel/pt-laravel/vendor/laravel/framework/src/Illuminate/Foundation/Application.php(1078): Illuminate/Container/Container->resolve()
#3 C:/Users/kings/Downloads/partnership-tracker-laravel/pt-laravel/vendor/laravel/framework/src/Illuminate/Container/Container.php(763): Illuminate/Foundation/Application->resolve()
#4 C:/Users/kings/Downloads/partnership-tracker-laravel/pt-laravel/vendor/laravel/framework/src/Illuminate/Foundation/Application.php(1058): Illuminate/Container/Container->make()
#5 C:/Users/kings/Downloads/partnership-tracker-laravel/pt-laravel/vendor/laravel/framework/src/Illuminate/Container/Container.php(1580): Illuminate/Foundation/Application->make()
#6 C:/Users/kings/Downloads/partnership-tracker-laravel/pt-laravel/vendor/laravel/framework/src/Illuminate/Foundation/Application.php(1325): Illuminate/Container/Container->offsetGet()
#7 C:/Users/kings/Downloads/partnership-tracker-laravel/pt-laravel/vendor/laravel/sanctum/src/SanctumServiceProvider.php(68): Illuminate/Foundation/Application->routesAreCached()
#8 C:/Users/kings/Downloads/partnership-tracker-laravel/pt-laravel/vendor/laravel/sanctum/src/SanctumServiceProvider.php(56): Laravel/Sanctum/SanctumServiceProvider->defineRoutes()
#9 C:/Users/kings/Downloads/partnership-tracker-laravel/pt-laravel/vendor/laravel/framework/src/Illuminate/Container/BoundMethod.php(36): Laravel/Sanctum/SanctumServiceProvider->boot()
#10 C:/Users/kings/Downloads/partnership-tracker-laravel/pt-laravel/vendor/laravel/framework/src/Illuminate/Container/Util.php(43): Illuminate/Container/BoundMethod::{closure:Illuminate/Container/BoundMethod::call():35}()
#11 C:/Users/kings/Downloads/partnership-tracker-laravel/pt-laravel/vendor/laravel/framework/src/Illuminate/Container/BoundMethod.php(95): Illuminate/Container/Util::unwrapIfClosure()
#12 C:/Users/kings/Downloads/partnership-tracker-laravel/pt-laravel/vendor/laravel/framework/src/Illuminate/Container/BoundMethod.php(35): Illuminate/Container/BoundMethod::callBoundMethod()
#13 C:/Users/kings/Downloads/partnership-tracker-laravel/pt-laravel/vendor/laravel/framework/src/Illuminate/Container/Container.php(696): Illuminate/Container/BoundMethod::call()
#14 C:/Users/kings/Downloads/partnership-tracker-laravel/pt-laravel/vendor/laravel/framework/src/Illuminate/Foundation/Application.php(1151): Illuminate/Container/Container->call()
#15 C:/Users/kings/Downloads/partnership-tracker-laravel/pt-laravel/vendor/laravel/framework/src/Illuminate/Foundation/Application.php(1132): Illuminate/Foundation/Application->bootProvider()
#16 [internal function]: Illuminate/Foundation/Application->{closure:Illuminate/Foundation/Application::boot():1131}()
#17 C:/Users/kings/Downloads/partnership-tracker-laravel/pt-laravel/vendor/laravel/framework/src/Illuminate/Foundation/Application.php(1131): array_walk()
#18 C:/Users/kings/Downloads/partnership-tracker-laravel/pt-laravel/vendor/laravel/framework/src/Illuminate/Foundation/Bootstrap/BootProviders.php(17): Illuminate/Foundation/Application->boot()
#19 C:/Users/kings/Downloads/partnership-tracker-laravel/pt-laravel/vendor/laravel/framework/src/Illuminate/Foundation/Application.php(342): Illuminate/Foundation/Bootstrap/BootProviders->bootstrap()
#20 C:/Users/kings/Downloads/partnership-tracker-laravel/pt-laravel/vendor/laravel/framework/src/Illuminate/Foundation/Console/Kernel.php(474): Illuminate/Foundation/Application->bootstrapWith()
#21 C:/Users/kings/Downloads/partnership-tracker-laravel/pt-laravel/vendor/laravel/framework/src/Illuminate/Foundation/Console/Kernel.php(196): Illuminate/Foundation/Console/Kernel->bootstrap()
#22 Command line code(1): Illuminate/Foundation/Console/Kernel->handle()
#23 {main}
"} 
[2026-07-13 19:07:13] production.ERROR: Target class [files] does not exist. {"exception":"[object] (Illuminate\\Contracts\\Container\\BindingResolutionException(code: 0): Target class [files] does not exist. at C:/Users/kings/Downloads/partnership-tracker-laravel/pt-laravel/vendor/laravel/framework/src/Illuminate/Container/Container.php:961)
[stacktrace]
#0 C:/Users/kings/Downloads/partnership-tracker-laravel/pt-laravel/vendor/laravel/framework/src/Illuminate/Container/Container.php(832): Illuminate/Container/Container->build()
#1 C:/Users/kings/Downloads/partnership-tracker-laravel/pt-laravel/vendor/laravel/framework/src/Illuminate/Foundation/Application.php(1078): Illuminate/Container/Container->resolve()
#2 C:/Users/kings/Downloads/partnership-tracker-laravel/pt-laravel/vendor/laravel/framework/src/Illuminate/Container/Container.php(763): Illuminate/Foundation/Application->resolve()
#3 C:/Users/kings/Downloads/partnership-tracker-laravel/pt-laravel/vendor/laravel/framework/src/Illuminate/Foundation/Application.php(1058): Illuminate/Container/Container->make()
#4 C:/Users/kings/Downloads/partnership-tracker-laravel/pt-laravel/vendor/laravel/framework/src/Illuminate/Container/Container.php(1580): Illuminate/Foundation/Application->make()
#5 C:/Users/kings/Downloads/partnership-tracker-laravel/pt-laravel/vendor/laravel/framework/src/Illuminate/Foundation/Application.php(1325): Illuminate/Container/Container->offsetGet()
#6 C:/Users/kings/Downloads/partnership-tracker-laravel/pt-laravel/vendor/laravel/sanctum/src/SanctumServiceProvider.php(68): Illuminate/Foundation/Application->routesAreCached()
#7 C:/Users/kings/Downloads/partnership-tracker-laravel/pt-laravel/vendor/laravel/sanctum/src/SanctumServiceProvider.php(56): Laravel/Sanctum/SanctumServiceProvider->defineRoutes()
#8 C:/Users/kings/Downloads/partnership-tracker-laravel/pt-laravel/vendor/laravel/framework/src/Illuminate/Container/BoundMethod.php(36): Laravel/Sanctum/SanctumServiceProvider->boot()
#9 C:/Users/kings/Downloads/partnership-tracker-laravel/pt-laravel/vendor/laravel/framework/src/Illuminate/Container/Util.php(43): Illuminate/Container/BoundMethod::{closure:Illuminate/Container/BoundMethod::call():35}()
#10 C:/Users/kings/Downloads/partnership-tracker-laravel/pt-laravel/vendor/laravel/framework/src/Illuminate/Container/BoundMethod.php(95): Illuminate/Container/Util::unwrapIfClosure()
#11 C:/Users/kings/Downloads/partnership-tracker-laravel/pt-laravel/vendor/laravel/framework/src/Illuminate/Container/BoundMethod.php(35): Illuminate/Container/BoundMethod::callBoundMethod()
#12 C:/Users/kings/Downloads/partnership-tracker-laravel/pt-laravel/vendor/laravel/framework/src/Illuminate/Container/Container.php(696): Illuminate/Container/BoundMethod::call()
#13 C:/Users/kings/Downloads/partnership-tracker-laravel/pt-laravel/vendor/laravel/framework/src/Illuminate/Foundation/Application.php(1151): Illuminate/Container/Container->call()
#14 C:/Users/kings/Downloads/partnership-tracker-laravel/pt-laravel/vendor/laravel/framework/src/Illuminate/Foundation/Application.php(1132): Illuminate/Foundation/Application->bootProvider()
#15 [internal function]: Illuminate/Foundation/Application->{closure:Illuminate/Foundation/Application::boot():1131}()
#16 C:/Users/kings/Downloads/partnership-tracker-laravel/pt-laravel/vendor/laravel/framework/src/Illuminate/Foundation/Application.php(1131): array_walk()
#17 C:/Users/kings/Downloads/partnership-tracker-laravel/pt-laravel/vendor/laravel/framework/src/Illuminate/Foundation/Bootstrap/BootProviders.php(17): Illuminate/Foundation/Application->boot()
#18 C:/Users/kings/Downloads/partnership-tracker-laravel/pt-laravel/vendor/laravel/framework/src/Illuminate/Foundation/Application.php(342): Illuminate/Foundation/Bootstrap/BootProviders->bootstrap()
#19 C:/Users/kings/Downloads/partnership-tracker-laravel/pt-laravel/vendor/laravel/framework/src/Illuminate/Foundation/Console/Kernel.php(474): Illuminate/Foundation/Application->bootstrapWith()
#20 C:/Users/kings/Downloads/partnership-tracker-laravel/pt-laravel/vendor/laravel/framework/src/Illuminate/Foundation/Console/Kernel.php(196): Illuminate/Foundation/Console/Kernel->bootstrap()
#21 C:/Users/kings/Downloads/partnership-tracker-laravel/pt-laravel/vendor/laravel/framework/src/Illuminate/Foundation/Application.php(1235): Illuminate/Foundation/Console/Kernel->handle()
#22 C:/Users/kings/Downloads/partnership-tracker-laravel/pt-laravel/artisan(12): Illuminate/Foundation/Application->handleCommand()
#23 {main}

[previous exception] [object] (ReflectionException(code: -1): Class \"files\" does not exist at C:/Users/kings/Downloads/partnership-tracker-laravel/pt-laravel/vendor/laravel/framework/src/Illuminate/Container/Container.php:959)
[stacktrace]
#0 C:/Users/kings/Downloads/partnership-tracker-laravel/pt-laravel/vendor/laravel/framework/src/Illuminate/Container/Container.php(959): ReflectionClass->__construct()
#1 C:/Users/kings/Downloads/partnership-tracker-laravel/pt-laravel/vendor/laravel/framework/src/Illuminate/Container/Container.php(832): Illuminate/Container/Container->build()
#2 C:/Users/kings/Downloads/partnership-tracker-laravel/pt-laravel/vendor/laravel/framework/src/Illuminate/Foundation/Application.php(1078): Illuminate/Container/Container->resolve()
#3 C:/Users/kings/Downloads/partnership-tracker-laravel/pt-laravel/vendor/laravel/framework/src/Illuminate/Container/Container.php(763): Illuminate/Foundation/Application->resolve()
#4 C:/Users/kings/Downloads/partnership-tracker-laravel/pt-laravel/vendor/laravel/framework/src/Illuminate/Foundation/Application.php(1058): Illuminate/Container/Container->make()
#5 C:/Users/kings/Downloads/partnership-tracker-laravel/pt-laravel/vendor/laravel/framework/src/Illuminate/Container/Container.php(1580): Illuminate/Foundation/Application->make()
#6 C:/Users/kings/Downloads/partnership-tracker-laravel/pt-laravel/vendor/laravel/framework/src/Illuminate/Foundation/Application.php(1325): Illuminate/Container/Container->offsetGet()
#7 C:/Users/kings/Downloads/partnership-tracker-laravel/pt-laravel/vendor/laravel/sanctum/src/SanctumServiceProvider.php(68): Illuminate/Foundation/Application->routesAreCached()
#8 C:/Users/kings/Downloads/partnership-tracker-laravel/pt-laravel/vendor/laravel/sanctum/src/SanctumServiceProvider.php(56): Laravel/Sanctum/SanctumServiceProvider->defineRoutes()
#9 C:/Users/kings/Downloads/partnership-tracker-laravel/pt-laravel/vendor/laravel/framework/src/Illuminate/Container/BoundMethod.php(36): Laravel/Sanctum/SanctumServiceProvider->boot()
#10 C:/Users/kings/Downloads/partnership-tracker-laravel/pt-laravel/vendor/laravel/framework/src/Illuminate/Container/Util.php(43): Illuminate/Container/BoundMethod::{closure:Illuminate/Container/BoundMethod::call():35}()
#11 C:/Users/kings/Downloads/partnership-tracker-laravel/pt-laravel/vendor/laravel/framework/src/Illuminate/Container/BoundMethod.php(95): Illuminate/Container/Util::unwrapIfClosure()
#12 C:/Users/kings/Downloads/partnership-tracker-laravel/pt-laravel/vendor/laravel/framework/src/Illuminate/Container/BoundMethod.php(35): Illuminate/Container/BoundMethod::callBoundMethod()
#13 C:/Users/kings/Downloads/partnership-tracker-laravel/pt-laravel/vendor/laravel/framework/src/Illuminate/Container/Container.php(696): Illuminate/Container/BoundMethod::call()
#14 C:/Users/kings/Downloads/partnership-tracker-laravel/pt-laravel/vendor/laravel/framework/src/Illuminate/Foundation/Application.php(1151): Illuminate/Container/Container->call()
#15 C:/Users/kings/Downloads/partnership-tracker-laravel/pt-laravel/vendor/laravel/framework/src/Illuminate/Foundation/Application.php(1132): Illuminate/Foundation/Application->bootProvider()
#16 [internal function]: Illuminate/Foundation/Application->{closure:Illuminate/Foundation/Application::boot():1131}()
#17 C:/Users/kings/Downloads/partnership-tracker-laravel/pt-laravel/vendor/laravel/framework/src/Illuminate/Foundation/Application.php(1131): array_walk()
#18 C:/Users/kings/Downloads/partnership-tracker-laravel/pt-laravel/vendor/laravel/framework/src/Illuminate/Foundation/Bootstrap/BootProviders.php(17): Illuminate/Foundation/Application->boot()
#19 C:/Users/kings/Downloads/partnership-tracker-laravel/pt-laravel/vendor/laravel/framework/src/Illuminate/Foundation/Application.php(342): Illuminate/Foundation/Bootstrap/BootProviders->bootstrap()
#20 C:/Users/kings/Downloads/partnership-tracker-laravel/pt-laravel/vendor/laravel/framework/src/Illuminate/Foundation/Console/Kernel.php(474): Illuminate/Foundation/Application->bootstrapWith()
#21 C:/Users/kings/Downloads/partnership-tracker-laravel/pt-laravel/vendor/laravel/framework/src/Illuminate/Foundation/Console/Kernel.php(196): Illuminate/Foundation/Console/Kernel->bootstrap()
#22 C:/Users/kings/Downloads/partnership-tracker-laravel/pt-laravel/vendor/laravel/framework/src/Illuminate/Foundation/Application.php(1235): Illuminate/Foundation/Console/Kernel->handle()
#23 C:/Users/kings/Downloads/partnership-tracker-laravel/pt-laravel/artisan(12): Illuminate/Foundation/Application->handleCommand()
#24 {main}
"} 
[2026-07-13 19:07:20] production.ERROR: Target class [files] does not exist. {"exception":"[object] (Illuminate\\Contracts\\Container\\BindingResolutionException(code: 0): Target class [files] does not exist. at C:/Users/kings/Downloads/partnership-tracker-laravel/pt-laravel/vendor/laravel/framework/src/Illuminate/Container/Container.php:961)
[stacktrace]
#0 C:/Users/kings/Downloads/partnership-tracker-laravel/pt-laravel/vendor/laravel/framework/src/Illuminate/Container/Container.php(832): Illuminate/Container/Container->build()
#1 C:/Users/kings/Downloads/partnership-tracker-laravel/pt-laravel/vendor/laravel/framework/src/Illuminate/Foundation/Application.php(1078): Illuminate/Container/Container->resolve()
#2 C:/Users/kings/Downloads/partnership-tracker-laravel/pt-laravel/vendor/laravel/framework/src/Illuminate/Container/Container.php(763): Illuminate/Foundation/Application->resolve()
#3 C:/Users/kings/Downloads/partnership-tracker-laravel/pt-laravel/vendor/laravel/framework/src/Illuminate/Foundation/Application.php(1058): Illuminate/Container/Container->make()
#4 C:/Users/kings/Downloads/partnership-tracker-laravel/pt-laravel/vendor/laravel/framework/src/Illuminate/Container/Container.php(1580): Illuminate/Foundation/Application->make()
#5 C:/Users/kings/Downloads/partnership-tracker-laravel/pt-laravel/vendor/laravel/framework/src/Illuminate/Foundation/Application.php(1325): Illuminate/Container/Container->offsetGet()
#6 C:/Users/kings/Downloads/partnership-tracker-laravel/pt-laravel/vendor/laravel/sanctum/src/SanctumServiceProvider.php(68): Illuminate/Foundation/Application->routesAreCached()
#7 C:/Users/kings/Downloads/partnership-tracker-laravel/pt-laravel/vendor/laravel/sanctum/src/SanctumServiceProvider.php(56): Laravel/Sanctum/SanctumServiceProvider->defineRoutes()
#8 C:/Users/kings/Downloads/partnership-tracker-laravel/pt-laravel/vendor/laravel/framework/src/Illuminate/Container/BoundMethod.php(36): Laravel/Sanctum/SanctumServiceProvider->boot()
#9 C:/Users/kings/Downloads/partnership-tracker-laravel/pt-laravel/vendor/laravel/framework/src/Illuminate/Container/Util.php(43): Illuminate/Container/BoundMethod::{closure:Illuminate/Container/BoundMethod::call():35}()
#10 C:/Users/kings/Downloads/partnership-tracker-laravel/pt-laravel/vendor/laravel/framework/src/Illuminate/Container/BoundMethod.php(95): Illuminate/Container/Util::unwrapIfClosure()
#11 C:/Users/kings/Downloads/partnership-tracker-laravel/pt-laravel/vendor/laravel/framework/src/Illuminate/Container/BoundMethod.php(35): Illuminate/Container/BoundMethod::callBoundMethod()
#12 C:/Users/kings/Downloads/partnership-tracker-laravel/pt-laravel/vendor/laravel/framework/src/Illuminate/Container/Container.php(696): Illuminate/Container/BoundMethod::call()
#13 C:/Users/kings/Downloads/partnership-tracker-laravel/pt-laravel/vendor/laravel/framework/src/Illuminate/Foundation/Application.php(1151): Illuminate/Container/Container->call()
#14 C:/Users/kings/Downloads/partnership-tracker-laravel/pt-laravel/vendor/laravel/framework/src/Illuminate/Foundation/Application.php(1132): Illuminate/Foundation/Application->bootProvider()
#15 [internal function]: Illuminate/Foundation/Application->{closure:Illuminate/Foundation/Application::boot():1131}()
#16 C:/Users/kings/Downloads/partnership-tracker-laravel/pt-laravel/vendor/laravel/framework/src/Illuminate/Foundation/Application.php(1131): array_walk()
#17 C:/Users/kings/Downloads/partnership-tracker-laravel/pt-laravel/vendor/laravel/framework/src/Illuminate/Foundation/Bootstrap/BootProviders.php(17): Illuminate/Foundation/Application->boot()
#18 C:/Users/kings/Downloads/partnership-tracker-laravel/pt-laravel/vendor/laravel/framework/src/Illuminate/Foundation/Application.php(342): Illuminate/Foundation/Bootstrap/BootProviders->bootstrap()
#19 C:/Users/kings/Downloads/partnership-tracker-laravel/pt-laravel/vendor/laravel/framework/src/Illuminate/Foundation/Console/Kernel.php(474): Illuminate/Foundation/Application->bootstrapWith()
#20 C:/Users/kings/Downloads/partnership-tracker-laravel/pt-laravel/vendor/laravel/framework/src/Illuminate/Foundation/Console/Kernel.php(196): Illuminate/Foundation/Console/Kernel->bootstrap()
#21 Command line code(1): Illuminate/Foundation/Console/Kernel->handle()
#22 {main}

[previous exception] [object] (ReflectionException(code: -1): Class \"files\" does not exist at C:/Users/kings/Downloads/partnership-tracker-laravel/pt-laravel/vendor/laravel/framework/src/Illuminate/Container/Container.php:959)
[stacktrace]
#0 C:/Users/kings/Downloads/partnership-tracker-laravel/pt-laravel/vendor/laravel/framework/src/Illuminate/Container/Container.php(959): ReflectionClass->__construct()
#1 C:/Users/kings/Downloads/partnership-tracker-laravel/pt-laravel/vendor/laravel/framework/src/Illuminate/Container/Container.php(832): Illuminate/Container/Container->build()
#2 C:/Users/kings/Downloads/partnership-tracker-laravel/pt-laravel/vendor/laravel/framework/src/Illuminate/Foundation/Application.php(1078): Illuminate/Container/Container->resolve()
#3 C:/Users/kings/Downloads/partnership-tracker-laravel/pt-laravel/vendor/laravel/framework/src/Illuminate/Container/Container.php(763): Illuminate/Foundation/Application->resolve()
#4 C:/Users/kings/Downloads/partnership-tracker-laravel/pt-laravel/vendor/laravel/framework/src/Illuminate/Foundation/Application.php(1058): Illuminate/Container/Container->make()
#5 C:/Users/kings/Downloads/partnership-tracker-laravel/pt-laravel/vendor/laravel/framework/src/Illuminate/Container/Container.php(1580): Illuminate/Foundation/Application->make()
#6 C:/Users/kings/Downloads/partnership-tracker-laravel/pt-laravel/vendor/laravel/framework/src/Illuminate/Foundation/Application.php(1325): Illuminate/Container/Container->offsetGet()
#7 C:/Users/kings/Downloads/partnership-tracker-laravel/pt-laravel/vendor/laravel/sanctum/src/SanctumServiceProvider.php(68): Illuminate/Foundation/Application->routesAreCached()
#8 C:/Users/kings/Downloads/partnership-tracker-laravel/pt-laravel/vendor/laravel/sanctum/src/SanctumServiceProvider.php(56): Laravel/Sanctum/SanctumServiceProvider->defineRoutes()
#9 C:/Users/kings/Downloads/partnership-tracker-laravel/pt-laravel/vendor/laravel/framework/src/Illuminate/Container/BoundMethod.php(36): Laravel/Sanctum/SanctumServiceProvider->boot()
#10 C:/Users/kings/Downloads/partnership-tracker-laravel/pt-laravel/vendor/laravel/framework/src/Illuminate/Container/Util.php(43): Illuminate/Container/BoundMethod::{closure:Illuminate/Container/BoundMethod::call():35}()
#11 C:/Users/kings/Downloads/partnership-tracker-laravel/pt-laravel/vendor/laravel/framework/src/Illuminate/Container/BoundMethod.php(95): Illuminate/Container/Util::unwrapIfClosure()
#12 C:/Users/kings/Downloads/partnership-tracker-laravel/pt-laravel/vendor/laravel/framework/src/Illuminate/Container/BoundMethod.php(35): Illuminate/Container/BoundMethod::callBoundMethod()
#13 C:/Users/kings/Downloads/partnership-tracker-laravel/pt-laravel/vendor/laravel/framework/src/Illuminate/Container/Container.php(696): Illuminate/Container/BoundMethod::call()
#14 C:/Users/kings/Downloads/partnership-tracker-laravel/pt-laravel/vendor/laravel/framework/src/Illuminate/Foundation/Application.php(1151): Illuminate/Container/Container->call()
#15 C:/Users/kings/Downloads/partnership-tracker-laravel/pt-laravel/vendor/laravel/framework/src/Illuminate/Foundation/Application.php(1132): Illuminate/Foundation/Application->bootProvider()
#16 [internal function]: Illuminate/Foundation/Application->{closure:Illuminate/Foundation/Application::boot():1131}()
#17 C:/Users/kings/Downloads/partnership-tracker-laravel/pt-laravel/vendor/laravel/framework/src/Illuminate/Foundation/Application.php(1131): array_walk()
#18 C:/Users/kings/Downloads/partnership-tracker-laravel/pt-laravel/vendor/laravel/framework/src/Illuminate/Foundation/Bootstrap/BootProviders.php(17): Illuminate/Foundation/Application->boot()
#19 C:/Users/kings/Downloads/partnership-tracker-laravel/pt-laravel/vendor/laravel/framework/src/Illuminate/Foundation/Application.php(342): Illuminate/Foundation/Bootstrap/BootProviders->bootstrap()
#20 C:/Users/kings/Downloads/partnership-tracker-laravel/pt-laravel/vendor/laravel/framework/src/Illuminate/Foundation/Console/Kernel.php(474): Illuminate/Foundation/Application->bootstrapWith()
#21 C:/Users/kings/Downloads/partnership-tracker-laravel/pt-laravel/vendor/laravel/framework/src/Illuminate/Foundation/Console/Kernel.php(196): Illuminate/Foundation/Console/Kernel->bootstrap()
#22 Command line code(1): Illuminate/Foundation/Console/Kernel->handle()
#23 {main}
"} 
[2026-07-13 19:07:20] production.ERROR: Target class [files] does not exist. {"exception":"[object] (Illuminate\\Contracts\\Container\\BindingResolutionException(code: 0): Target class [files] does not exist. at C:/Users/kings/Downloads/partnership-tracker-laravel/pt-laravel/vendor/laravel/framework/src/Illuminate/Container/Container.php:961)
[stacktrace]
#0 C:/Users/kings/Downloads/partnership-tracker-laravel/pt-laravel/vendor/laravel/framework/src/Illuminate/Container/Container.php(832): Illuminate/Container/Container->build()
#1 C:/Users/kings/Downloads/partnership-tracker-laravel/pt-laravel/vendor/laravel/framework/src/Illuminate/Foundation/Application.php(1078): Illuminate/Container/Container->resolve()
#2 C:/Users/kings/Downloads/partnership-tracker-laravel/pt-laravel/vendor/laravel/framework/src/Illuminate/Container/Container.php(763): Illuminate/Foundation/Application->resolve()
#3 C:/Users/kings/Downloads/partnership-tracker-laravel/pt-laravel/vendor/laravel/framework/src/Illuminate/Foundation/Application.php(1058): Illuminate/Container/Container->make()
#4 C:/Users/kings/Downloads/partnership-tracker-laravel/pt-laravel/vendor/laravel/framework/src/Illuminate/Container/Container.php(1580): Illuminate/Foundation/Application->make()
#5 C:/Users/kings/Downloads/partnership-tracker-laravel/pt-laravel/vendor/laravel/framework/src/Illuminate/Foundation/Application.php(1325): Illuminate/Container/Container->offsetGet()
#6 C:/Users/kings/Downloads/partnership-tracker-laravel/pt-laravel/vendor/laravel/sanctum/src/SanctumServiceProvider.php(68): Illuminate/Foundation/Application->routesAreCached()
#7 C:/Users/kings/Downloads/partnership-tracker-laravel/pt-laravel/vendor/laravel/sanctum/src/SanctumServiceProvider.php(56): Laravel/Sanctum/SanctumServiceProvider->defineRoutes()
#8 C:/Users/kings/Downloads/partnership-tracker-laravel/pt-laravel/vendor/laravel/framework/src/Illuminate/Container/BoundMethod.php(36): Laravel/Sanctum/SanctumServiceProvider->boot()
#9 C:/Users/kings/Downloads/partnership-tracker-laravel/pt-laravel/vendor/laravel/framework/src/Illuminate/Container/Util.php(43): Illuminate/Container/BoundMethod::{closure:Illuminate/Container/BoundMethod::call():35}()
#10 C:/Users/kings/Downloads/partnership-tracker-laravel/pt-laravel/vendor/laravel/framework/src/Illuminate/Container/BoundMethod.php(95): Illuminate/Container/Util::unwrapIfClosure()
#11 C:/Users/kings/Downloads/partnership-tracker-laravel/pt-laravel/vendor/laravel/framework/src/Illuminate/Container/BoundMethod.php(35): Illuminate/Container/BoundMethod::callBoundMethod()
#12 C:/Users/kings/Downloads/partnership-tracker-laravel/pt-laravel/vendor/laravel/framework/src/Illuminate/Container/Container.php(696): Illuminate/Container/BoundMethod::call()
#13 C:/Users/kings/Downloads/partnership-tracker-laravel/pt-laravel/vendor/laravel/framework/src/Illuminate/Foundation/Application.php(1151): Illuminate/Container/Container->call()
#14 C:/Users/kings/Downloads/partnership-tracker-laravel/pt-laravel/vendor/laravel/framework/src/Illuminate/Foundation/Application.php(1132): Illuminate/Foundation/Application->bootProvider()
#15 [internal function]: Illuminate/Foundation/Application->{closure:Illuminate/Foundation/Application::boot():1131}()
#16 C:/Users/kings/Downloads/partnership-tracker-laravel/pt-laravel/vendor/laravel/framework/src/Illuminate/Foundation/Application.php(1131): array_walk()
#17 C:/Users/kings/Downloads/partnership-tracker-laravel/pt-laravel/vendor/laravel/framework/src/Illuminate/Foundation/Bootstrap/BootProviders.php(17): Illuminate/Foundation/Application->boot()
#18 C:/Users/kings/Downloads/partnership-tracker-laravel/pt-laravel/vendor/laravel/framework/src/Illuminate/Foundation/Application.php(342): Illuminate/Foundation/Bootstrap/BootProviders->bootstrap()
#19 C:/Users/kings/Downloads/partnership-tracker-laravel/pt-laravel/vendor/laravel/framework/src/Illuminate/Foundation/Console/Kernel.php(474): Illuminate/Foundation/Application->bootstrapWith()
#20 C:/Users/kings/Downloads/partnership-tracker-laravel/pt-laravel/vendor/laravel/framework/src/Illuminate/Foundation/Console/Kernel.php(196): Illuminate/Foundation/Console/Kernel->bootstrap()
#21 Command line code(1): Illuminate/Foundation/Console/Kernel->handle()
#22 {main}

[previous exception] [object] (ReflectionException(code: -1): Class \"files\" does not exist at C:/Users/kings/Downloads/partnership-tracker-laravel/pt-laravel/vendor/laravel/framework/src/Illuminate/Container/Container.php:959)
[stacktrace]
#0 C:/Users/kings/Downloads/partnership-tracker-laravel/pt-laravel/vendor/laravel/framework/src/Illuminate/Container/Container.php(959): ReflectionClass->__construct()
#1 C:/Users/kings/Downloads/partnership-tracker-laravel/pt-laravel/vendor/laravel/framework/src/Illuminate/Container/Container.php(832): Illuminate/Container/Container->build()
#2 C:/Users/kings/Downloads/partnership-tracker-laravel/pt-laravel/vendor/laravel/framework/src/Illuminate/Foundation/Application.php(1078): Illuminate/Container/Container->resolve()
#3 C:/Users/kings/Downloads/partnership-tracker-laravel/pt-laravel/vendor/laravel/framework/src/Illuminate/Container/Container.php(763): Illuminate/Foundation/Application->resolve()
#4 C:/Users/kings/Downloads/partnership-tracker-laravel/pt-laravel/vendor/laravel/framework/src/Illuminate/Foundation/Application.php(1058): Illuminate/Container/Container->make()
#5 C:/Users/kings/Downloads/partnership-tracker-laravel/pt-laravel/vendor/laravel/framework/src/Illuminate/Container/Container.php(1580): Illuminate/Foundation/Application->make()
#6 C:/Users/kings/Downloads/partnership-tracker-laravel/pt-laravel/vendor/laravel/framework/src/Illuminate/Foundation/Application.php(1325): Illuminate/Container/Container->offsetGet()
#7 C:/Users/kings/Downloads/partnership-tracker-laravel/pt-laravel/vendor/laravel/sanctum/src/SanctumServiceProvider.php(68): Illuminate/Foundation/Application->routesAreCached()
#8 C:/Users/kings/Downloads/partnership-tracker-laravel/pt-laravel/vendor/laravel/sanctum/src/SanctumServiceProvider.php(56): Laravel/Sanctum/SanctumServiceProvider->defineRoutes()
#9 C:/Users/kings/Downloads/partnership-tracker-laravel/pt-laravel/vendor/laravel/framework/src/Illuminate/Container/BoundMethod.php(36): Laravel/Sanctum/SanctumServiceProvider->boot()
#10 C:/Users/kings/Downloads/partnership-tracker-laravel/pt-laravel/vendor/laravel/framework/src/Illuminate/Container/Util.php(43): Illuminate/Container/BoundMethod::{closure:Illuminate/Container/BoundMethod::call():35}()
#11 C:/Users/kings/Downloads/partnership-tracker-laravel/pt-laravel/vendor/laravel/framework/src/Illuminate/Container/BoundMethod.php(95): Illuminate/Container/Util::unwrapIfClosure()
#12 C:/Users/kings/Downloads/partnership-tracker-laravel/pt-laravel/vendor/laravel/framework/src/Illuminate/Container/BoundMethod.php(35): Illuminate/Container/BoundMethod::callBoundMethod()
#13 C:/Users/kings/Downloads/partnership-tracker-laravel/pt-laravel/vendor/laravel/framework/src/Illuminate/Container/Container.php(696): Illuminate/Container/BoundMethod::call()
#14 C:/Users/kings/Downloads/partnership-tracker-laravel/pt-laravel/vendor/laravel/framework/src/Illuminate/Foundation/Application.php(1151): Illuminate/Container/Container->call()
#15 C:/Users/kings/Downloads/partnership-tracker-laravel/pt-laravel/vendor/laravel/framework/src/Illuminate/Foundation/Application.php(1132): Illuminate/Foundation/Application->bootProvider()
#16 [internal function]: Illuminate/Foundation/Application->{closure:Illuminate/Foundation/Application::boot():1131}()
#17 C:/Users/kings/Downloads/partnership-tracker-laravel/pt-laravel/vendor/laravel/framework/src/Illuminate/Foundation/Application.php(1131): array_walk()
#18 C:/Users/kings/Downloads/partnership-tracker-laravel/pt-laravel/vendor/laravel/framework/src/Illuminate/Foundation/Bootstrap/BootProviders.php(17): Illuminate/Foundation/Application->boot()
#19 C:/Users/kings/Downloads/partnership-tracker-laravel/pt-laravel/vendor/laravel/framework/src/Illuminate/Foundation/Application.php(342): Illuminate/Foundation/Bootstrap/BootProviders->bootstrap()
#20 C:/Users/kings/Downloads/partnership-tracker-laravel/pt-laravel/vendor/laravel/framework/src/Illuminate/Foundation/Console/Kernel.php(474): Illuminate/Foundation/Application->bootstrapWith()
#21 C:/Users/kings/Downloads/partnership-tracker-laravel/pt-laravel/vendor/laravel/framework/src/Illuminate/Foundation/Console/Kernel.php(196): Illuminate/Foundation/Console/Kernel->bootstrap()
#22 Command line code(1): Illuminate/Foundation/Console/Kernel->handle()
#23 {main}
"} 
[2026-07-13 19:08:20] production.ERROR: Target class [files] does not exist. {"exception":"[object] (Illuminate\\Contracts\\Container\\BindingResolutionException(code: 0): Target class [files] does not exist. at C:/Users/kings/Downloads/partnership-tracker-laravel/pt-laravel/vendor/laravel/framework/src/Illuminate/Container/Container.php:961)
[stacktrace]
#0 C:/Users/kings/Downloads/partnership-tracker-laravel/pt-laravel/vendor/laravel/framework/src/Illuminate/Container/Container.php(832): Illuminate/Container/Container->build()
#1 C:/Users/kings/Downloads/partnership-tracker-laravel/pt-laravel/vendor/laravel/framework/src/Illuminate/Foundation/Application.php(1078): Illuminate/Container/Container->resolve()
#2 C:/Users/kings/Downloads/partnership-tracker-laravel/pt-laravel/vendor/laravel/framework/src/Illuminate/Container/Container.php(763): Illuminate/Foundation/Application->resolve()
#3 C:/Users/kings/Downloads/partnership-tracker-laravel/pt-laravel/vendor/laravel/framework/src/Illuminate/Foundation/Application.php(1058): Illuminate/Container/Container->make()
#4 C:/Users/kings/Downloads/partnership-tracker-laravel/pt-laravel/vendor/laravel/framework/src/Illuminate/Container/Container.php(1580): Illuminate/Foundation/Application->make()
#5 C:/Users/kings/Downloads/partnership-tracker-laravel/pt-laravel/vendor/laravel/framework/src/Illuminate/Foundation/Application.php(1325): Illuminate/Container/Container->offsetGet()
#6 C:/Users/kings/Downloads/partnership-tracker-laravel/pt-laravel/vendor/laravel/sanctum/src/SanctumServiceProvider.php(68): Illuminate/Foundation/Application->routesAreCached()
#7 C:/Users/kings/Downloads/partnership-tracker-laravel/pt-laravel/vendor/laravel/sanctum/src/SanctumServiceProvider.php(56): Laravel/Sanctum/SanctumServiceProvider->defineRoutes()
#8 C:/Users/kings/Downloads/partnership-tracker-laravel/pt-laravel/vendor/laravel/framework/src/Illuminate/Container/BoundMethod.php(36): Laravel/Sanctum/SanctumServiceProvider->boot()
#9 C:/Users/kings/Downloads/partnership-tracker-laravel/pt-laravel/vendor/laravel/framework/src/Illuminate/Container/Util.php(43): Illuminate/Container/BoundMethod::{closure:Illuminate/Container/BoundMethod::call():35}()
#10 C:/Users/kings/Downloads/partnership-tracker-laravel/pt-laravel/vendor/laravel/framework/src/Illuminate/Container/BoundMethod.php(95): Illuminate/Container/Util::unwrapIfClosure()
#11 C:/Users/kings/Downloads/partnership-tracker-laravel/pt-laravel/vendor/laravel/framework/src/Illuminate/Container/BoundMethod.php(35): Illuminate/Container/BoundMethod::callBoundMethod()
#12 C:/Users/kings/Downloads/partnership-tracker-laravel/pt-laravel/vendor/laravel/framework/src/Illuminate/Container/Container.php(696): Illuminate/Container/BoundMethod::call()
#13 C:/Users/kings/Downloads/partnership-tracker-laravel/pt-laravel/vendor/laravel/framework/src/Illuminate/Foundation/Application.php(1151): Illuminate/Container/Container->call()
#14 C:/Users/kings/Downloads/partnership-tracker-laravel/pt-laravel/vendor/laravel/framework/src/Illuminate/Foundation/Application.php(1132): Illuminate/Foundation/Application->bootProvider()
#15 [internal function]: Illuminate/Foundation/Application->{closure:Illuminate/Foundation/Application::boot():1131}()
#16 C:/Users/kings/Downloads/partnership-tracker-laravel/pt-laravel/vendor/laravel/framework/src/Illuminate/Foundation/Application.php(1131): array_walk()
#17 C:/Users/kings/Downloads/partnership-tracker-laravel/pt-laravel/vendor/laravel/framework/src/Illuminate/Foundation/Bootstrap/BootProviders.php(17): Illuminate/Foundation/Application->boot()
#18 C:/Users/kings/Downloads/partnership-tracker-laravel/pt-laravel/vendor/laravel/framework/src/Illuminate/Foundation/Application.php(342): Illuminate/Foundation/Bootstrap/BootProviders->bootstrap()
#19 C:/Users/kings/Downloads/partnership-tracker-laravel/pt-laravel/vendor/laravel/framework/src/Illuminate/Foundation/Console/Kernel.php(474): Illuminate/Foundation/Application->bootstrapWith()
#20 C:/Users/kings/Downloads/partnership-tracker-laravel/pt-laravel/vendor/laravel/framework/src/Illuminate/Foundation/Console/Kernel.php(196): Illuminate/Foundation/Console/Kernel->bootstrap()
#21 Command line code(1): Illuminate/Foundation/Console/Kernel->handle()
#22 {main}

[previous exception] [object] (ReflectionException(code: -1): Class \"files\" does not exist at C:/Users/kings/Downloads/partnership-tracker-laravel/pt-laravel/vendor/laravel/framework/src/Illuminate/Container/Container.php:959)
[stacktrace]
#0 C:/Users/kings/Downloads/partnership-tracker-laravel/pt-laravel/vendor/laravel/framework/src/Illuminate/Container/Container.php(959): ReflectionClass->__construct()
#1 C:/Users/kings/Downloads/partnership-tracker-laravel/pt-laravel/vendor/laravel/framework/src/Illuminate/Container/Container.php(832): Illuminate/Container/Container->build()
#2 C:/Users/kings/Downloads/partnership-tracker-laravel/pt-laravel/vendor/laravel/framework/src/Illuminate/Foundation/Application.php(1078): Illuminate/Container/Container->resolve()
#3 C:/Users/kings/Downloads/partnership-tracker-laravel/pt-laravel/vendor/laravel/framework/src/Illuminate/Container/Container.php(763): Illuminate/Foundation/Application->resolve()
#4 C:/Users/kings/Downloads/partnership-tracker-laravel/pt-laravel/vendor/laravel/framework/src/Illuminate/Foundation/Application.php(1058): Illuminate/Container/Container->make()
#5 C:/Users/kings/Downloads/partnership-tracker-laravel/pt-laravel/vendor/laravel/framework/src/Illuminate/Container/Container.php(1580): Illuminate/Foundation/Application->make()
#6 C:/Users/kings/Downloads/partnership-tracker-laravel/pt-laravel/vendor/laravel/framework/src/Illuminate/Foundation/Application.php(1325): Illuminate/Container/Container->offsetGet()
#7 C:/Users/kings/Downloads/partnership-tracker-laravel/pt-laravel/vendor/laravel/sanctum/src/SanctumServiceProvider.php(68): Illuminate/Foundation/Application->routesAreCached()
#8 C:/Users/kings/Downloads/partnership-tracker-laravel/pt-laravel/vendor/laravel/sanctum/src/SanctumServiceProvider.php(56): Laravel/Sanctum/SanctumServiceProvider->defineRoutes()
#9 C:/Users/kings/Downloads/partnership-tracker-laravel/pt-laravel/vendor/laravel/framework/src/Illuminate/Container/BoundMethod.php(36): Laravel/Sanctum/SanctumServiceProvider->boot()
#10 C:/Users/kings/Downloads/partnership-tracker-laravel/pt-laravel/vendor/laravel/framework/src/Illuminate/Container/Util.php(43): Illuminate/Container/BoundMethod::{closure:Illuminate/Container/BoundMethod::call():35}()
#11 C:/Users/kings/Downloads/partnership-tracker-laravel/pt-laravel/vendor/laravel/framework/src/Illuminate/Container/BoundMethod.php(95): Illuminate/Container/Util::unwrapIfClosure()
#12 C:/Users/kings/Downloads/partnership-tracker-laravel/pt-laravel/vendor/laravel/framework/src/Illuminate/Container/BoundMethod.php(35): Illuminate/Container/BoundMethod::callBoundMethod()
#13 C:/Users/kings/Downloads/partnership-tracker-laravel/pt-laravel/vendor/laravel/framework/src/Illuminate/Container/Container.php(696): Illuminate/Container/BoundMethod::call()
#14 C:/Users/kings/Downloads/partnership-tracker-laravel/pt-laravel/vendor/laravel/framework/src/Illuminate/Foundation/Application.php(1151): Illuminate/Container/Container->call()
#15 C:/Users/kings/Downloads/partnership-tracker-laravel/pt-laravel/vendor/laravel/framework/src/Illuminate/Foundation/Application.php(1132): Illuminate/Foundation/Application->bootProvider()
#16 [internal function]: Illuminate/Foundation/Application->{closure:Illuminate/Foundation/Application::boot():1131}()
#17 C:/Users/kings/Downloads/partnership-tracker-laravel/pt-laravel/vendor/laravel/framework/src/Illuminate/Foundation/Application.php(1131): array_walk()
#18 C:/Users/kings/Downloads/partnership-tracker-laravel/pt-laravel/vendor/laravel/framework/src/Illuminate/Foundation/Bootstrap/BootProviders.php(17): Illuminate/Foundation/Application->boot()
#19 C:/Users/kings/Downloads/partnership-tracker-laravel/pt-laravel/vendor/laravel/framework/src/Illuminate/Foundation/Application.php(342): Illuminate/Foundation/Bootstrap/BootProviders->bootstrap()
#20 C:/Users/kings/Downloads/partnership-tracker-laravel/pt-laravel/vendor/laravel/framework/src/Illuminate/Foundation/Console/Kernel.php(474): Illuminate/Foundation/Application->bootstrapWith()
#21 C:/Users/kings/Downloads/partnership-tracker-laravel/pt-laravel/vendor/laravel/framework/src/Illuminate/Foundation/Console/Kernel.php(196): Illuminate/Foundation/Console/Kernel->bootstrap()
#22 Command line code(1): Illuminate/Foundation/Console/Kernel->handle()
#23 {main}
"} 
[2026-07-13 19:08:20] production.ERROR: Target class [files] does not exist. {"exception":"[object] (Illuminate\\Contracts\\Container\\BindingResolutionException(code: 0): Target class [files] does not exist. at C:/Users/kings/Downloads/partnership-tracker-laravel/pt-laravel/vendor/laravel/framework/src/Illuminate/Container/Container.php:961)
[stacktrace]
#0 C:/Users/kings/Downloads/partnership-tracker-laravel/pt-laravel/vendor/laravel/framework/src/Illuminate/Container/Container.php(832): Illuminate/Container/Container->build()
#1 C:/Users/kings/Downloads/partnership-tracker-laravel/pt-laravel/vendor/laravel/framework/src/Illuminate/Foundation/Application.php(1078): Illuminate/Container/Container->resolve()
#2 C:/Users/kings/Downloads/partnership-tracker-laravel/pt-laravel/vendor/laravel/framework/src/Illuminate/Container/Container.php(763): Illuminate/Foundation/Application->resolve()
#3 C:/Users/kings/Downloads/partnership-tracker-laravel/pt-laravel/vendor/laravel/framework/src/Illuminate/Foundation/Application.php(1058): Illuminate/Container/Container->make()
#4 C:/Users/kings/Downloads/partnership-tracker-laravel/pt-laravel/vendor/laravel/framework/src/Illuminate/Container/Container.php(1580): Illuminate/Foundation/Application->make()
#5 C:/Users/kings/Downloads/partnership-tracker-laravel/pt-laravel/vendor/laravel/framework/src/Illuminate/Foundation/Application.php(1325): Illuminate/Container/Container->offsetGet()
#6 C:/Users/kings/Downloads/partnership-tracker-laravel/pt-laravel/vendor/laravel/sanctum/src/SanctumServiceProvider.php(68): Illuminate/Foundation/Application->routesAreCached()
#7 C:/Users/kings/Downloads/partnership-tracker-laravel/pt-laravel/vendor/laravel/sanctum/src/SanctumServiceProvider.php(56): Laravel/Sanctum/SanctumServiceProvider->defineRoutes()
#8 C:/Users/kings/Downloads/partnership-tracker-laravel/pt-laravel/vendor/laravel/framework/src/Illuminate/Container/BoundMethod.php(36): Laravel/Sanctum/SanctumServiceProvider->boot()
#9 C:/Users/kings/Downloads/partnership-tracker-laravel/pt-laravel/vendor/laravel/framework/src/Illuminate/Container/Util.php(43): Illuminate/Container/BoundMethod::{closure:Illuminate/Container/BoundMethod::call():35}()
#10 C:/Users/kings/Downloads/partnership-tracker-laravel/pt-laravel/vendor/laravel/framework/src/Illuminate/Container/BoundMethod.php(95): Illuminate/Container/Util::unwrapIfClosure()
#11 C:/Users/kings/Downloads/partnership-tracker-laravel/pt-laravel/vendor/laravel/framework/src/Illuminate/Container/BoundMethod.php(35): Illuminate/Container/BoundMethod::callBoundMethod()
#12 C:/Users/kings/Downloads/partnership-tracker-laravel/pt-laravel/vendor/laravel/framework/src/Illuminate/Container/Container.php(696): Illuminate/Container/BoundMethod::call()
#13 C:/Users/kings/Downloads/partnership-tracker-laravel/pt-laravel/vendor/laravel/framework/src/Illuminate/Foundation/Application.php(1151): Illuminate/Container/Container->call()
#14 C:/Users/kings/Downloads/partnership-tracker-laravel/pt-laravel/vendor/laravel/framework/src/Illuminate/Foundation/Application.php(1132): Illuminate/Foundation/Application->bootProvider()
#15 [internal function]: Illuminate/Foundation/Application->{closure:Illuminate/Foundation/Application::boot():1131}()
#16 C:/Users/kings/Downloads/partnership-tracker-laravel/pt-laravel/vendor/laravel/framework/src/Illuminate/Foundation/Application.php(1131): array_walk()
#17 C:/Users/kings/Downloads/partnership-tracker-laravel/pt-laravel/vendor/laravel/framework/src/Illuminate/Foundation/Bootstrap/BootProviders.php(17): Illuminate/Foundation/Application->boot()
#18 C:/Users/kings/Downloads/partnership-tracker-laravel/pt-laravel/vendor/laravel/framework/src/Illuminate/Foundation/Application.php(342): Illuminate/Foundation/Bootstrap/BootProviders->bootstrap()
#19 C:/Users/kings/Downloads/partnership-tracker-laravel/pt-laravel/vendor/laravel/framework/src/Illuminate/Foundation/Console/Kernel.php(474): Illuminate/Foundation/Application->bootstrapWith()
#20 C:/Users/kings/Downloads/partnership-tracker-laravel/pt-laravel/vendor/laravel/framework/src/Illuminate/Foundation/Console/Kernel.php(196): Illuminate/Foundation/Console/Kernel->bootstrap()
#21 Command line code(1): Illuminate/Foundation/Console/Kernel->handle()
#22 {main}

[previous exception] [object] (ReflectionException(code: -1): Class \"files\" does not exist at C:/Users/kings/Downloads/partnership-tracker-laravel/pt-laravel/vendor/laravel/framework/src/Illuminate/Container/Container.php:959)
[stacktrace]
#0 C:/Users/kings/Downloads/partnership-tracker-laravel/pt-laravel/vendor/laravel/framework/src/Illuminate/Container/Container.php(959): ReflectionClass->__construct()
#1 C:/Users/kings/Downloads/partnership-tracker-laravel/pt-laravel/vendor/laravel/framework/src/Illuminate/Container/Container.php(832): Illuminate/Container/Container->build()
#2 C:/Users/kings/Downloads/partnership-tracker-laravel/pt-laravel/vendor/laravel/framework/src/Illuminate/Foundation/Application.php(1078): Illuminate/Container/Container->resolve()
#3 C:/Users/kings/Downloads/partnership-tracker-laravel/pt-laravel/vendor/laravel/framework/src/Illuminate/Container/Container.php(763): Illuminate/Foundation/Application->resolve()
#4 C:/Users/kings/Downloads/partnership-tracker-laravel/pt-laravel/vendor/laravel/framework/src/Illuminate/Foundation/Application.php(1058): Illuminate/Container/Container->make()
#5 C:/Users/kings/Downloads/partnership-tracker-laravel/pt-laravel/vendor/laravel/framework/src/Illuminate/Container/Container.php(1580): Illuminate/Foundation/Application->make()
#6 C:/Users/kings/Downloads/partnership-tracker-laravel/pt-laravel/vendor/laravel/framework/src/Illuminate/Foundation/Application.php(1325): Illuminate/Container/Container->offsetGet()
#7 C:/Users/kings/Downloads/partnership-tracker-laravel/pt-laravel/vendor/laravel/sanctum/src/SanctumServiceProvider.php(68): Illuminate/Foundation/Application->routesAreCached()
#8 C:/Users/kings/Downloads/partnership-tracker-laravel/pt-laravel/vendor/laravel/sanctum/src/SanctumServiceProvider.php(56): Laravel/Sanctum/SanctumServiceProvider->defineRoutes()
#9 C:/Users/kings/Downloads/partnership-tracker-laravel/pt-laravel/vendor/laravel/framework/src/Illuminate/Container/BoundMethod.php(36): Laravel/Sanctum/SanctumServiceProvider->boot()
#10 C:/Users/kings/Downloads/partnership-tracker-laravel/pt-laravel/vendor/laravel/framework/src/Illuminate/Container/Util.php(43): Illuminate/Container/BoundMethod::{closure:Illuminate/Container/BoundMethod::call():35}()
#11 C:/Users/kings/Downloads/partnership-tracker-laravel/pt-laravel/vendor/laravel/framework/src/Illuminate/Container/BoundMethod.php(95): Illuminate/Container/Util::unwrapIfClosure()
#12 C:/Users/kings/Downloads/partnership-tracker-laravel/pt-laravel/vendor/laravel/framework/src/Illuminate/Container/BoundMethod.php(35): Illuminate/Container/BoundMethod::callBoundMethod()
#13 C:/Users/kings/Downloads/partnership-tracker-laravel/pt-laravel/vendor/laravel/framework/src/Illuminate/Container/Container.php(696): Illuminate/Container/BoundMethod::call()
#14 C:/Users/kings/Downloads/partnership-tracker-laravel/pt-laravel/vendor/laravel/framework/src/Illuminate/Foundation/Application.php(1151): Illuminate/Container/Container->call()
#15 C:/Users/kings/Downloads/partnership-tracker-laravel/pt-laravel/vendor/laravel/framework/src/Illuminate/Foundation/Application.php(1132): Illuminate/Foundation/Application->bootProvider()
#16 [internal function]: Illuminate/Foundation/Application->{closure:Illuminate/Foundation/Application::boot():1131}()
#17 C:/Users/kings/Downloads/partnership-tracker-laravel/pt-laravel/vendor/laravel/framework/src/Illuminate/Foundation/Application.php(1131): array_walk()
#18 C:/Users/kings/Downloads/partnership-tracker-laravel/pt-laravel/vendor/laravel/framework/src/Illuminate/Foundation/Bootstrap/BootProviders.php(17): Illuminate/Foundation/Application->boot()
#19 C:/Users/kings/Downloads/partnership-tracker-laravel/pt-laravel/vendor/laravel/framework/src/Illuminate/Foundation/Application.php(342): Illuminate/Foundation/Bootstrap/BootProviders->bootstrap()
#20 C:/Users/kings/Downloads/partnership-tracker-laravel/pt-laravel/vendor/laravel/framework/src/Illuminate/Foundation/Console/Kernel.php(474): Illuminate/Foundation/Application->bootstrapWith()
#21 C:/Users/kings/Downloads/partnership-tracker-laravel/pt-laravel/vendor/laravel/framework/src/Illuminate/Foundation/Console/Kernel.php(196): Illuminate/Foundation/Console/Kernel->bootstrap()
#22 Command line code(1): Illuminate/Foundation/Console/Kernel->handle()
#23 {main}
"} 
[2026-07-13 19:09:18] production.ERROR: Target [Illuminate\Contracts\Auth\Access\Gate] is not instantiable while building [App\Providers\AppServiceProvider]. {"exception":"[object] (Illuminate\\Contracts\\Container\\BindingResolutionException(code: 0): Target [Illuminate\\Contracts\\Auth\\Access\\Gate] is not instantiable while building [App\\Providers\\AppServiceProvider]. at C:/Users/kings/Downloads/partnership-tracker-laravel/pt-laravel/vendor/laravel/framework/src/Illuminate/Container/Container.php:1216)
[stacktrace]
#0 C:/Users/kings/Downloads/partnership-tracker-laravel/pt-laravel/vendor/laravel/framework/src/Illuminate/Container/Container.php(968): Illuminate/Container/Container->notInstantiable()
#1 C:/Users/kings/Downloads/partnership-tracker-laravel/pt-laravel/vendor/laravel/framework/src/Illuminate/Container/Container.php(832): Illuminate/Container/Container->build()
#2 C:/Users/kings/Downloads/partnership-tracker-laravel/pt-laravel/vendor/laravel/framework/src/Illuminate/Foundation/Application.php(1078): Illuminate/Container/Container->resolve()
#3 C:/Users/kings/Downloads/partnership-tracker-laravel/pt-laravel/vendor/laravel/framework/src/Illuminate/Container/Container.php(763): Illuminate/Foundation/Application->resolve()
#4 C:/Users/kings/Downloads/partnership-tracker-laravel/pt-laravel/vendor/laravel/framework/src/Illuminate/Foundation/Application.php(1058): Illuminate/Container/Container->make()
#5 C:/Users/kings/Downloads/partnership-tracker-laravel/pt-laravel/vendor/laravel/framework/src/Illuminate/Container/Container.php(1580): Illuminate/Foundation/Application->make()
#6 C:/Users/kings/Downloads/partnership-tracker-laravel/pt-laravel/vendor/laravel/framework/src/Illuminate/Support/Facades/Facade.php(239): Illuminate/Container/Container->offsetGet()
#7 C:/Users/kings/Downloads/partnership-tracker-laravel/pt-laravel/vendor/laravel/framework/src/Illuminate/Support/Facades/Facade.php(210): Illuminate/Support/Facades/Facade::resolveFacadeInstance()
#8 C:/Users/kings/Downloads/partnership-tracker-laravel/pt-laravel/vendor/laravel/framework/src/Illuminate/Support/Facades/Facade.php(355): Illuminate/Support/Facades/Facade::getFacadeRoot()
#9 C:/Users/kings/Downloads/partnership-tracker-laravel/pt-laravel/app/Providers/AppServiceProvider.php(34): Illuminate/Support/Facades/Facade::__callStatic()
#10 C:/Users/kings/Downloads/partnership-tracker-laravel/pt-laravel/vendor/laravel/framework/src/Illuminate/Container/BoundMethod.php(36): App/Providers/AppServiceProvider->boot()
#11 C:/Users/kings/Downloads/partnership-tracker-laravel/pt-laravel/vendor/laravel/framework/src/Illuminate/Container/Util.php(43): Illuminate/Container/BoundMethod::{closure:Illuminate/Container/BoundMethod::call():35}()
#12 C:/Users/kings/Downloads/partnership-tracker-laravel/pt-laravel/vendor/laravel/framework/src/Illuminate/Container/BoundMethod.php(95): Illuminate/Container/Util::unwrapIfClosure()
#13 C:/Users/kings/Downloads/partnership-tracker-laravel/pt-laravel/vendor/laravel/framework/src/Illuminate/Container/BoundMethod.php(35): Illuminate/Container/BoundMethod::callBoundMethod()
#14 C:/Users/kings/Downloads/partnership-tracker-laravel/pt-laravel/vendor/laravel/framework/src/Illuminate/Container/Container.php(696): Illuminate/Container/BoundMethod::call()
#15 C:/Users/kings/Downloads/partnership-tracker-laravel/pt-laravel/vendor/laravel/framework/src/Illuminate/Foundation/Application.php(1151): Illuminate/Container/Container->call()
#16 C:/Users/kings/Downloads/partnership-tracker-laravel/pt-laravel/vendor/laravel/framework/src/Illuminate/Foundation/Application.php(1132): Illuminate/Foundation/Application->bootProvider()
#17 [internal function]: Illuminate/Foundation/Application->{closure:Illuminate/Foundation/Application::boot():1131}()
#18 C:/Users/kings/Downloads/partnership-tracker-laravel/pt-laravel/vendor/laravel/framework/src/Illuminate/Foundation/Application.php(1131): array_walk()
#19 C:/Users/kings/Downloads/partnership-tracker-laravel/pt-laravel/vendor/laravel/framework/src/Illuminate/Foundation/Bootstrap/BootProviders.php(17): Illuminate/Foundation/Application->boot()
#20 C:/Users/kings/Downloads/partnership-tracker-laravel/pt-laravel/vendor/laravel/framework/src/Illuminate/Foundation/Application.php(342): Illuminate/Foundation/Bootstrap/BootProviders->bootstrap()
#21 C:/Users/kings/Downloads/partnership-tracker-laravel/pt-laravel/vendor/laravel/framework/src/Illuminate/Foundation/Console/Kernel.php(474): Illuminate/Foundation/Application->bootstrapWith()
#22 C:/Users/kings/Downloads/partnership-tracker-laravel/pt-laravel/vendor/laravel/framework/src/Illuminate/Foundation/Console/Kernel.php(196): Illuminate/Foundation/Console/Kernel->bootstrap()
#23 C:/Users/kings/Downloads/partnership-tracker-laravel/pt-laravel/vendor/laravel/framework/src/Illuminate/Foundation/Application.php(1235): Illuminate/Foundation/Console/Kernel->handle()
#24 C:/Users/kings/Downloads/partnership-tracker-laravel/pt-laravel/artisan(12): Illuminate/Foundation/Application->handleCommand()
#25 {main}
"} 
[2026-07-13 19:09:20] production.ERROR: Target [Illuminate\Contracts\Auth\Access\Gate] is not instantiable while building [App\Providers\AppServiceProvider]. {"exception":"[object] (Illuminate\\Contracts\\Container\\BindingResolutionException(code: 0): Target [Illuminate\\Contracts\\Auth\\Access\\Gate] is not instantiable while building [App\\Providers\\AppServiceProvider]. at C:/Users/kings/Downloads/partnership-tracker-laravel/pt-laravel/vendor/laravel/framework/src/Illuminate/Container/Container.php:1216)
[stacktrace]
#0 C:/Users/kings/Downloads/partnership-tracker-laravel/pt-laravel/vendor/laravel/framework/src/Illuminate/Container/Container.php(968): Illuminate/Container/Container->notInstantiable()
#1 C:/Users/kings/Downloads/partnership-tracker-laravel/pt-laravel/vendor/laravel/framework/src/Illuminate/Container/Container.php(832): Illuminate/Container/Container->build()
#2 C:/Users/kings/Downloads/partnership-tracker-laravel/pt-laravel/vendor/laravel/framework/src/Illuminate/Foundation/Application.php(1078): Illuminate/Container/Container->resolve()
#3 C:/Users/kings/Downloads/partnership-tracker-laravel/pt-laravel/vendor/laravel/framework/src/Illuminate/Container/Container.php(763): Illuminate/Foundation/Application->resolve()
#4 C:/Users/kings/Downloads/partnership-tracker-laravel/pt-laravel/vendor/laravel/framework/src/Illuminate/Foundation/Application.php(1058): Illuminate/Container/Container->make()
#5 C:/Users/kings/Downloads/partnership-tracker-laravel/pt-laravel/vendor/laravel/framework/src/Illuminate/Container/Container.php(1580): Illuminate/Foundation/Application->make()
#6 C:/Users/kings/Downloads/partnership-tracker-laravel/pt-laravel/vendor/laravel/framework/src/Illuminate/Support/Facades/Facade.php(239): Illuminate/Container/Container->offsetGet()
#7 C:/Users/kings/Downloads/partnership-tracker-laravel/pt-laravel/vendor/laravel/framework/src/Illuminate/Support/Facades/Facade.php(210): Illuminate/Support/Facades/Facade::resolveFacadeInstance()
#8 C:/Users/kings/Downloads/partnership-tracker-laravel/pt-laravel/vendor/laravel/framework/src/Illuminate/Support/Facades/Facade.php(355): Illuminate/Support/Facades/Facade::getFacadeRoot()
#9 C:/Users/kings/Downloads/partnership-tracker-laravel/pt-laravel/app/Providers/AppServiceProvider.php(34): Illuminate/Support/Facades/Facade::__callStatic()
#10 C:/Users/kings/Downloads/partnership-tracker-laravel/pt-laravel/vendor/laravel/framework/src/Illuminate/Container/BoundMethod.php(36): App/Providers/AppServiceProvider->boot()
#11 C:/Users/kings/Downloads/partnership-tracker-laravel/pt-laravel/vendor/laravel/framework/src/Illuminate/Container/Util.php(43): Illuminate/Container/BoundMethod::{closure:Illuminate/Container/BoundMethod::call():35}()
#12 C:/Users/kings/Downloads/partnership-tracker-laravel/pt-laravel/vendor/laravel/framework/src/Illuminate/Container/BoundMethod.php(95): Illuminate/Container/Util::unwrapIfClosure()
#13 C:/Users/kings/Downloads/partnership-tracker-laravel/pt-laravel/vendor/laravel/framework/src/Illuminate/Container/BoundMethod.php(35): Illuminate/Container/BoundMethod::callBoundMethod()
#14 C:/Users/kings/Downloads/partnership-tracker-laravel/pt-laravel/vendor/laravel/framework/src/Illuminate/Container/Container.php(696): Illuminate/Container/BoundMethod::call()
#15 C:/Users/kings/Downloads/partnership-tracker-laravel/pt-laravel/vendor/laravel/framework/src/Illuminate/Foundation/Application.php(1151): Illuminate/Container/Container->call()
#16 C:/Users/kings/Downloads/partnership-tracker-laravel/pt-laravel/vendor/laravel/framework/src/Illuminate/Foundation/Application.php(1132): Illuminate/Foundation/Application->bootProvider()
#17 [internal function]: Illuminate/Foundation/Application->{closure:Illuminate/Foundation/Application::boot():1131}()
#18 C:/Users/kings/Downloads/partnership-tracker-laravel/pt-laravel/vendor/laravel/framework/src/Illuminate/Foundation/Application.php(1131): array_walk()
#19 C:/Users/kings/Downloads/partnership-tracker-laravel/pt-laravel/vendor/laravel/framework/src/Illuminate/Foundation/Bootstrap/BootProviders.php(17): Illuminate/Foundation/Application->boot()
#20 C:/Users/kings/Downloads/partnership-tracker-laravel/pt-laravel/vendor/laravel/framework/src/Illuminate/Foundation/Application.php(342): Illuminate/Foundation/Bootstrap/BootProviders->bootstrap()
#21 C:/Users/kings/Downloads/partnership-tracker-laravel/pt-laravel/vendor/laravel/framework/src/Illuminate/Foundation/Console/Kernel.php(474): Illuminate/Foundation/Application->bootstrapWith()
#22 C:/Users/kings/Downloads/partnership-tracker-laravel/pt-laravel/vendor/laravel/framework/src/Illuminate/Foundation/Console/Kernel.php(196): Illuminate/Foundation/Console/Kernel->bootstrap()
#23 Command line code(1): Illuminate/Foundation/Console/Kernel->handle()
#24 {main}
"} 
[2026-07-13 19:09:20] production.ERROR: Target [Illuminate\Contracts\Auth\Access\Gate] is not instantiable while building [App\Providers\AppServiceProvider]. {"exception":"[object] (Illuminate\\Contracts\\Container\\BindingResolutionException(code: 0): Target [Illuminate\\Contracts\\Auth\\Access\\Gate] is not instantiable while building [App\\Providers\\AppServiceProvider]. at C:/Users/kings/Downloads/partnership-tracker-laravel/pt-laravel/vendor/laravel/framework/src/Illuminate/Container/Container.php:1216)
[stacktrace]
#0 C:/Users/kings/Downloads/partnership-tracker-laravel/pt-laravel/vendor/laravel/framework/src/Illuminate/Container/Container.php(968): Illuminate/Container/Container->notInstantiable()
#1 C:/Users/kings/Downloads/partnership-tracker-laravel/pt-laravel/vendor/laravel/framework/src/Illuminate/Container/Container.php(832): Illuminate/Container/Container->build()
#2 C:/Users/kings/Downloads/partnership-tracker-laravel/pt-laravel/vendor/laravel/framework/src/Illuminate/Foundation/Application.php(1078): Illuminate/Container/Container->resolve()
#3 C:/Users/kings/Downloads/partnership-tracker-laravel/pt-laravel/vendor/laravel/framework/src/Illuminate/Container/Container.php(763): Illuminate/Foundation/Application->resolve()
#4 C:/Users/kings/Downloads/partnership-tracker-laravel/pt-laravel/vendor/laravel/framework/src/Illuminate/Foundation/Application.php(1058): Illuminate/Container/Container->make()
#5 C:/Users/kings/Downloads/partnership-tracker-laravel/pt-laravel/vendor/laravel/framework/src/Illuminate/Container/Container.php(1580): Illuminate/Foundation/Application->make()
#6 C:/Users/kings/Downloads/partnership-tracker-laravel/pt-laravel/vendor/laravel/framework/src/Illuminate/Support/Facades/Facade.php(239): Illuminate/Container/Container->offsetGet()
#7 C:/Users/kings/Downloads/partnership-tracker-laravel/pt-laravel/vendor/laravel/framework/src/Illuminate/Support/Facades/Facade.php(210): Illuminate/Support/Facades/Facade::resolveFacadeInstance()
#8 C:/Users/kings/Downloads/partnership-tracker-laravel/pt-laravel/vendor/laravel/framework/src/Illuminate/Support/Facades/Facade.php(355): Illuminate/Support/Facades/Facade::getFacadeRoot()
#9 C:/Users/kings/Downloads/partnership-tracker-laravel/pt-laravel/app/Providers/AppServiceProvider.php(34): Illuminate/Support/Facades/Facade::__callStatic()
#10 C:/Users/kings/Downloads/partnership-tracker-laravel/pt-laravel/vendor/laravel/framework/src/Illuminate/Container/BoundMethod.php(36): App/Providers/AppServiceProvider->boot()
#11 C:/Users/kings/Downloads/partnership-tracker-laravel/pt-laravel/vendor/laravel/framework/src/Illuminate/Container/Util.php(43): Illuminate/Container/BoundMethod::{closure:Illuminate/Container/BoundMethod::call():35}()
#12 C:/Users/kings/Downloads/partnership-tracker-laravel/pt-laravel/vendor/laravel/framework/src/Illuminate/Container/BoundMethod.php(95): Illuminate/Container/Util::unwrapIfClosure()
#13 C:/Users/kings/Downloads/partnership-tracker-laravel/pt-laravel/vendor/laravel/framework/src/Illuminate/Container/BoundMethod.php(35): Illuminate/Container/BoundMethod::callBoundMethod()
#14 C:/Users/kings/Downloads/partnership-tracker-laravel/pt-laravel/vendor/laravel/framework/src/Illuminate/Container/Container.php(696): Illuminate/Container/BoundMethod::call()
#15 C:/Users/kings/Downloads/partnership-tracker-laravel/pt-laravel/vendor/laravel/framework/src/Illuminate/Foundation/Application.php(1151): Illuminate/Container/Container->call()
#16 C:/Users/kings/Downloads/partnership-tracker-laravel/pt-laravel/vendor/laravel/framework/src/Illuminate/Foundation/Application.php(1132): Illuminate/Foundation/Application->bootProvider()
#17 [internal function]: Illuminate/Foundation/Application->{closure:Illuminate/Foundation/Application::boot():1131}()
#18 C:/Users/kings/Downloads/partnership-tracker-laravel/pt-laravel/vendor/laravel/framework/src/Illuminate/Foundation/Application.php(1131): array_walk()
#19 C:/Users/kings/Downloads/partnership-tracker-laravel/pt-laravel/vendor/laravel/framework/src/Illuminate/Foundation/Bootstrap/BootProviders.php(17): Illuminate/Foundation/Application->boot()
#20 C:/Users/kings/Downloads/partnership-tracker-laravel/pt-laravel/vendor/laravel/framework/src/Illuminate/Foundation/Application.php(342): Illuminate/Foundation/Bootstrap/BootProviders->bootstrap()
#21 C:/Users/kings/Downloads/partnership-tracker-laravel/pt-laravel/vendor/laravel/framework/src/Illuminate/Foundation/Console/Kernel.php(474): Illuminate/Foundation/Application->bootstrapWith()
#22 C:/Users/kings/Downloads/partnership-tracker-laravel/pt-laravel/vendor/laravel/framework/src/Illuminate/Foundation/Console/Kernel.php(196): Illuminate/Foundation/Console/Kernel->bootstrap()
#23 C:/Users/kings/Downloads/partnership-tracker-laravel/pt-laravel/vendor/laravel/framework/src/Illuminate/Foundation/Application.php(1235): Illuminate/Foundation/Console/Kernel->handle()
#24 C:/Users/kings/Downloads/partnership-tracker-laravel/pt-laravel/artisan(12): Illuminate/Foundation/Application->handleCommand()
#25 {main}
"} 
[2026-07-13 19:09:20] production.ERROR: Target [Illuminate\Contracts\Auth\Access\Gate] is not instantiable while building [App\Providers\AppServiceProvider]. {"exception":"[object] (Illuminate\\Contracts\\Container\\BindingResolutionException(code: 0): Target [Illuminate\\Contracts\\Auth\\Access\\Gate] is not instantiable while building [App\\Providers\\AppServiceProvider]. at C:/Users/kings/Downloads/partnership-tracker-laravel/pt-laravel/vendor/laravel/framework/src/Illuminate/Container/Container.php:1216)
[stacktrace]
#0 C:/Users/kings/Downloads/partnership-tracker-laravel/pt-laravel/vendor/laravel/framework/src/Illuminate/Container/Container.php(968): Illuminate/Container/Container->notInstantiable()
#1 C:/Users/kings/Downloads/partnership-tracker-laravel/pt-laravel/vendor/laravel/framework/src/Illuminate/Container/Container.php(832): Illuminate/Container/Container->build()
#2 C:/Users/kings/Downloads/partnership-tracker-laravel/pt-laravel/vendor/laravel/framework/src/Illuminate/Foundation/Application.php(1078): Illuminate/Container/Container->resolve()
#3 C:/Users/kings/Downloads/partnership-tracker-laravel/pt-laravel/vendor/laravel/framework/src/Illuminate/Container/Container.php(763): Illuminate/Foundation/Application->resolve()
#4 C:/Users/kings/Downloads/partnership-tracker-laravel/pt-laravel/vendor/laravel/framework/src/Illuminate/Foundation/Application.php(1058): Illuminate/Container/Container->make()
#5 C:/Users/kings/Downloads/partnership-tracker-laravel/pt-laravel/vendor/laravel/framework/src/Illuminate/Container/Container.php(1580): Illuminate/Foundation/Application->make()
#6 C:/Users/kings/Downloads/partnership-tracker-laravel/pt-laravel/vendor/laravel/framework/src/Illuminate/Support/Facades/Facade.php(239): Illuminate/Container/Container->offsetGet()
#7 C:/Users/kings/Downloads/partnership-tracker-laravel/pt-laravel/vendor/laravel/framework/src/Illuminate/Support/Facades/Facade.php(210): Illuminate/Support/Facades/Facade::resolveFacadeInstance()
#8 C:/Users/kings/Downloads/partnership-tracker-laravel/pt-laravel/vendor/laravel/framework/src/Illuminate/Support/Facades/Facade.php(355): Illuminate/Support/Facades/Facade::getFacadeRoot()
#9 C:/Users/kings/Downloads/partnership-tracker-laravel/pt-laravel/app/Providers/AppServiceProvider.php(34): Illuminate/Support/Facades/Facade::__callStatic()
#10 C:/Users/kings/Downloads/partnership-tracker-laravel/pt-laravel/vendor/laravel/framework/src/Illuminate/Container/BoundMethod.php(36): App/Providers/AppServiceProvider->boot()
#11 C:/Users/kings/Downloads/partnership-tracker-laravel/pt-laravel/vendor/laravel/framework/src/Illuminate/Container/Util.php(43): Illuminate/Container/BoundMethod::{closure:Illuminate/Container/BoundMethod::call():35}()
#12 C:/Users/kings/Downloads/partnership-tracker-laravel/pt-laravel/vendor/laravel/framework/src/Illuminate/Container/BoundMethod.php(95): Illuminate/Container/Util::unwrapIfClosure()
#13 C:/Users/kings/Downloads/partnership-tracker-laravel/pt-laravel/vendor/laravel/framework/src/Illuminate/Container/BoundMethod.php(35): Illuminate/Container/BoundMethod::callBoundMethod()
#14 C:/Users/kings/Downloads/partnership-tracker-laravel/pt-laravel/vendor/laravel/framework/src/Illuminate/Container/Container.php(696): Illuminate/Container/BoundMethod::call()
#15 C:/Users/kings/Downloads/partnership-tracker-laravel/pt-laravel/vendor/laravel/framework/src/Illuminate/Foundation/Application.php(1151): Illuminate/Container/Container->call()
#16 C:/Users/kings/Downloads/partnership-tracker-laravel/pt-laravel/vendor/laravel/framework/src/Illuminate/Foundation/Application.php(1132): Illuminate/Foundation/Application->bootProvider()
#17 [internal function]: Illuminate/Foundation/Application->{closure:Illuminate/Foundation/Application::boot():1131}()
#18 C:/Users/kings/Downloads/partnership-tracker-laravel/pt-laravel/vendor/laravel/framework/src/Illuminate/Foundation/Application.php(1131): array_walk()
#19 C:/Users/kings/Downloads/partnership-tracker-laravel/pt-laravel/vendor/laravel/framework/src/Illuminate/Foundation/Bootstrap/BootProviders.php(17): Illuminate/Foundation/Application->boot()
#20 C:/Users/kings/Downloads/partnership-tracker-laravel/pt-laravel/vendor/laravel/framework/src/Illuminate/Foundation/Application.php(342): Illuminate/Foundation/Bootstrap/BootProviders->bootstrap()
#21 C:/Users/kings/Downloads/partnership-tracker-laravel/pt-laravel/vendor/laravel/framework/src/Illuminate/Foundation/Console/Kernel.php(474): Illuminate/Foundation/Application->bootstrapWith()
#22 C:/Users/kings/Downloads/partnership-tracker-laravel/pt-laravel/vendor/laravel/framework/src/Illuminate/Foundation/Console/Kernel.php(196): Illuminate/Foundation/Console/Kernel->bootstrap()
#23 Command line code(1): Illuminate/Foundation/Console/Kernel->handle()
#24 {main}
"} 
[2026-07-13 19:09:21] production.ERROR: Target [Illuminate\Contracts\Auth\Access\Gate] is not instantiable while building [App\Providers\AppServiceProvider]. {"exception":"[object] (Illuminate\\Contracts\\Container\\BindingResolutionException(code: 0): Target [Illuminate\\Contracts\\Auth\\Access\\Gate] is not instantiable while building [App\\Providers\\AppServiceProvider]. at C:/Users/kings/Downloads/partnership-tracker-laravel/pt-laravel/vendor/laravel/framework/src/Illuminate/Container/Container.php:1216)
[stacktrace]
#0 C:/Users/kings/Downloads/partnership-tracker-laravel/pt-laravel/vendor/laravel/framework/src/Illuminate/Container/Container.php(968): Illuminate/Container/Container->notInstantiable()
#1 C:/Users/kings/Downloads/partnership-tracker-laravel/pt-laravel/vendor/laravel/framework/src/Illuminate/Container/Container.php(832): Illuminate/Container/Container->build()
#2 C:/Users/kings/Downloads/partnership-tracker-laravel/pt-laravel/vendor/laravel/framework/src/Illuminate/Foundation/Application.php(1078): Illuminate/Container/Container->resolve()
#3 C:/Users/kings/Downloads/partnership-tracker-laravel/pt-laravel/vendor/laravel/framework/src/Illuminate/Container/Container.php(763): Illuminate/Foundation/Application->resolve()
#4 C:/Users/kings/Downloads/partnership-tracker-laravel/pt-laravel/vendor/laravel/framework/src/Illuminate/Foundation/Application.php(1058): Illuminate/Container/Container->make()
#5 C:/Users/kings/Downloads/partnership-tracker-laravel/pt-laravel/vendor/laravel/framework/src/Illuminate/Container/Container.php(1580): Illuminate/Foundation/Application->make()
#6 C:/Users/kings/Downloads/partnership-tracker-laravel/pt-laravel/vendor/laravel/framework/src/Illuminate/Support/Facades/Facade.php(239): Illuminate/Container/Container->offsetGet()
#7 C:/Users/kings/Downloads/partnership-tracker-laravel/pt-laravel/vendor/laravel/framework/src/Illuminate/Support/Facades/Facade.php(210): Illuminate/Support/Facades/Facade::resolveFacadeInstance()
#8 C:/Users/kings/Downloads/partnership-tracker-laravel/pt-laravel/vendor/laravel/framework/src/Illuminate/Support/Facades/Facade.php(355): Illuminate/Support/Facades/Facade::getFacadeRoot()
#9 C:/Users/kings/Downloads/partnership-tracker-laravel/pt-laravel/app/Providers/AppServiceProvider.php(34): Illuminate/Support/Facades/Facade::__callStatic()
#10 C:/Users/kings/Downloads/partnership-tracker-laravel/pt-laravel/vendor/laravel/framework/src/Illuminate/Container/BoundMethod.php(36): App/Providers/AppServiceProvider->boot()
#11 C:/Users/kings/Downloads/partnership-tracker-laravel/pt-laravel/vendor/laravel/framework/src/Illuminate/Container/Util.php(43): Illuminate/Container/BoundMethod::{closure:Illuminate/Container/BoundMethod::call():35}()
#12 C:/Users/kings/Downloads/partnership-tracker-laravel/pt-laravel/vendor/laravel/framework/src/Illuminate/Container/BoundMethod.php(95): Illuminate/Container/Util::unwrapIfClosure()
#13 C:/Users/kings/Downloads/partnership-tracker-laravel/pt-laravel/vendor/laravel/framework/src/Illuminate/Container/BoundMethod.php(35): Illuminate/Container/BoundMethod::callBoundMethod()
#14 C:/Users/kings/Downloads/partnership-tracker-laravel/pt-laravel/vendor/laravel/framework/src/Illuminate/Container/Container.php(696): Illuminate/Container/BoundMethod::call()
#15 C:/Users/kings/Downloads/partnership-tracker-laravel/pt-laravel/vendor/laravel/framework/src/Illuminate/Foundation/Application.php(1151): Illuminate/Container/Container->call()
#16 C:/Users/kings/Downloads/partnership-tracker-laravel/pt-laravel/vendor/laravel/framework/src/Illuminate/Foundation/Application.php(1132): Illuminate/Foundation/Application->bootProvider()
#17 [internal function]: Illuminate/Foundation/Application->{closure:Illuminate/Foundation/Application::boot():1131}()
#18 C:/Users/kings/Downloads/partnership-tracker-laravel/pt-laravel/vendor/laravel/framework/src/Illuminate/Foundation/Application.php(1131): array_walk()
#19 C:/Users/kings/Downloads/partnership-tracker-laravel/pt-laravel/vendor/laravel/framework/src/Illuminate/Foundation/Bootstrap/BootProviders.php(17): Illuminate/Foundation/Application->boot()
#20 C:/Users/kings/Downloads/partnership-tracker-laravel/pt-laravel/vendor/laravel/framework/src/Illuminate/Foundation/Application.php(342): Illuminate/Foundation/Bootstrap/BootProviders->bootstrap()
#21 C:/Users/kings/Downloads/partnership-tracker-laravel/pt-laravel/vendor/laravel/framework/src/Illuminate/Foundation/Console/Kernel.php(474): Illuminate/Foundation/Application->bootstrapWith()
#22 C:/Users/kings/Downloads/partnership-tracker-laravel/pt-laravel/vendor/laravel/framework/src/Illuminate/Foundation/Console/Kernel.php(196): Illuminate/Foundation/Console/Kernel->bootstrap()
#23 Command line code(1): Illuminate/Foundation/Console/Kernel->handle()
#24 {main}
"} 
[2026-07-13 19:09:21] production.ERROR: Target [Illuminate\Contracts\Auth\Access\Gate] is not instantiable while building [App\Providers\AppServiceProvider]. {"exception":"[object] (Illuminate\\Contracts\\Container\\BindingResolutionException(code: 0): Target [Illuminate\\Contracts\\Auth\\Access\\Gate] is not instantiable while building [App\\Providers\\AppServiceProvider]. at C:/Users/kings/Downloads/partnership-tracker-laravel/pt-laravel/vendor/laravel/framework/src/Illuminate/Container/Container.php:1216)
[stacktrace]
#0 C:/Users/kings/Downloads/partnership-tracker-laravel/pt-laravel/vendor/laravel/framework/src/Illuminate/Container/Container.php(968): Illuminate/Container/Container->notInstantiable()
#1 C:/Users/kings/Downloads/partnership-tracker-laravel/pt-laravel/vendor/laravel/framework/src/Illuminate/Container/Container.php(832): Illuminate/Container/Container->build()
#2 C:/Users/kings/Downloads/partnership-tracker-laravel/pt-laravel/vendor/laravel/framework/src/Illuminate/Foundation/Application.php(1078): Illuminate/Container/Container->resolve()
#3 C:/Users/kings/Downloads/partnership-tracker-laravel/pt-laravel/vendor/laravel/framework/src/Illuminate/Container/Container.php(763): Illuminate/Foundation/Application->resolve()
#4 C:/Users/kings/Downloads/partnership-tracker-laravel/pt-laravel/vendor/laravel/framework/src/Illuminate/Foundation/Application.php(1058): Illuminate/Container/Container->make()
#5 C:/Users/kings/Downloads/partnership-tracker-laravel/pt-laravel/vendor/laravel/framework/src/Illuminate/Container/Container.php(1580): Illuminate/Foundation/Application->make()
#6 C:/Users/kings/Downloads/partnership-tracker-laravel/pt-laravel/vendor/laravel/framework/src/Illuminate/Support/Facades/Facade.php(239): Illuminate/Container/Container->offsetGet()
#7 C:/Users/kings/Downloads/partnership-tracker-laravel/pt-laravel/vendor/laravel/framework/src/Illuminate/Support/Facades/Facade.php(210): Illuminate/Support/Facades/Facade::resolveFacadeInstance()
#8 C:/Users/kings/Downloads/partnership-tracker-laravel/pt-laravel/vendor/laravel/framework/src/Illuminate/Support/Facades/Facade.php(355): Illuminate/Support/Facades/Facade::getFacadeRoot()
#9 C:/Users/kings/Downloads/partnership-tracker-laravel/pt-laravel/app/Providers/AppServiceProvider.php(34): Illuminate/Support/Facades/Facade::__callStatic()
#10 C:/Users/kings/Downloads/partnership-tracker-laravel/pt-laravel/vendor/laravel/framework/src/Illuminate/Container/BoundMethod.php(36): App/Providers/AppServiceProvider->boot()
#11 C:/Users/kings/Downloads/partnership-tracker-laravel/pt-laravel/vendor/laravel/framework/src/Illuminate/Container/Util.php(43): Illuminate/Container/BoundMethod::{closure:Illuminate/Container/BoundMethod::call():35}()
#12 C:/Users/kings/Downloads/partnership-tracker-laravel/pt-laravel/vendor/laravel/framework/src/Illuminate/Container/BoundMethod.php(95): Illuminate/Container/Util::unwrapIfClosure()
#13 C:/Users/kings/Downloads/partnership-tracker-laravel/pt-laravel/vendor/laravel/framework/src/Illuminate/Container/BoundMethod.php(35): Illuminate/Container/BoundMethod::callBoundMethod()
#14 C:/Users/kings/Downloads/partnership-tracker-laravel/pt-laravel/vendor/laravel/framework/src/Illuminate/Container/Container.php(696): Illuminate/Container/BoundMethod::call()
#15 C:/Users/kings/Downloads/partnership-tracker-laravel/pt-laravel/vendor/laravel/framework/src/Illuminate/Foundation/Application.php(1151): Illuminate/Container/Container->call()
#16 C:/Users/kings/Downloads/partnership-tracker-laravel/pt-laravel/vendor/laravel/framework/src/Illuminate/Foundation/Application.php(1132): Illuminate/Foundation/Application->bootProvider()
#17 [internal function]: Illuminate/Foundation/Application->{closure:Illuminate/Foundation/Application::boot():1131}()
#18 C:/Users/kings/Downloads/partnership-tracker-laravel/pt-laravel/vendor/laravel/framework/src/Illuminate/Foundation/Application.php(1131): array_walk()
#19 C:/Users/kings/Downloads/partnership-tracker-laravel/pt-laravel/vendor/laravel/framework/src/Illuminate/Foundation/Bootstrap/BootProviders.php(17): Illuminate/Foundation/Application->boot()
#20 C:/Users/kings/Downloads/partnership-tracker-laravel/pt-laravel/vendor/laravel/framework/src/Illuminate/Foundation/Application.php(342): Illuminate/Foundation/Bootstrap/BootProviders->bootstrap()
#21 C:/Users/kings/Downloads/partnership-tracker-laravel/pt-laravel/vendor/laravel/framework/src/Illuminate/Foundation/Console/Kernel.php(474): Illuminate/Foundation/Application->bootstrapWith()
#22 C:/Users/kings/Downloads/partnership-tracker-laravel/pt-laravel/vendor/laravel/framework/src/Illuminate/Foundation/Console/Kernel.php(196): Illuminate/Foundation/Console/Kernel->bootstrap()
#23 C:/Users/kings/Downloads/partnership-tracker-laravel/pt-laravel/vendor/laravel/framework/src/Illuminate/Foundation/Application.php(1235): Illuminate/Foundation/Console/Kernel->handle()
#24 C:/Users/kings/Downloads/partnership-tracker-laravel/pt-laravel/artisan(12): Illuminate/Foundation/Application->handleCommand()
#25 {main}
"} 
[2026-07-13 19:10:20] production.ERROR: Target [Illuminate\Contracts\Auth\Access\Gate] is not instantiable while building [App\Providers\AppServiceProvider]. {"exception":"[object] (Illuminate\\Contracts\\Container\\BindingResolutionException(code: 0): Target [Illuminate\\Contracts\\Auth\\Access\\Gate] is not instantiable while building [App\\Providers\\AppServiceProvider]. at C:/Users/kings/Downloads/partnership-tracker-laravel/pt-laravel/vendor/laravel/framework/src/Illuminate/Container/Container.php:1216)
[stacktrace]
#0 C:/Users/kings/Downloads/partnership-tracker-laravel/pt-laravel/vendor/laravel/framework/src/Illuminate/Container/Container.php(968): Illuminate/Container/Container->notInstantiable()
#1 C:/Users/kings/Downloads/partnership-tracker-laravel/pt-laravel/vendor/laravel/framework/src/Illuminate/Container/Container.php(832): Illuminate/Container/Container->build()
#2 C:/Users/kings/Downloads/partnership-tracker-laravel/pt-laravel/vendor/laravel/framework/src/Illuminate/Foundation/Application.php(1078): Illuminate/Container/Container->resolve()
#3 C:/Users/kings/Downloads/partnership-tracker-laravel/pt-laravel/vendor/laravel/framework/src/Illuminate/Container/Container.php(763): Illuminate/Foundation/Application->resolve()
#4 C:/Users/kings/Downloads/partnership-tracker-laravel/pt-laravel/vendor/laravel/framework/src/Illuminate/Foundation/Application.php(1058): Illuminate/Container/Container->make()
#5 C:/Users/kings/Downloads/partnership-tracker-laravel/pt-laravel/vendor/laravel/framework/src/Illuminate/Container/Container.php(1580): Illuminate/Foundation/Application->make()
#6 C:/Users/kings/Downloads/partnership-tracker-laravel/pt-laravel/vendor/laravel/framework/src/Illuminate/Support/Facades/Facade.php(239): Illuminate/Container/Container->offsetGet()
#7 C:/Users/kings/Downloads/partnership-tracker-laravel/pt-laravel/vendor/laravel/framework/src/Illuminate/Support/Facades/Facade.php(210): Illuminate/Support/Facades/Facade::resolveFacadeInstance()
#8 C:/Users/kings/Downloads/partnership-tracker-laravel/pt-laravel/vendor/laravel/framework/src/Illuminate/Support/Facades/Facade.php(355): Illuminate/Support/Facades/Facade::getFacadeRoot()
#9 C:/Users/kings/Downloads/partnership-tracker-laravel/pt-laravel/app/Providers/AppServiceProvider.php(34): Illuminate/Support/Facades/Facade::__callStatic()
#10 C:/Users/kings/Downloads/partnership-tracker-laravel/pt-laravel/vendor/laravel/framework/src/Illuminate/Container/BoundMethod.php(36): App/Providers/AppServiceProvider->boot()
#11 C:/Users/kings/Downloads/partnership-tracker-laravel/pt-laravel/vendor/laravel/framework/src/Illuminate/Container/Util.php(43): Illuminate/Container/BoundMethod::{closure:Illuminate/Container/BoundMethod::call():35}()
#12 C:/Users/kings/Downloads/partnership-tracker-laravel/pt-laravel/vendor/laravel/framework/src/Illuminate/Container/BoundMethod.php(95): Illuminate/Container/Util::unwrapIfClosure()
#13 C:/Users/kings/Downloads/partnership-tracker-laravel/pt-laravel/vendor/laravel/framework/src/Illuminate/Container/BoundMethod.php(35): Illuminate/Container/BoundMethod::callBoundMethod()
#14 C:/Users/kings/Downloads/partnership-tracker-laravel/pt-laravel/vendor/laravel/framework/src/Illuminate/Container/Container.php(696): Illuminate/Container/BoundMethod::call()
#15 C:/Users/kings/Downloads/partnership-tracker-laravel/pt-laravel/vendor/laravel/framework/src/Illuminate/Foundation/Application.php(1151): Illuminate/Container/Container->call()
#16 C:/Users/kings/Downloads/partnership-tracker-laravel/pt-laravel/vendor/laravel/framework/src/Illuminate/Foundation/Application.php(1132): Illuminate/Foundation/Application->bootProvider()
#17 [internal function]: Illuminate/Foundation/Application->{closure:Illuminate/Foundation/Application::boot():1131}()
#18 C:/Users/kings/Downloads/partnership-tracker-laravel/pt-laravel/vendor/laravel/framework/src/Illuminate/Foundation/Application.php(1131): array_walk()
#19 C:/Users/kings/Downloads/partnership-tracker-laravel/pt-laravel/vendor/laravel/framework/src/Illuminate/Foundation/Bootstrap/BootProviders.php(17): Illuminate/Foundation/Application->boot()
#20 C:/Users/kings/Downloads/partnership-tracker-laravel/pt-laravel/vendor/laravel/framework/src/Illuminate/Foundation/Application.php(342): Illuminate/Foundation/Bootstrap/BootProviders->bootstrap()
#21 C:/Users/kings/Downloads/partnership-tracker-laravel/pt-laravel/vendor/laravel/framework/src/Illuminate/Foundation/Console/Kernel.php(474): Illuminate/Foundation/Application->bootstrapWith()
#22 C:/Users/kings/Downloads/partnership-tracker-laravel/pt-laravel/vendor/laravel/framework/src/Illuminate/Foundation/Console/Kernel.php(196): Illuminate/Foundation/Console/Kernel->bootstrap()
#23 Command line code(1): Illuminate/Foundation/Console/Kernel->handle()
#24 {main}
"} 
[2026-07-13 19:10:20] production.ERROR: Target [Illuminate\Contracts\Auth\Access\Gate] is not instantiable while building [App\Providers\AppServiceProvider]. {"exception":"[object] (Illuminate\\Contracts\\Container\\BindingResolutionException(code: 0): Target [Illuminate\\Contracts\\Auth\\Access\\Gate] is not instantiable while building [App\\Providers\\AppServiceProvider]. at C:/Users/kings/Downloads/partnership-tracker-laravel/pt-laravel/vendor/laravel/framework/src/Illuminate/Container/Container.php:1216)
[stacktrace]
#0 C:/Users/kings/Downloads/partnership-tracker-laravel/pt-laravel/vendor/laravel/framework/src/Illuminate/Container/Container.php(968): Illuminate/Container/Container->notInstantiable()
#1 C:/Users/kings/Downloads/partnership-tracker-laravel/pt-laravel/vendor/laravel/framework/src/Illuminate/Container/Container.php(832): Illuminate/Container/Container->build()
#2 C:/Users/kings/Downloads/partnership-tracker-laravel/pt-laravel/vendor/laravel/framework/src/Illuminate/Foundation/Application.php(1078): Illuminate/Container/Container->resolve()
#3 C:/Users/kings/Downloads/partnership-tracker-laravel/pt-laravel/vendor/laravel/framework/src/Illuminate/Container/Container.php(763): Illuminate/Foundation/Application->resolve()
#4 C:/Users/kings/Downloads/partnership-tracker-laravel/pt-laravel/vendor/laravel/framework/src/Illuminate/Foundation/Application.php(1058): Illuminate/Container/Container->make()
#5 C:/Users/kings/Downloads/partnership-tracker-laravel/pt-laravel/vendor/laravel/framework/src/Illuminate/Container/Container.php(1580): Illuminate/Foundation/Application->make()
#6 C:/Users/kings/Downloads/partnership-tracker-laravel/pt-laravel/vendor/laravel/framework/src/Illuminate/Support/Facades/Facade.php(239): Illuminate/Container/Container->offsetGet()
#7 C:/Users/kings/Downloads/partnership-tracker-laravel/pt-laravel/vendor/laravel/framework/src/Illuminate/Support/Facades/Facade.php(210): Illuminate/Support/Facades/Facade::resolveFacadeInstance()
#8 C:/Users/kings/Downloads/partnership-tracker-laravel/pt-laravel/vendor/laravel/framework/src/Illuminate/Support/Facades/Facade.php(355): Illuminate/Support/Facades/Facade::getFacadeRoot()
#9 C:/Users/kings/Downloads/partnership-tracker-laravel/pt-laravel/app/Providers/AppServiceProvider.php(34): Illuminate/Support/Facades/Facade::__callStatic()
#10 C:/Users/kings/Downloads/partnership-tracker-laravel/pt-laravel/vendor/laravel/framework/src/Illuminate/Container/BoundMethod.php(36): App/Providers/AppServiceProvider->boot()
#11 C:/Users/kings/Downloads/partnership-tracker-laravel/pt-laravel/vendor/laravel/framework/src/Illuminate/Container/Util.php(43): Illuminate/Container/BoundMethod::{closure:Illuminate/Container/BoundMethod::call():35}()
#12 C:/Users/kings/Downloads/partnership-tracker-laravel/pt-laravel/vendor/laravel/framework/src/Illuminate/Container/BoundMethod.php(95): Illuminate/Container/Util::unwrapIfClosure()
#13 C:/Users/kings/Downloads/partnership-tracker-laravel/pt-laravel/vendor/laravel/framework/src/Illuminate/Container/BoundMethod.php(35): Illuminate/Container/BoundMethod::callBoundMethod()
#14 C:/Users/kings/Downloads/partnership-tracker-laravel/pt-laravel/vendor/laravel/framework/src/Illuminate/Container/Container.php(696): Illuminate/Container/BoundMethod::call()
#15 C:/Users/kings/Downloads/partnership-tracker-laravel/pt-laravel/vendor/laravel/framework/src/Illuminate/Foundation/Application.php(1151): Illuminate/Container/Container->call()
#16 C:/Users/kings/Downloads/partnership-tracker-laravel/pt-laravel/vendor/laravel/framework/src/Illuminate/Foundation/Application.php(1132): Illuminate/Foundation/Application->bootProvider()
#17 [internal function]: Illuminate/Foundation/Application->{closure:Illuminate/Foundation/Application::boot():1131}()
#18 C:/Users/kings/Downloads/partnership-tracker-laravel/pt-laravel/vendor/laravel/framework/src/Illuminate/Foundation/Application.php(1131): array_walk()
#19 C:/Users/kings/Downloads/partnership-tracker-laravel/pt-laravel/vendor/laravel/framework/src/Illuminate/Foundation/Bootstrap/BootProviders.php(17): Illuminate/Foundation/Application->boot()
#20 C:/Users/kings/Downloads/partnership-tracker-laravel/pt-laravel/vendor/laravel/framework/src/Illuminate/Foundation/Application.php(342): Illuminate/Foundation/Bootstrap/BootProviders->bootstrap()
#21 C:/Users/kings/Downloads/partnership-tracker-laravel/pt-laravel/vendor/laravel/framework/src/Illuminate/Foundation/Console/Kernel.php(474): Illuminate/Foundation/Application->bootstrapWith()
#22 C:/Users/kings/Downloads/partnership-tracker-laravel/pt-laravel/vendor/laravel/framework/src/Illuminate/Foundation/Console/Kernel.php(196): Illuminate/Foundation/Console/Kernel->bootstrap()
#23 Command line code(1): Illuminate/Foundation/Console/Kernel->handle()
#24 {main}
"} 
[2026-07-13 19:11:20] production.ERROR: Target [Illuminate\Contracts\Auth\Access\Gate] is not instantiable while building [App\Providers\AppServiceProvider]. {"exception":"[object] (Illuminate\\Contracts\\Container\\BindingResolutionException(code: 0): Target [Illuminate\\Contracts\\Auth\\Access\\Gate] is not instantiable while building [App\\Providers\\AppServiceProvider]. at C:/Users/kings/Downloads/partnership-tracker-laravel/pt-laravel/vendor/laravel/framework/src/Illuminate/Container/Container.php:1216)
[stacktrace]
#0 C:/Users/kings/Downloads/partnership-tracker-laravel/pt-laravel/vendor/laravel/framework/src/Illuminate/Container/Container.php(968): Illuminate/Container/Container->notInstantiable()
#1 C:/Users/kings/Downloads/partnership-tracker-laravel/pt-laravel/vendor/laravel/framework/src/Illuminate/Container/Container.php(832): Illuminate/Container/Container->build()
#2 C:/Users/kings/Downloads/partnership-tracker-laravel/pt-laravel/vendor/laravel/framework/src/Illuminate/Foundation/Application.php(1078): Illuminate/Container/Container->resolve()
#3 C:/Users/kings/Downloads/partnership-tracker-laravel/pt-laravel/vendor/laravel/framework/src/Illuminate/Container/Container.php(763): Illuminate/Foundation/Application->resolve()
#4 C:/Users/kings/Downloads/partnership-tracker-laravel/pt-laravel/vendor/laravel/framework/src/Illuminate/Foundation/Application.php(1058): Illuminate/Container/Container->make()
#5 C:/Users/kings/Downloads/partnership-tracker-laravel/pt-laravel/vendor/laravel/framework/src/Illuminate/Container/Container.php(1580): Illuminate/Foundation/Application->make()
#6 C:/Users/kings/Downloads/partnership-tracker-laravel/pt-laravel/vendor/laravel/framework/src/Illuminate/Support/Facades/Facade.php(239): Illuminate/Container/Container->offsetGet()
#7 C:/Users/kings/Downloads/partnership-tracker-laravel/pt-laravel/vendor/laravel/framework/src/Illuminate/Support/Facades/Facade.php(210): Illuminate/Support/Facades/Facade::resolveFacadeInstance()
#8 C:/Users/kings/Downloads/partnership-tracker-laravel/pt-laravel/vendor/laravel/framework/src/Illuminate/Support/Facades/Facade.php(355): Illuminate/Support/Facades/Facade::getFacadeRoot()
#9 C:/Users/kings/Downloads/partnership-tracker-laravel/pt-laravel/app/Providers/AppServiceProvider.php(34): Illuminate/Support/Facades/Facade::__callStatic()
#10 C:/Users/kings/Downloads/partnership-tracker-laravel/pt-laravel/vendor/laravel/framework/src/Illuminate/Container/BoundMethod.php(36): App/Providers/AppServiceProvider->boot()
#11 C:/Users/kings/Downloads/partnership-tracker-laravel/pt-laravel/vendor/laravel/framework/src/Illuminate/Container/Util.php(43): Illuminate/Container/BoundMethod::{closure:Illuminate/Container/BoundMethod::call():35}()
#12 C:/Users/kings/Downloads/partnership-tracker-laravel/pt-laravel/vendor/laravel/framework/src/Illuminate/Container/BoundMethod.php(95): Illuminate/Container/Util::unwrapIfClosure()
#13 C:/Users/kings/Downloads/partnership-tracker-laravel/pt-laravel/vendor/laravel/framework/src/Illuminate/Container/BoundMethod.php(35): Illuminate/Container/BoundMethod::callBoundMethod()
#14 C:/Users/kings/Downloads/partnership-tracker-laravel/pt-laravel/vendor/laravel/framework/src/Illuminate/Container/Container.php(696): Illuminate/Container/BoundMethod::call()
#15 C:/Users/kings/Downloads/partnership-tracker-laravel/pt-laravel/vendor/laravel/framework/src/Illuminate/Foundation/Application.php(1151): Illuminate/Container/Container->call()
#16 C:/Users/kings/Downloads/partnership-tracker-laravel/pt-laravel/vendor/laravel/framework/src/Illuminate/Foundation/Application.php(1132): Illuminate/Foundation/Application->bootProvider()
#17 [internal function]: Illuminate/Foundation/Application->{closure:Illuminate/Foundation/Application::boot():1131}()
#18 C:/Users/kings/Downloads/partnership-tracker-laravel/pt-laravel/vendor/laravel/framework/src/Illuminate/Foundation/Application.php(1131): array_walk()
#19 C:/Users/kings/Downloads/partnership-tracker-laravel/pt-laravel/vendor/laravel/framework/src/Illuminate/Foundation/Bootstrap/BootProviders.php(17): Illuminate/Foundation/Application->boot()
#20 C:/Users/kings/Downloads/partnership-tracker-laravel/pt-laravel/vendor/laravel/framework/src/Illuminate/Foundation/Application.php(342): Illuminate/Foundation/Bootstrap/BootProviders->bootstrap()
#21 C:/Users/kings/Downloads/partnership-tracker-laravel/pt-laravel/vendor/laravel/framework/src/Illuminate/Foundation/Console/Kernel.php(474): Illuminate/Foundation/Application->bootstrapWith()
#22 C:/Users/kings/Downloads/partnership-tracker-laravel/pt-laravel/vendor/laravel/framework/src/Illuminate/Foundation/Console/Kernel.php(196): Illuminate/Foundation/Console/Kernel->bootstrap()
#23 Command line code(1): Illuminate/Foundation/Console/Kernel->handle()
#24 {main}
"} 
[2026-07-13 19:11:20] production.ERROR: Target [Illuminate\Contracts\Auth\Access\Gate] is not instantiable while building [App\Providers\AppServiceProvider]. {"exception":"[object] (Illuminate\\Contracts\\Container\\BindingResolutionException(code: 0): Target [Illuminate\\Contracts\\Auth\\Access\\Gate] is not instantiable while building [App\\Providers\\AppServiceProvider]. at C:/Users/kings/Downloads/partnership-tracker-laravel/pt-laravel/vendor/laravel/framework/src/Illuminate/Container/Container.php:1216)
[stacktrace]
#0 C:/Users/kings/Downloads/partnership-tracker-laravel/pt-laravel/vendor/laravel/framework/src/Illuminate/Container/Container.php(968): Illuminate/Container/Container->notInstantiable()
#1 C:/Users/kings/Downloads/partnership-tracker-laravel/pt-laravel/vendor/laravel/framework/src/Illuminate/Container/Container.php(832): Illuminate/Container/Container->build()
#2 C:/Users/kings/Downloads/partnership-tracker-laravel/pt-laravel/vendor/laravel/framework/src/Illuminate/Foundation/Application.php(1078): Illuminate/Container/Container->resolve()
#3 C:/Users/kings/Downloads/partnership-tracker-laravel/pt-laravel/vendor/laravel/framework/src/Illuminate/Container/Container.php(763): Illuminate/Foundation/Application->resolve()
#4 C:/Users/kings/Downloads/partnership-tracker-laravel/pt-laravel/vendor/laravel/framework/src/Illuminate/Foundation/Application.php(1058): Illuminate/Container/Container->make()
#5 C:/Users/kings/Downloads/partnership-tracker-laravel/pt-laravel/vendor/laravel/framework/src/Illuminate/Container/Container.php(1580): Illuminate/Foundation/Application->make()
#6 C:/Users/kings/Downloads/partnership-tracker-laravel/pt-laravel/vendor/laravel/framework/src/Illuminate/Support/Facades/Facade.php(239): Illuminate/Container/Container->offsetGet()
#7 C:/Users/kings/Downloads/partnership-tracker-laravel/pt-laravel/vendor/laravel/framework/src/Illuminate/Support/Facades/Facade.php(210): Illuminate/Support/Facades/Facade::resolveFacadeInstance()
#8 C:/Users/kings/Downloads/partnership-tracker-laravel/pt-laravel/vendor/laravel/framework/src/Illuminate/Support/Facades/Facade.php(355): Illuminate/Support/Facades/Facade::getFacadeRoot()
#9 C:/Users/kings/Downloads/partnership-tracker-laravel/pt-laravel/app/Providers/AppServiceProvider.php(34): Illuminate/Support/Facades/Facade::__callStatic()
#10 C:/Users/kings/Downloads/partnership-tracker-laravel/pt-laravel/vendor/laravel/framework/src/Illuminate/Container/BoundMethod.php(36): App/Providers/AppServiceProvider->boot()
#11 C:/Users/kings/Downloads/partnership-tracker-laravel/pt-laravel/vendor/laravel/framework/src/Illuminate/Container/Util.php(43): Illuminate/Container/BoundMethod::{closure:Illuminate/Container/BoundMethod::call():35}()
#12 C:/Users/kings/Downloads/partnership-tracker-laravel/pt-laravel/vendor/laravel/framework/src/Illuminate/Container/BoundMethod.php(95): Illuminate/Container/Util::unwrapIfClosure()
#13 C:/Users/kings/Downloads/partnership-tracker-laravel/pt-laravel/vendor/laravel/framework/src/Illuminate/Container/BoundMethod.php(35): Illuminate/Container/BoundMethod::callBoundMethod()
#14 C:/Users/kings/Downloads/partnership-tracker-laravel/pt-laravel/vendor/laravel/framework/src/Illuminate/Container/Container.php(696): Illuminate/Container/BoundMethod::call()
#15 C:/Users/kings/Downloads/partnership-tracker-laravel/pt-laravel/vendor/laravel/framework/src/Illuminate/Foundation/Application.php(1151): Illuminate/Container/Container->call()
#16 C:/Users/kings/Downloads/partnership-tracker-laravel/pt-laravel/vendor/laravel/framework/src/Illuminate/Foundation/Application.php(1132): Illuminate/Foundation/Application->bootProvider()
#17 [internal function]: Illuminate/Foundation/Application->{closure:Illuminate/Foundation/Application::boot():1131}()
#18 C:/Users/kings/Downloads/partnership-tracker-laravel/pt-laravel/vendor/laravel/framework/src/Illuminate/Foundation/Application.php(1131): array_walk()
#19 C:/Users/kings/Downloads/partnership-tracker-laravel/pt-laravel/vendor/laravel/framework/src/Illuminate/Foundation/Bootstrap/BootProviders.php(17): Illuminate/Foundation/Application->boot()
#20 C:/Users/kings/Downloads/partnership-tracker-laravel/pt-laravel/vendor/laravel/framework/src/Illuminate/Foundation/Application.php(342): Illuminate/Foundation/Bootstrap/BootProviders->bootstrap()
#21 C:/Users/kings/Downloads/partnership-tracker-laravel/pt-laravel/vendor/laravel/framework/src/Illuminate/Foundation/Console/Kernel.php(474): Illuminate/Foundation/Application->bootstrapWith()
#22 C:/Users/kings/Downloads/partnership-tracker-laravel/pt-laravel/vendor/laravel/framework/src/Illuminate/Foundation/Console/Kernel.php(196): Illuminate/Foundation/Console/Kernel->bootstrap()
#23 Command line code(1): Illuminate/Foundation/Console/Kernel->handle()
#24 {main}
"} 
[2026-07-13 19:12:11] laravel.EMERGENCY: Unable to create configured logger. Using emergency logger. {"exception":"[object] (InvalidArgumentException(code: 0): Log [] is not defined. at C:/Users/kings/Downloads/partnership-tracker-laravel/pt-laravel/vendor/laravel/framework/src/Illuminate/Log/LogManager.php:232)
[stacktrace]
#0 C:/Users/kings/Downloads/partnership-tracker-laravel/pt-laravel/vendor/laravel/framework/src/Illuminate/Log/LogManager.php(139): Illuminate/Log/LogManager->resolve()
#1 C:/Users/kings/Downloads/partnership-tracker-laravel/pt-laravel/vendor/laravel/framework/src/Illuminate/Log/LogManager.php(126): Illuminate/Log/LogManager->get()
#2 C:/Users/kings/Downloads/partnership-tracker-laravel/pt-laravel/vendor/laravel/framework/src/Illuminate/Log/LogManager.php(701): Illuminate/Log/LogManager->driver()
#3 C:/Users/kings/Downloads/partnership-tracker-laravel/pt-laravel/vendor/laravel/framework/src/Illuminate/Foundation/Exceptions/Handler.php(380): Illuminate/Log/LogManager->error()
#4 C:/Users/kings/Downloads/partnership-tracker-laravel/pt-laravel/vendor/laravel/framework/src/Illuminate/Foundation/Exceptions/Handler.php(343): Illuminate/Foundation/Exceptions/Handler->reportThrowable()
#5 C:/Users/kings/Downloads/partnership-tracker-laravel/pt-laravel/vendor/laravel/framework/src/Illuminate/Foundation/Console/Kernel.php(621): Illuminate/Foundation/Exceptions/Handler->report()
#6 C:/Users/kings/Downloads/partnership-tracker-laravel/pt-laravel/vendor/laravel/framework/src/Illuminate/Foundation/Console/Kernel.php(200): Illuminate/Foundation/Console/Kernel->reportException()
#7 Command line code(1): Illuminate/Foundation/Console/Kernel->handle()
#8 {main}
"} 
[2026-07-13 19:12:11] laravel.ERROR: array_merge(): Argument #2 must be of type array, Illuminate\Foundation\Application given {"exception":"[object] (TypeError(code: 0): array_merge(): Argument #2 must be of type array, Illuminate\\Foundation\\Application given at C:/Users/kings/Downloads/partnership-tracker-laravel/pt-laravel/vendor/laravel/framework/src/Illuminate/Foundation/Bootstrap/LoadConfiguration.php:100)
[stacktrace]
#0 C:/Users/kings/Downloads/partnership-tracker-laravel/pt-laravel/vendor/laravel/framework/src/Illuminate/Foundation/Bootstrap/LoadConfiguration.php(100): array_merge()
#1 C:/Users/kings/Downloads/partnership-tracker-laravel/pt-laravel/vendor/laravel/framework/src/Illuminate/Foundation/Bootstrap/LoadConfiguration.php(78): Illuminate/Foundation/Bootstrap/LoadConfiguration->loadConfigurationFile()
#2 C:/Users/kings/Downloads/partnership-tracker-laravel/pt-laravel/vendor/laravel/framework/src/Illuminate/Foundation/Bootstrap/LoadConfiguration.php(39): Illuminate/Foundation/Bootstrap/LoadConfiguration->loadConfigurationFiles()
#3 C:/Users/kings/Downloads/partnership-tracker-laravel/pt-laravel/vendor/laravel/framework/src/Illuminate/Foundation/Application.php(342): Illuminate/Foundation/Bootstrap/LoadConfiguration->bootstrap()
#4 C:/Users/kings/Downloads/partnership-tracker-laravel/pt-laravel/vendor/laravel/framework/src/Illuminate/Foundation/Console/Kernel.php(474): Illuminate/Foundation/Application->bootstrapWith()
#5 C:/Users/kings/Downloads/partnership-tracker-laravel/pt-laravel/vendor/laravel/framework/src/Illuminate/Foundation/Console/Kernel.php(196): Illuminate/Foundation/Console/Kernel->bootstrap()
#6 Command line code(1): Illuminate/Foundation/Console/Kernel->handle()
#7 {main}
"} 
[2026-07-13 19:12:17] laravel.EMERGENCY: Unable to create configured logger. Using emergency logger. {"exception":"[object] (InvalidArgumentException(code: 0): Log [] is not defined. at C:/Users/kings/Downloads/partnership-tracker-laravel/pt-laravel/vendor/laravel/framework/src/Illuminate/Log/LogManager.php:232)
[stacktrace]
#0 C:/Users/kings/Downloads/partnership-tracker-laravel/pt-laravel/vendor/laravel/framework/src/Illuminate/Log/LogManager.php(139): Illuminate/Log/LogManager->resolve()
#1 C:/Users/kings/Downloads/partnership-tracker-laravel/pt-laravel/vendor/laravel/framework/src/Illuminate/Log/LogManager.php(126): Illuminate/Log/LogManager->get()
#2 C:/Users/kings/Downloads/partnership-tracker-laravel/pt-laravel/vendor/laravel/framework/src/Illuminate/Log/LogManager.php(701): Illuminate/Log/LogManager->driver()
#3 C:/Users/kings/Downloads/partnership-tracker-laravel/pt-laravel/vendor/laravel/framework/src/Illuminate/Foundation/Exceptions/Handler.php(380): Illuminate/Log/LogManager->error()
#4 C:/Users/kings/Downloads/partnership-tracker-laravel/pt-laravel/vendor/laravel/framework/src/Illuminate/Foundation/Exceptions/Handler.php(343): Illuminate/Foundation/Exceptions/Handler->reportThrowable()
#5 C:/Users/kings/Downloads/partnership-tracker-laravel/pt-laravel/vendor/laravel/framework/src/Illuminate/Foundation/Console/Kernel.php(621): Illuminate/Foundation/Exceptions/Handler->report()
#6 C:/Users/kings/Downloads/partnership-tracker-laravel/pt-laravel/vendor/laravel/framework/src/Illuminate/Foundation/Console/Kernel.php(200): Illuminate/Foundation/Console/Kernel->reportException()
#7 C:/Users/kings/Downloads/partnership-tracker-laravel/pt-laravel/vendor/laravel/framework/src/Illuminate/Foundation/Application.php(1235): Illuminate/Foundation/Console/Kernel->handle()
#8 C:/Users/kings/Downloads/partnership-tracker-laravel/pt-laravel/artisan(12): Illuminate/Foundation/Application->handleCommand()
#9 {main}
"} 
[2026-07-13 19:12:17] laravel.ERROR: array_merge(): Argument #2 must be of type array, Illuminate\Foundation\Application given {"exception":"[object] (TypeError(code: 0): array_merge(): Argument #2 must be of type array, Illuminate\\Foundation\\Application given at C:/Users/kings/Downloads/partnership-tracker-laravel/pt-laravel/vendor/laravel/framework/src/Illuminate/Foundation/Bootstrap/LoadConfiguration.php:100)
[stacktrace]
#0 C:/Users/kings/Downloads/partnership-tracker-laravel/pt-laravel/vendor/laravel/framework/src/Illuminate/Foundation/Bootstrap/LoadConfiguration.php(100): array_merge()
#1 C:/Users/kings/Downloads/partnership-tracker-laravel/pt-laravel/vendor/laravel/framework/src/Illuminate/Foundation/Bootstrap/LoadConfiguration.php(78): Illuminate/Foundation/Bootstrap/LoadConfiguration->loadConfigurationFile()
#2 C:/Users/kings/Downloads/partnership-tracker-laravel/pt-laravel/vendor/laravel/framework/src/Illuminate/Foundation/Bootstrap/LoadConfiguration.php(39): Illuminate/Foundation/Bootstrap/LoadConfiguration->loadConfigurationFiles()
#3 C:/Users/kings/Downloads/partnership-tracker-laravel/pt-laravel/vendor/laravel/framework/src/Illuminate/Foundation/Application.php(342): Illuminate/Foundation/Bootstrap/LoadConfiguration->bootstrap()
#4 C:/Users/kings/Downloads/partnership-tracker-laravel/pt-laravel/vendor/laravel/framework/src/Illuminate/Foundation/Console/Kernel.php(474): Illuminate/Foundation/Application->bootstrapWith()
#5 C:/Users/kings/Downloads/partnership-tracker-laravel/pt-laravel/vendor/laravel/framework/src/Illuminate/Foundation/Console/Kernel.php(196): Illuminate/Foundation/Console/Kernel->bootstrap()
#6 C:/Users/kings/Downloads/partnership-tracker-laravel/pt-laravel/vendor/laravel/framework/src/Illuminate/Foundation/Application.php(1235): Illuminate/Foundation/Console/Kernel->handle()
#7 C:/Users/kings/Downloads/partnership-tracker-laravel/pt-laravel/artisan(12): Illuminate/Foundation/Application->handleCommand()
#8 {main}
"} 
[2026-07-13 19:12:20] laravel.EMERGENCY: Unable to create configured logger. Using emergency logger. {"exception":"[object] (InvalidArgumentException(code: 0): Log [] is not defined. at C:/Users/kings/Downloads/partnership-tracker-laravel/pt-laravel/vendor/laravel/framework/src/Illuminate/Log/LogManager.php:232)
[stacktrace]
#0 C:/Users/kings/Downloads/partnership-tracker-laravel/pt-laravel/vendor/laravel/framework/src/Illuminate/Log/LogManager.php(139): Illuminate/Log/LogManager->resolve()
#1 C:/Users/kings/Downloads/partnership-tracker-laravel/pt-laravel/vendor/laravel/framework/src/Illuminate/Log/LogManager.php(126): Illuminate/Log/LogManager->get()
#2 C:/Users/kings/Downloads/partnership-tracker-laravel/pt-laravel/vendor/laravel/framework/src/Illuminate/Log/LogManager.php(701): Illuminate/Log/LogManager->driver()
#3 C:/Users/kings/Downloads/partnership-tracker-laravel/pt-laravel/vendor/laravel/framework/src/Illuminate/Foundation/Exceptions/Handler.php(380): Illuminate/Log/LogManager->error()
#4 C:/Users/kings/Downloads/partnership-tracker-laravel/pt-laravel/vendor/laravel/framework/src/Illuminate/Foundation/Exceptions/Handler.php(343): Illuminate/Foundation/Exceptions/Handler->reportThrowable()
#5 C:/Users/kings/Downloads/partnership-tracker-laravel/pt-laravel/vendor/laravel/framework/src/Illuminate/Foundation/Console/Kernel.php(621): Illuminate/Foundation/Exceptions/Handler->report()
#6 C:/Users/kings/Downloads/partnership-tracker-laravel/pt-laravel/vendor/laravel/framework/src/Illuminate/Foundation/Console/Kernel.php(200): Illuminate/Foundation/Console/Kernel->reportException()
#7 Command line code(1): Illuminate/Foundation/Console/Kernel->handle()
#8 {main}
"} 
[2026-07-13 19:12:20] laravel.ERROR: array_merge(): Argument #2 must be of type array, Illuminate\Foundation\Application given {"exception":"[object] (TypeError(code: 0): array_merge(): Argument #2 must be of type array, Illuminate\\Foundation\\Application given at C:/Users/kings/Downloads/partnership-tracker-laravel/pt-laravel/vendor/laravel/framework/src/Illuminate/Foundation/Bootstrap/LoadConfiguration.php:100)
[stacktrace]
#0 C:/Users/kings/Downloads/partnership-tracker-laravel/pt-laravel/vendor/laravel/framework/src/Illuminate/Foundation/Bootstrap/LoadConfiguration.php(100): array_merge()
#1 C:/Users/kings/Downloads/partnership-tracker-laravel/pt-laravel/vendor/laravel/framework/src/Illuminate/Foundation/Bootstrap/LoadConfiguration.php(78): Illuminate/Foundation/Bootstrap/LoadConfiguration->loadConfigurationFile()
#2 C:/Users/kings/Downloads/partnership-tracker-laravel/pt-laravel/vendor/laravel/framework/src/Illuminate/Foundation/Bootstrap/LoadConfiguration.php(39): Illuminate/Foundation/Bootstrap/LoadConfiguration->loadConfigurationFiles()
#3 C:/Users/kings/Downloads/partnership-tracker-laravel/pt-laravel/vendor/laravel/framework/src/Illuminate/Foundation/Application.php(342): Illuminate/Foundation/Bootstrap/LoadConfiguration->bootstrap()
#4 C:/Users/kings/Downloads/partnership-tracker-laravel/pt-laravel/vendor/laravel/framework/src/Illuminate/Foundation/Console/Kernel.php(474): Illuminate/Foundation/Application->bootstrapWith()
#5 C:/Users/kings/Downloads/partnership-tracker-laravel/pt-laravel/vendor/laravel/framework/src/Illuminate/Foundation/Console/Kernel.php(196): Illuminate/Foundation/Console/Kernel->bootstrap()
#6 Command line code(1): Illuminate/Foundation/Console/Kernel->handle()
#7 {main}
"} 
[2026-07-13 19:12:20] laravel.EMERGENCY: Unable to create configured logger. Using emergency logger. {"exception":"[object] (InvalidArgumentException(code: 0): Log [] is not defined. at C:/Users/kings/Downloads/partnership-tracker-laravel/pt-laravel/vendor/laravel/framework/src/Illuminate/Log/LogManager.php:232)
[stacktrace]
#0 C:/Users/kings/Downloads/partnership-tracker-laravel/pt-laravel/vendor/laravel/framework/src/Illuminate/Log/LogManager.php(139): Illuminate/Log/LogManager->resolve()
#1 C:/Users/kings/Downloads/partnership-tracker-laravel/pt-laravel/vendor/laravel/framework/src/Illuminate/Log/LogManager.php(126): Illuminate/Log/LogManager->get()
#2 C:/Users/kings/Downloads/partnership-tracker-laravel/pt-laravel/vendor/laravel/framework/src/Illuminate/Log/LogManager.php(701): Illuminate/Log/LogManager->driver()
#3 C:/Users/kings/Downloads/partnership-tracker-laravel/pt-laravel/vendor/laravel/framework/src/Illuminate/Foundation/Exceptions/Handler.php(380): Illuminate/Log/LogManager->error()
#4 C:/Users/kings/Downloads/partnership-tracker-laravel/pt-laravel/vendor/laravel/framework/src/Illuminate/Foundation/Exceptions/Handler.php(343): Illuminate/Foundation/Exceptions/Handler->reportThrowable()
#5 C:/Users/kings/Downloads/partnership-tracker-laravel/pt-laravel/vendor/laravel/framework/src/Illuminate/Foundation/Console/Kernel.php(621): Illuminate/Foundation/Exceptions/Handler->report()
#6 C:/Users/kings/Downloads/partnership-tracker-laravel/pt-laravel/vendor/laravel/framework/src/Illuminate/Foundation/Console/Kernel.php(200): Illuminate/Foundation/Console/Kernel->reportException()
#7 Command line code(1): Illuminate/Foundation/Console/Kernel->handle()
#8 {main}
"} 
[2026-07-13 19:12:20] laravel.ERROR: array_merge(): Argument #2 must be of type array, Illuminate\Foundation\Application given {"exception":"[object] (TypeError(code: 0): array_merge(): Argument #2 must be of type array, Illuminate\\Foundation\\Application given at C:/Users/kings/Downloads/partnership-tracker-laravel/pt-laravel/vendor/laravel/framework/src/Illuminate/Foundation/Bootstrap/LoadConfiguration.php:100)
[stacktrace]
#0 C:/Users/kings/Downloads/partnership-tracker-laravel/pt-laravel/vendor/laravel/framework/src/Illuminate/Foundation/Bootstrap/LoadConfiguration.php(100): array_merge()
#1 C:/Users/kings/Downloads/partnership-tracker-laravel/pt-laravel/vendor/laravel/framework/src/Illuminate/Foundation/Bootstrap/LoadConfiguration.php(78): Illuminate/Foundation/Bootstrap/LoadConfiguration->loadConfigurationFile()
#2 C:/Users/kings/Downloads/partnership-tracker-laravel/pt-laravel/vendor/laravel/framework/src/Illuminate/Foundation/Bootstrap/LoadConfiguration.php(39): Illuminate/Foundation/Bootstrap/LoadConfiguration->loadConfigurationFiles()
#3 C:/Users/kings/Downloads/partnership-tracker-laravel/pt-laravel/vendor/laravel/framework/src/Illuminate/Foundation/Application.php(342): Illuminate/Foundation/Bootstrap/LoadConfiguration->bootstrap()
#4 C:/Users/kings/Downloads/partnership-tracker-laravel/pt-laravel/vendor/laravel/framework/src/Illuminate/Foundation/Console/Kernel.php(474): Illuminate/Foundation/Application->bootstrapWith()
#5 C:/Users/kings/Downloads/partnership-tracker-laravel/pt-laravel/vendor/laravel/framework/src/Illuminate/Foundation/Console/Kernel.php(196): Illuminate/Foundation/Console/Kernel->bootstrap()
#6 Command line code(1): Illuminate/Foundation/Console/Kernel->handle()
#7 {main}
"} 
[2026-07-13 19:13:20] laravel.EMERGENCY: Unable to create configured logger. Using emergency logger. {"exception":"[object] (InvalidArgumentException(code: 0): Log [] is not defined. at C:/Users/kings/Downloads/partnership-tracker-laravel/pt-laravel/vendor/laravel/framework/src/Illuminate/Log/LogManager.php:232)
[stacktrace]
#0 C:/Users/kings/Downloads/partnership-tracker-laravel/pt-laravel/vendor/laravel/framework/src/Illuminate/Log/LogManager.php(139): Illuminate/Log/LogManager->resolve()
#1 C:/Users/kings/Downloads/partnership-tracker-laravel/pt-laravel/vendor/laravel/framework/src/Illuminate/Log/LogManager.php(126): Illuminate/Log/LogManager->get()
#2 C:/Users/kings/Downloads/partnership-tracker-laravel/pt-laravel/vendor/laravel/framework/src/Illuminate/Log/LogManager.php(701): Illuminate/Log/LogManager->driver()
#3 C:/Users/kings/Downloads/partnership-tracker-laravel/pt-laravel/vendor/laravel/framework/src/Illuminate/Foundation/Exceptions/Handler.php(380): Illuminate/Log/LogManager->error()
#4 C:/Users/kings/Downloads/partnership-tracker-laravel/pt-laravel/vendor/laravel/framework/src/Illuminate/Foundation/Exceptions/Handler.php(343): Illuminate/Foundation/Exceptions/Handler->reportThrowable()
#5 C:/Users/kings/Downloads/partnership-tracker-laravel/pt-laravel/vendor/laravel/framework/src/Illuminate/Foundation/Console/Kernel.php(621): Illuminate/Foundation/Exceptions/Handler->report()
#6 C:/Users/kings/Downloads/partnership-tracker-laravel/pt-laravel/vendor/laravel/framework/src/Illuminate/Foundation/Console/Kernel.php(200): Illuminate/Foundation/Console/Kernel->reportException()
#7 Command line code(1): Illuminate/Foundation/Console/Kernel->handle()
#8 {main}
"} 
[2026-07-13 19:13:20] laravel.ERROR: array_merge(): Argument #2 must be of type array, Illuminate\Foundation\Application given {"exception":"[object] (TypeError(code: 0): array_merge(): Argument #2 must be of type array, Illuminate\\Foundation\\Application given at C:/Users/kings/Downloads/partnership-tracker-laravel/pt-laravel/vendor/laravel/framework/src/Illuminate/Foundation/Bootstrap/LoadConfiguration.php:100)
[stacktrace]
#0 C:/Users/kings/Downloads/partnership-tracker-laravel/pt-laravel/vendor/laravel/framework/src/Illuminate/Foundation/Bootstrap/LoadConfiguration.php(100): array_merge()
#1 C:/Users/kings/Downloads/partnership-tracker-laravel/pt-laravel/vendor/laravel/framework/src/Illuminate/Foundation/Bootstrap/LoadConfiguration.php(78): Illuminate/Foundation/Bootstrap/LoadConfiguration->loadConfigurationFile()
#2 C:/Users/kings/Downloads/partnership-tracker-laravel/pt-laravel/vendor/laravel/framework/src/Illuminate/Foundation/Bootstrap/LoadConfiguration.php(39): Illuminate/Foundation/Bootstrap/LoadConfiguration->loadConfigurationFiles()
#3 C:/Users/kings/Downloads/partnership-tracker-laravel/pt-laravel/vendor/laravel/framework/src/Illuminate/Foundation/Application.php(342): Illuminate/Foundation/Bootstrap/LoadConfiguration->bootstrap()
#4 C:/Users/kings/Downloads/partnership-tracker-laravel/pt-laravel/vendor/laravel/framework/src/Illuminate/Foundation/Console/Kernel.php(474): Illuminate/Foundation/Application->bootstrapWith()
#5 C:/Users/kings/Downloads/partnership-tracker-laravel/pt-laravel/vendor/laravel/framework/src/Illuminate/Foundation/Console/Kernel.php(196): Illuminate/Foundation/Console/Kernel->bootstrap()
#6 Command line code(1): Illuminate/Foundation/Console/Kernel->handle()
#7 {main}
"} 
[2026-07-13 19:13:20] laravel.EMERGENCY: Unable to create configured logger. Using emergency logger. {"exception":"[object] (InvalidArgumentException(code: 0): Log [] is not defined. at C:/Users/kings/Downloads/partnership-tracker-laravel/pt-laravel/vendor/laravel/framework/src/Illuminate/Log/LogManager.php:232)
[stacktrace]
#0 C:/Users/kings/Downloads/partnership-tracker-laravel/pt-laravel/vendor/laravel/framework/src/Illuminate/Log/LogManager.php(139): Illuminate/Log/LogManager->resolve()
#1 C:/Users/kings/Downloads/partnership-tracker-laravel/pt-laravel/vendor/laravel/framework/src/Illuminate/Log/LogManager.php(126): Illuminate/Log/LogManager->get()
#2 C:/Users/kings/Downloads/partnership-tracker-laravel/pt-laravel/vendor/laravel/framework/src/Illuminate/Log/LogManager.php(701): Illuminate/Log/LogManager->driver()
#3 C:/Users/kings/Downloads/partnership-tracker-laravel/pt-laravel/vendor/laravel/framework/src/Illuminate/Foundation/Exceptions/Handler.php(380): Illuminate/Log/LogManager->error()
#4 C:/Users/kings/Downloads/partnership-tracker-laravel/pt-laravel/vendor/laravel/framework/src/Illuminate/Foundation/Exceptions/Handler.php(343): Illuminate/Foundation/Exceptions/Handler->reportThrowable()
#5 C:/Users/kings/Downloads/partnership-tracker-laravel/pt-laravel/vendor/laravel/framework/src/Illuminate/Foundation/Console/Kernel.php(621): Illuminate/Foundation/Exceptions/Handler->report()
#6 C:/Users/kings/Downloads/partnership-tracker-laravel/pt-laravel/vendor/laravel/framework/src/Illuminate/Foundation/Console/Kernel.php(200): Illuminate/Foundation/Console/Kernel->reportException()
#7 Command line code(1): Illuminate/Foundation/Console/Kernel->handle()
#8 {main}
"} 
[2026-07-13 19:13:20] laravel.ERROR: array_merge(): Argument #2 must be of type array, Illuminate\Foundation\Application given {"exception":"[object] (TypeError(code: 0): array_merge(): Argument #2 must be of type array, Illuminate\\Foundation\\Application given at C:/Users/kings/Downloads/partnership-tracker-laravel/pt-laravel/vendor/laravel/framework/src/Illuminate/Foundation/Bootstrap/LoadConfiguration.php:100)
[stacktrace]
#0 C:/Users/kings/Downloads/partnership-tracker-laravel/pt-laravel/vendor/laravel/framework/src/Illuminate/Foundation/Bootstrap/LoadConfiguration.php(100): array_merge()
#1 C:/Users/kings/Downloads/partnership-tracker-laravel/pt-laravel/vendor/laravel/framework/src/Illuminate/Foundation/Bootstrap/LoadConfiguration.php(78): Illuminate/Foundation/Bootstrap/LoadConfiguration->loadConfigurationFile()
#2 C:/Users/kings/Downloads/partnership-tracker-laravel/pt-laravel/vendor/laravel/framework/src/Illuminate/Foundation/Bootstrap/LoadConfiguration.php(39): Illuminate/Foundation/Bootstrap/LoadConfiguration->loadConfigurationFiles()
#3 C:/Users/kings/Downloads/partnership-tracker-laravel/pt-laravel/vendor/laravel/framework/src/Illuminate/Foundation/Application.php(342): Illuminate/Foundation/Bootstrap/LoadConfiguration->bootstrap()
#4 C:/Users/kings/Downloads/partnership-tracker-laravel/pt-laravel/vendor/laravel/framework/src/Illuminate/Foundation/Console/Kernel.php(474): Illuminate/Foundation/Application->bootstrapWith()
#5 C:/Users/kings/Downloads/partnership-tracker-laravel/pt-laravel/vendor/laravel/framework/src/Illuminate/Foundation/Console/Kernel.php(196): Illuminate/Foundation/Console/Kernel->bootstrap()
#6 Command line code(1): Illuminate/Foundation/Console/Kernel->handle()
#7 {main}
"} 
[2026-07-13 19:13:29] production.ERROR: Target [Illuminate\Contracts\Auth\Access\Gate] is not instantiable while building [App\Providers\AppServiceProvider]. {"exception":"[object] (Illuminate\\Contracts\\Container\\BindingResolutionException(code: 0): Target [Illuminate\\Contracts\\Auth\\Access\\Gate] is not instantiable while building [App\\Providers\\AppServiceProvider]. at C:/Users/kings/Downloads/partnership-tracker-laravel/pt-laravel/vendor/laravel/framework/src/Illuminate/Container/Container.php:1216)
[stacktrace]
#0 C:/Users/kings/Downloads/partnership-tracker-laravel/pt-laravel/vendor/laravel/framework/src/Illuminate/Container/Container.php(968): Illuminate/Container/Container->notInstantiable()
#1 C:/Users/kings/Downloads/partnership-tracker-laravel/pt-laravel/vendor/laravel/framework/src/Illuminate/Container/Container.php(832): Illuminate/Container/Container->build()
#2 C:/Users/kings/Downloads/partnership-tracker-laravel/pt-laravel/vendor/laravel/framework/src/Illuminate/Foundation/Application.php(1078): Illuminate/Container/Container->resolve()
#3 C:/Users/kings/Downloads/partnership-tracker-laravel/pt-laravel/vendor/laravel/framework/src/Illuminate/Container/Container.php(763): Illuminate/Foundation/Application->resolve()
#4 C:/Users/kings/Downloads/partnership-tracker-laravel/pt-laravel/vendor/laravel/framework/src/Illuminate/Foundation/Application.php(1058): Illuminate/Container/Container->make()
#5 C:/Users/kings/Downloads/partnership-tracker-laravel/pt-laravel/vendor/laravel/framework/src/Illuminate/Container/Container.php(1580): Illuminate/Foundation/Application->make()
#6 C:/Users/kings/Downloads/partnership-tracker-laravel/pt-laravel/vendor/laravel/framework/src/Illuminate/Support/Facades/Facade.php(239): Illuminate/Container/Container->offsetGet()
#7 C:/Users/kings/Downloads/partnership-tracker-laravel/pt-laravel/vendor/laravel/framework/src/Illuminate/Support/Facades/Facade.php(210): Illuminate/Support/Facades/Facade::resolveFacadeInstance()
#8 C:/Users/kings/Downloads/partnership-tracker-laravel/pt-laravel/vendor/laravel/framework/src/Illuminate/Support/Facades/Facade.php(355): Illuminate/Support/Facades/Facade::getFacadeRoot()
#9 C:/Users/kings/Downloads/partnership-tracker-laravel/pt-laravel/app/Providers/AppServiceProvider.php(34): Illuminate/Support/Facades/Facade::__callStatic()
#10 C:/Users/kings/Downloads/partnership-tracker-laravel/pt-laravel/vendor/laravel/framework/src/Illuminate/Container/BoundMethod.php(36): App/Providers/AppServiceProvider->boot()
#11 C:/Users/kings/Downloads/partnership-tracker-laravel/pt-laravel/vendor/laravel/framework/src/Illuminate/Container/Util.php(43): Illuminate/Container/BoundMethod::{closure:Illuminate/Container/BoundMethod::call():35}()
#12 C:/Users/kings/Downloads/partnership-tracker-laravel/pt-laravel/vendor/laravel/framework/src/Illuminate/Container/BoundMethod.php(95): Illuminate/Container/Util::unwrapIfClosure()
#13 C:/Users/kings/Downloads/partnership-tracker-laravel/pt-laravel/vendor/laravel/framework/src/Illuminate/Container/BoundMethod.php(35): Illuminate/Container/BoundMethod::callBoundMethod()
#14 C:/Users/kings/Downloads/partnership-tracker-laravel/pt-laravel/vendor/laravel/framework/src/Illuminate/Container/Container.php(696): Illuminate/Container/BoundMethod::call()
#15 C:/Users/kings/Downloads/partnership-tracker-laravel/pt-laravel/vendor/laravel/framework/src/Illuminate/Foundation/Application.php(1151): Illuminate/Container/Container->call()
#16 C:/Users/kings/Downloads/partnership-tracker-laravel/pt-laravel/vendor/laravel/framework/src/Illuminate/Foundation/Application.php(1132): Illuminate/Foundation/Application->bootProvider()
#17 [internal function]: Illuminate/Foundation/Application->{closure:Illuminate/Foundation/Application::boot():1131}()
#18 C:/Users/kings/Downloads/partnership-tracker-laravel/pt-laravel/vendor/laravel/framework/src/Illuminate/Foundation/Application.php(1131): array_walk()
#19 C:/Users/kings/Downloads/partnership-tracker-laravel/pt-laravel/vendor/laravel/framework/src/Illuminate/Foundation/Bootstrap/BootProviders.php(17): Illuminate/Foundation/Application->boot()
#20 C:/Users/kings/Downloads/partnership-tracker-laravel/pt-laravel/vendor/laravel/framework/src/Illuminate/Foundation/Application.php(342): Illuminate/Foundation/Bootstrap/BootProviders->bootstrap()
#21 C:/Users/kings/Downloads/partnership-tracker-laravel/pt-laravel/vendor/laravel/framework/src/Illuminate/Foundation/Console/Kernel.php(474): Illuminate/Foundation/Application->bootstrapWith()
#22 C:/Users/kings/Downloads/partnership-tracker-laravel/pt-laravel/vendor/laravel/framework/src/Illuminate/Foundation/Console/Kernel.php(196): Illuminate/Foundation/Console/Kernel->bootstrap()
#23 Command line code(1): Illuminate/Foundation/Console/Kernel->handle()
#24 {main}
"} 
[2026-07-13 19:13:59] production.ERROR: Target [Illuminate\Contracts\Auth\Access\Gate] is not instantiable while building [App\Providers\AppServiceProvider]. {"exception":"[object] (Illuminate\\Contracts\\Container\\BindingResolutionException(code: 0): Target [Illuminate\\Contracts\\Auth\\Access\\Gate] is not instantiable while building [App\\Providers\\AppServiceProvider]. at C:/Users/kings/Downloads/partnership-tracker-laravel/pt-laravel/vendor/laravel/framework/src/Illuminate/Container/Container.php:1216)
[stacktrace]
#0 C:/Users/kings/Downloads/partnership-tracker-laravel/pt-laravel/vendor/laravel/framework/src/Illuminate/Container/Container.php(968): Illuminate/Container/Container->notInstantiable()
#1 C:/Users/kings/Downloads/partnership-tracker-laravel/pt-laravel/vendor/laravel/framework/src/Illuminate/Container/Container.php(832): Illuminate/Container/Container->build()
#2 C:/Users/kings/Downloads/partnership-tracker-laravel/pt-laravel/vendor/laravel/framework/src/Illuminate/Foundation/Application.php(1078): Illuminate/Container/Container->resolve()
#3 C:/Users/kings/Downloads/partnership-tracker-laravel/pt-laravel/vendor/laravel/framework/src/Illuminate/Container/Container.php(763): Illuminate/Foundation/Application->resolve()
#4 C:/Users/kings/Downloads/partnership-tracker-laravel/pt-laravel/vendor/laravel/framework/src/Illuminate/Foundation/Application.php(1058): Illuminate/Container/Container->make()
#5 C:/Users/kings/Downloads/partnership-tracker-laravel/pt-laravel/vendor/laravel/framework/src/Illuminate/Container/Container.php(1580): Illuminate/Foundation/Application->make()
#6 C:/Users/kings/Downloads/partnership-tracker-laravel/pt-laravel/vendor/laravel/framework/src/Illuminate/Support/Facades/Facade.php(239): Illuminate/Container/Container->offsetGet()
#7 C:/Users/kings/Downloads/partnership-tracker-laravel/pt-laravel/vendor/laravel/framework/src/Illuminate/Support/Facades/Facade.php(210): Illuminate/Support/Facades/Facade::resolveFacadeInstance()
#8 C:/Users/kings/Downloads/partnership-tracker-laravel/pt-laravel/vendor/laravel/framework/src/Illuminate/Support/Facades/Facade.php(355): Illuminate/Support/Facades/Facade::getFacadeRoot()
#9 C:/Users/kings/Downloads/partnership-tracker-laravel/pt-laravel/app/Providers/AppServiceProvider.php(34): Illuminate/Support/Facades/Facade::__callStatic()
#10 C:/Users/kings/Downloads/partnership-tracker-laravel/pt-laravel/vendor/laravel/framework/src/Illuminate/Container/BoundMethod.php(36): App/Providers/AppServiceProvider->boot()
#11 C:/Users/kings/Downloads/partnership-tracker-laravel/pt-laravel/vendor/laravel/framework/src/Illuminate/Container/Util.php(43): Illuminate/Container/BoundMethod::{closure:Illuminate/Container/BoundMethod::call():35}()
#12 C:/Users/kings/Downloads/partnership-tracker-laravel/pt-laravel/vendor/laravel/framework/src/Illuminate/Container/BoundMethod.php(95): Illuminate/Container/Util::unwrapIfClosure()
#13 C:/Users/kings/Downloads/partnership-tracker-laravel/pt-laravel/vendor/laravel/framework/src/Illuminate/Container/BoundMethod.php(35): Illuminate/Container/BoundMethod::callBoundMethod()
#14 C:/Users/kings/Downloads/partnership-tracker-laravel/pt-laravel/vendor/laravel/framework/src/Illuminate/Container/Container.php(696): Illuminate/Container/BoundMethod::call()
#15 C:/Users/kings/Downloads/partnership-tracker-laravel/pt-laravel/vendor/laravel/framework/src/Illuminate/Foundation/Application.php(1151): Illuminate/Container/Container->call()
#16 C:/Users/kings/Downloads/partnership-tracker-laravel/pt-laravel/vendor/laravel/framework/src/Illuminate/Foundation/Application.php(1132): Illuminate/Foundation/Application->bootProvider()
#17 [internal function]: Illuminate/Foundation/Application->{closure:Illuminate/Foundation/Application::boot():1131}()
#18 C:/Users/kings/Downloads/partnership-tracker-laravel/pt-laravel/vendor/laravel/framework/src/Illuminate/Foundation/Application.php(1131): array_walk()
#19 C:/Users/kings/Downloads/partnership-tracker-laravel/pt-laravel/vendor/laravel/framework/src/Illuminate/Foundation/Bootstrap/BootProviders.php(17): Illuminate/Foundation/Application->boot()
#20 C:/Users/kings/Downloads/partnership-tracker-laravel/pt-laravel/vendor/laravel/framework/src/Illuminate/Foundation/Application.php(342): Illuminate/Foundation/Bootstrap/BootProviders->bootstrap()
#21 C:/Users/kings/Downloads/partnership-tracker-laravel/pt-laravel/vendor/laravel/framework/src/Illuminate/Foundation/Console/Kernel.php(474): Illuminate/Foundation/Application->bootstrapWith()
#22 C:/Users/kings/Downloads/partnership-tracker-laravel/pt-laravel/vendor/laravel/framework/src/Illuminate/Foundation/Console/Kernel.php(196): Illuminate/Foundation/Console/Kernel->bootstrap()
#23 C:/Users/kings/Downloads/partnership-tracker-laravel/pt-laravel/vendor/laravel/framework/src/Illuminate/Foundation/Application.php(1235): Illuminate/Foundation/Console/Kernel->handle()
#24 C:/Users/kings/Downloads/partnership-tracker-laravel/pt-laravel/artisan(12): Illuminate/Foundation/Application->handleCommand()
#25 {main}
"} 
[2026-07-13 19:14:20] production.ERROR: Target [Illuminate\Contracts\Auth\Access\Gate] is not instantiable while building [App\Providers\AppServiceProvider]. {"exception":"[object] (Illuminate\\Contracts\\Container\\BindingResolutionException(code: 0): Target [Illuminate\\Contracts\\Auth\\Access\\Gate] is not instantiable while building [App\\Providers\\AppServiceProvider]. at C:/Users/kings/Downloads/partnership-tracker-laravel/pt-laravel/vendor/laravel/framework/src/Illuminate/Container/Container.php:1216)
[stacktrace]
#0 C:/Users/kings/Downloads/partnership-tracker-laravel/pt-laravel/vendor/laravel/framework/src/Illuminate/Container/Container.php(968): Illuminate/Container/Container->notInstantiable()
#1 C:/Users/kings/Downloads/partnership-tracker-laravel/pt-laravel/vendor/laravel/framework/src/Illuminate/Container/Container.php(832): Illuminate/Container/Container->build()
#2 C:/Users/kings/Downloads/partnership-tracker-laravel/pt-laravel/vendor/laravel/framework/src/Illuminate/Foundation/Application.php(1078): Illuminate/Container/Container->resolve()
#3 C:/Users/kings/Downloads/partnership-tracker-laravel/pt-laravel/vendor/laravel/framework/src/Illuminate/Container/Container.php(763): Illuminate/Foundation/Application->resolve()
#4 C:/Users/kings/Downloads/partnership-tracker-laravel/pt-laravel/vendor/laravel/framework/src/Illuminate/Foundation/Application.php(1058): Illuminate/Container/Container->make()
#5 C:/Users/kings/Downloads/partnership-tracker-laravel/pt-laravel/vendor/laravel/framework/src/Illuminate/Container/Container.php(1580): Illuminate/Foundation/Application->make()
#6 C:/Users/kings/Downloads/partnership-tracker-laravel/pt-laravel/vendor/laravel/framework/src/Illuminate/Support/Facades/Facade.php(239): Illuminate/Container/Container->offsetGet()
#7 C:/Users/kings/Downloads/partnership-tracker-laravel/pt-laravel/vendor/laravel/framework/src/Illuminate/Support/Facades/Facade.php(210): Illuminate/Support/Facades/Facade::resolveFacadeInstance()
#8 C:/Users/kings/Downloads/partnership-tracker-laravel/pt-laravel/vendor/laravel/framework/src/Illuminate/Support/Facades/Facade.php(355): Illuminate/Support/Facades/Facade::getFacadeRoot()
#9 C:/Users/kings/Downloads/partnership-tracker-laravel/pt-laravel/app/Providers/AppServiceProvider.php(34): Illuminate/Support/Facades/Facade::__callStatic()
#10 C:/Users/kings/Downloads/partnership-tracker-laravel/pt-laravel/vendor/laravel/framework/src/Illuminate/Container/BoundMethod.php(36): App/Providers/AppServiceProvider->boot()
#11 C:/Users/kings/Downloads/partnership-tracker-laravel/pt-laravel/vendor/laravel/framework/src/Illuminate/Container/Util.php(43): Illuminate/Container/BoundMethod::{closure:Illuminate/Container/BoundMethod::call():35}()
#12 C:/Users/kings/Downloads/partnership-tracker-laravel/pt-laravel/vendor/laravel/framework/src/Illuminate/Container/BoundMethod.php(95): Illuminate/Container/Util::unwrapIfClosure()
#13 C:/Users/kings/Downloads/partnership-tracker-laravel/pt-laravel/vendor/laravel/framework/src/Illuminate/Container/BoundMethod.php(35): Illuminate/Container/BoundMethod::callBoundMethod()
#14 C:/Users/kings/Downloads/partnership-tracker-laravel/pt-laravel/vendor/laravel/framework/src/Illuminate/Container/Container.php(696): Illuminate/Container/BoundMethod::call()
#15 C:/Users/kings/Downloads/partnership-tracker-laravel/pt-laravel/vendor/laravel/framework/src/Illuminate/Foundation/Application.php(1151): Illuminate/Container/Container->call()
#16 C:/Users/kings/Downloads/partnership-tracker-laravel/pt-laravel/vendor/laravel/framework/src/Illuminate/Foundation/Application.php(1132): Illuminate/Foundation/Application->bootProvider()
#17 [internal function]: Illuminate/Foundation/Application->{closure:Illuminate/Foundation/Application::boot():1131}()
#18 C:/Users/kings/Downloads/partnership-tracker-laravel/pt-laravel/vendor/laravel/framework/src/Illuminate/Foundation/Application.php(1131): array_walk()
#19 C:/Users/kings/Downloads/partnership-tracker-laravel/pt-laravel/vendor/laravel/framework/src/Illuminate/Foundation/Bootstrap/BootProviders.php(17): Illuminate/Foundation/Application->boot()
#20 C:/Users/kings/Downloads/partnership-tracker-laravel/pt-laravel/vendor/laravel/framework/src/Illuminate/Foundation/Application.php(342): Illuminate/Foundation/Bootstrap/BootProviders->bootstrap()
#21 C:/Users/kings/Downloads/partnership-tracker-laravel/pt-laravel/vendor/laravel/framework/src/Illuminate/Foundation/Console/Kernel.php(474): Illuminate/Foundation/Application->bootstrapWith()
#22 C:/Users/kings/Downloads/partnership-tracker-laravel/pt-laravel/vendor/laravel/framework/src/Illuminate/Foundation/Console/Kernel.php(196): Illuminate/Foundation/Console/Kernel->bootstrap()
#23 Command line code(1): Illuminate/Foundation/Console/Kernel->handle()
#24 {main}
"} 
[2026-07-13 19:14:20] production.ERROR: Target [Illuminate\Contracts\Auth\Access\Gate] is not instantiable while building [App\Providers\AppServiceProvider]. {"exception":"[object] (Illuminate\\Contracts\\Container\\BindingResolutionException(code: 0): Target [Illuminate\\Contracts\\Auth\\Access\\Gate] is not instantiable while building [App\\Providers\\AppServiceProvider]. at C:/Users/kings/Downloads/partnership-tracker-laravel/pt-laravel/vendor/laravel/framework/src/Illuminate/Container/Container.php:1216)
[stacktrace]
#0 C:/Users/kings/Downloads/partnership-tracker-laravel/pt-laravel/vendor/laravel/framework/src/Illuminate/Container/Container.php(968): Illuminate/Container/Container->notInstantiable()
#1 C:/Users/kings/Downloads/partnership-tracker-laravel/pt-laravel/vendor/laravel/framework/src/Illuminate/Container/Container.php(832): Illuminate/Container/Container->build()
#2 C:/Users/kings/Downloads/partnership-tracker-laravel/pt-laravel/vendor/laravel/framework/src/Illuminate/Foundation/Application.php(1078): Illuminate/Container/Container->resolve()
#3 C:/Users/kings/Downloads/partnership-tracker-laravel/pt-laravel/vendor/laravel/framework/src/Illuminate/Container/Container.php(763): Illuminate/Foundation/Application->resolve()
#4 C:/Users/kings/Downloads/partnership-tracker-laravel/pt-laravel/vendor/laravel/framework/src/Illuminate/Foundation/Application.php(1058): Illuminate/Container/Container->make()
#5 C:/Users/kings/Downloads/partnership-tracker-laravel/pt-laravel/vendor/laravel/framework/src/Illuminate/Container/Container.php(1580): Illuminate/Foundation/Application->make()
#6 C:/Users/kings/Downloads/partnership-tracker-laravel/pt-laravel/vendor/laravel/framework/src/Illuminate/Support/Facades/Facade.php(239): Illuminate/Container/Container->offsetGet()
#7 C:/Users/kings/Downloads/partnership-tracker-laravel/pt-laravel/vendor/laravel/framework/src/Illuminate/Support/Facades/Facade.php(210): Illuminate/Support/Facades/Facade::resolveFacadeInstance()
#8 C:/Users/kings/Downloads/partnership-tracker-laravel/pt-laravel/vendor/laravel/framework/src/Illuminate/Support/Facades/Facade.php(355): Illuminate/Support/Facades/Facade::getFacadeRoot()
#9 C:/Users/kings/Downloads/partnership-tracker-laravel/pt-laravel/app/Providers/AppServiceProvider.php(34): Illuminate/Support/Facades/Facade::__callStatic()
#10 C:/Users/kings/Downloads/partnership-tracker-laravel/pt-laravel/vendor/laravel/framework/src/Illuminate/Container/BoundMethod.php(36): App/Providers/AppServiceProvider->boot()
#11 C:/Users/kings/Downloads/partnership-tracker-laravel/pt-laravel/vendor/laravel/framework/src/Illuminate/Container/Util.php(43): Illuminate/Container/BoundMethod::{closure:Illuminate/Container/BoundMethod::call():35}()
#12 C:/Users/kings/Downloads/partnership-tracker-laravel/pt-laravel/vendor/laravel/framework/src/Illuminate/Container/BoundMethod.php(95): Illuminate/Container/Util::unwrapIfClosure()
#13 C:/Users/kings/Downloads/partnership-tracker-laravel/pt-laravel/vendor/laravel/framework/src/Illuminate/Container/BoundMethod.php(35): Illuminate/Container/BoundMethod::callBoundMethod()
#14 C:/Users/kings/Downloads/partnership-tracker-laravel/pt-laravel/vendor/laravel/framework/src/Illuminate/Container/Container.php(696): Illuminate/Container/BoundMethod::call()
#15 C:/Users/kings/Downloads/partnership-tracker-laravel/pt-laravel/vendor/laravel/framework/src/Illuminate/Foundation/Application.php(1151): Illuminate/Container/Container->call()
#16 C:/Users/kings/Downloads/partnership-tracker-laravel/pt-laravel/vendor/laravel/framework/src/Illuminate/Foundation/Application.php(1132): Illuminate/Foundation/Application->bootProvider()
#17 [internal function]: Illuminate/Foundation/Application->{closure:Illuminate/Foundation/Application::boot():1131}()
#18 C:/Users/kings/Downloads/partnership-tracker-laravel/pt-laravel/vendor/laravel/framework/src/Illuminate/Foundation/Application.php(1131): array_walk()
#19 C:/Users/kings/Downloads/partnership-tracker-laravel/pt-laravel/vendor/laravel/framework/src/Illuminate/Foundation/Bootstrap/BootProviders.php(17): Illuminate/Foundation/Application->boot()
#20 C:/Users/kings/Downloads/partnership-tracker-laravel/pt-laravel/vendor/laravel/framework/src/Illuminate/Foundation/Application.php(342): Illuminate/Foundation/Bootstrap/BootProviders->bootstrap()
#21 C:/Users/kings/Downloads/partnership-tracker-laravel/pt-laravel/vendor/laravel/framework/src/Illuminate/Foundation/Console/Kernel.php(474): Illuminate/Foundation/Application->bootstrapWith()
#22 C:/Users/kings/Downloads/partnership-tracker-laravel/pt-laravel/vendor/laravel/framework/src/Illuminate/Foundation/Console/Kernel.php(196): Illuminate/Foundation/Console/Kernel->bootstrap()
#23 Command line code(1): Illuminate/Foundation/Console/Kernel->handle()
#24 {main}
"} 
[2026-07-13 19:14:36] production.ERROR: Target [Illuminate\Contracts\Auth\Access\Gate] is not instantiable while building [App\Providers\AppServiceProvider]. {"exception":"[object] (Illuminate\\Contracts\\Container\\BindingResolutionException(code: 0): Target [Illuminate\\Contracts\\Auth\\Access\\Gate] is not instantiable while building [App\\Providers\\AppServiceProvider]. at C:/Users/kings/Downloads/partnership-tracker-laravel/pt-laravel/vendor/laravel/framework/src/Illuminate/Container/Container.php:1216)
[stacktrace]
#0 C:/Users/kings/Downloads/partnership-tracker-laravel/pt-laravel/vendor/laravel/framework/src/Illuminate/Container/Container.php(968): Illuminate/Container/Container->notInstantiable()
#1 C:/Users/kings/Downloads/partnership-tracker-laravel/pt-laravel/vendor/laravel/framework/src/Illuminate/Container/Container.php(832): Illuminate/Container/Container->build()
#2 C:/Users/kings/Downloads/partnership-tracker-laravel/pt-laravel/vendor/laravel/framework/src/Illuminate/Foundation/Application.php(1078): Illuminate/Container/Container->resolve()
#3 C:/Users/kings/Downloads/partnership-tracker-laravel/pt-laravel/vendor/laravel/framework/src/Illuminate/Container/Container.php(763): Illuminate/Foundation/Application->resolve()
#4 C:/Users/kings/Downloads/partnership-tracker-laravel/pt-laravel/vendor/laravel/framework/src/Illuminate/Foundation/Application.php(1058): Illuminate/Container/Container->make()
#5 C:/Users/kings/Downloads/partnership-tracker-laravel/pt-laravel/vendor/laravel/framework/src/Illuminate/Container/Container.php(1580): Illuminate/Foundation/Application->make()
#6 C:/Users/kings/Downloads/partnership-tracker-laravel/pt-laravel/vendor/laravel/framework/src/Illuminate/Support/Facades/Facade.php(239): Illuminate/Container/Container->offsetGet()
#7 C:/Users/kings/Downloads/partnership-tracker-laravel/pt-laravel/vendor/laravel/framework/src/Illuminate/Support/Facades/Facade.php(210): Illuminate/Support/Facades/Facade::resolveFacadeInstance()
#8 C:/Users/kings/Downloads/partnership-tracker-laravel/pt-laravel/vendor/laravel/framework/src/Illuminate/Support/Facades/Facade.php(355): Illuminate/Support/Facades/Facade::getFacadeRoot()
#9 C:/Users/kings/Downloads/partnership-tracker-laravel/pt-laravel/app/Providers/AppServiceProvider.php(34): Illuminate/Support/Facades/Facade::__callStatic()
#10 C:/Users/kings/Downloads/partnership-tracker-laravel/pt-laravel/vendor/laravel/framework/src/Illuminate/Container/BoundMethod.php(36): App/Providers/AppServiceProvider->boot()
#11 C:/Users/kings/Downloads/partnership-tracker-laravel/pt-laravel/vendor/laravel/framework/src/Illuminate/Container/Util.php(43): Illuminate/Container/BoundMethod::{closure:Illuminate/Container/BoundMethod::call():35}()
#12 C:/Users/kings/Downloads/partnership-tracker-laravel/pt-laravel/vendor/laravel/framework/src/Illuminate/Container/BoundMethod.php(95): Illuminate/Container/Util::unwrapIfClosure()
#13 C:/Users/kings/Downloads/partnership-tracker-laravel/pt-laravel/vendor/laravel/framework/src/Illuminate/Container/BoundMethod.php(35): Illuminate/Container/BoundMethod::callBoundMethod()
#14 C:/Users/kings/Downloads/partnership-tracker-laravel/pt-laravel/vendor/laravel/framework/src/Illuminate/Container/Container.php(696): Illuminate/Container/BoundMethod::call()
#15 C:/Users/kings/Downloads/partnership-tracker-laravel/pt-laravel/vendor/laravel/framework/src/Illuminate/Foundation/Application.php(1151): Illuminate/Container/Container->call()
#16 C:/Users/kings/Downloads/partnership-tracker-laravel/pt-laravel/vendor/laravel/framework/src/Illuminate/Foundation/Application.php(1132): Illuminate/Foundation/Application->bootProvider()
#17 [internal function]: Illuminate/Foundation/Application->{closure:Illuminate/Foundation/Application::boot():1131}()
#18 C:/Users/kings/Downloads/partnership-tracker-laravel/pt-laravel/vendor/laravel/framework/src/Illuminate/Foundation/Application.php(1131): array_walk()
#19 C:/Users/kings/Downloads/partnership-tracker-laravel/pt-laravel/vendor/laravel/framework/src/Illuminate/Foundation/Bootstrap/BootProviders.php(17): Illuminate/Foundation/Application->boot()
#20 C:/Users/kings/Downloads/partnership-tracker-laravel/pt-laravel/vendor/laravel/framework/src/Illuminate/Foundation/Application.php(342): Illuminate/Foundation/Bootstrap/BootProviders->bootstrap()
#21 C:/Users/kings/Downloads/partnership-tracker-laravel/pt-laravel/vendor/laravel/framework/src/Illuminate/Foundation/Console/Kernel.php(474): Illuminate/Foundation/Application->bootstrapWith()
#22 C:/Users/kings/Downloads/partnership-tracker-laravel/pt-laravel/vendor/laravel/framework/src/Illuminate/Foundation/Console/Kernel.php(196): Illuminate/Foundation/Console/Kernel->bootstrap()
#23 C:/Users/kings/Downloads/partnership-tracker-laravel/pt-laravel/vendor/laravel/framework/src/Illuminate/Foundation/Application.php(1235): Illuminate/Foundation/Console/Kernel->handle()
#24 C:/Users/kings/Downloads/partnership-tracker-laravel/pt-laravel/artisan(12): Illuminate/Foundation/Application->handleCommand()
#25 {main}
"} 
[2026-07-13 19:15:20] production.ERROR: Target [Illuminate\Contracts\Auth\Access\Gate] is not instantiable while building [App\Providers\AppServiceProvider]. {"exception":"[object] (Illuminate\\Contracts\\Container\\BindingResolutionException(code: 0): Target [Illuminate\\Contracts\\Auth\\Access\\Gate] is not instantiable while building [App\\Providers\\AppServiceProvider]. at C:/Users/kings/Downloads/partnership-tracker-laravel/pt-laravel/vendor/laravel/framework/src/Illuminate/Container/Container.php:1216)
[stacktrace]
#0 C:/Users/kings/Downloads/partnership-tracker-laravel/pt-laravel/vendor/laravel/framework/src/Illuminate/Container/Container.php(968): Illuminate/Container/Container->notInstantiable()
#1 C:/Users/kings/Downloads/partnership-tracker-laravel/pt-laravel/vendor/laravel/framework/src/Illuminate/Container/Container.php(832): Illuminate/Container/Container->build()
#2 C:/Users/kings/Downloads/partnership-tracker-laravel/pt-laravel/vendor/laravel/framework/src/Illuminate/Foundation/Application.php(1078): Illuminate/Container/Container->resolve()
#3 C:/Users/kings/Downloads/partnership-tracker-laravel/pt-laravel/vendor/laravel/framework/src/Illuminate/Container/Container.php(763): Illuminate/Foundation/Application->resolve()
#4 C:/Users/kings/Downloads/partnership-tracker-laravel/pt-laravel/vendor/laravel/framework/src/Illuminate/Foundation/Application.php(1058): Illuminate/Container/Container->make()
#5 C:/Users/kings/Downloads/partnership-tracker-laravel/pt-laravel/vendor/laravel/framework/src/Illuminate/Container/Container.php(1580): Illuminate/Foundation/Application->make()
#6 C:/Users/kings/Downloads/partnership-tracker-laravel/pt-laravel/vendor/laravel/framework/src/Illuminate/Support/Facades/Facade.php(239): Illuminate/Container/Container->offsetGet()
#7 C:/Users/kings/Downloads/partnership-tracker-laravel/pt-laravel/vendor/laravel/framework/src/Illuminate/Support/Facades/Facade.php(210): Illuminate/Support/Facades/Facade::resolveFacadeInstance()
#8 C:/Users/kings/Downloads/partnership-tracker-laravel/pt-laravel/vendor/laravel/framework/src/Illuminate/Support/Facades/Facade.php(355): Illuminate/Support/Facades/Facade::getFacadeRoot()
#9 C:/Users/kings/Downloads/partnership-tracker-laravel/pt-laravel/app/Providers/AppServiceProvider.php(34): Illuminate/Support/Facades/Facade::__callStatic()
#10 C:/Users/kings/Downloads/partnership-tracker-laravel/pt-laravel/vendor/laravel/framework/src/Illuminate/Container/BoundMethod.php(36): App/Providers/AppServiceProvider->boot()
#11 C:/Users/kings/Downloads/partnership-tracker-laravel/pt-laravel/vendor/laravel/framework/src/Illuminate/Container/Util.php(43): Illuminate/Container/BoundMethod::{closure:Illuminate/Container/BoundMethod::call():35}()
#12 C:/Users/kings/Downloads/partnership-tracker-laravel/pt-laravel/vendor/laravel/framework/src/Illuminate/Container/BoundMethod.php(95): Illuminate/Container/Util::unwrapIfClosure()
#13 C:/Users/kings/Downloads/partnership-tracker-laravel/pt-laravel/vendor/laravel/framework/src/Illuminate/Container/BoundMethod.php(35): Illuminate/Container/BoundMethod::callBoundMethod()
#14 C:/Users/kings/Downloads/partnership-tracker-laravel/pt-laravel/vendor/laravel/framework/src/Illuminate/Container/Container.php(696): Illuminate/Container/BoundMethod::call()
#15 C:/Users/kings/Downloads/partnership-tracker-laravel/pt-laravel/vendor/laravel/framework/src/Illuminate/Foundation/Application.php(1151): Illuminate/Container/Container->call()
#16 C:/Users/kings/Downloads/partnership-tracker-laravel/pt-laravel/vendor/laravel/framework/src/Illuminate/Foundation/Application.php(1132): Illuminate/Foundation/Application->bootProvider()
#17 [internal function]: Illuminate/Foundation/Application->{closure:Illuminate/Foundation/Application::boot():1131}()
#18 C:/Users/kings/Downloads/partnership-tracker-laravel/pt-laravel/vendor/laravel/framework/src/Illuminate/Foundation/Application.php(1131): array_walk()
#19 C:/Users/kings/Downloads/partnership-tracker-laravel/pt-laravel/vendor/laravel/framework/src/Illuminate/Foundation/Bootstrap/BootProviders.php(17): Illuminate/Foundation/Application->boot()
#20 C:/Users/kings/Downloads/partnership-tracker-laravel/pt-laravel/vendor/laravel/framework/src/Illuminate/Foundation/Application.php(342): Illuminate/Foundation/Bootstrap/BootProviders->bootstrap()
#21 C:/Users/kings/Downloads/partnership-tracker-laravel/pt-laravel/vendor/laravel/framework/src/Illuminate/Foundation/Console/Kernel.php(474): Illuminate/Foundation/Application->bootstrapWith()
#22 C:/Users/kings/Downloads/partnership-tracker-laravel/pt-laravel/vendor/laravel/framework/src/Illuminate/Foundation/Console/Kernel.php(196): Illuminate/Foundation/Console/Kernel->bootstrap()
#23 Command line code(1): Illuminate/Foundation/Console/Kernel->handle()
#24 {main}
"} 
[2026-07-13 19:15:20] production.ERROR: Target [Illuminate\Contracts\Auth\Access\Gate] is not instantiable while building [App\Providers\AppServiceProvider]. {"exception":"[object] (Illuminate\\Contracts\\Container\\BindingResolutionException(code: 0): Target [Illuminate\\Contracts\\Auth\\Access\\Gate] is not instantiable while building [App\\Providers\\AppServiceProvider]. at C:/Users/kings/Downloads/partnership-tracker-laravel/pt-laravel/vendor/laravel/framework/src/Illuminate/Container/Container.php:1216)
[stacktrace]
#0 C:/Users/kings/Downloads/partnership-tracker-laravel/pt-laravel/vendor/laravel/framework/src/Illuminate/Container/Container.php(968): Illuminate/Container/Container->notInstantiable()
#1 C:/Users/kings/Downloads/partnership-tracker-laravel/pt-laravel/vendor/laravel/framework/src/Illuminate/Container/Container.php(832): Illuminate/Container/Container->build()
#2 C:/Users/kings/Downloads/partnership-tracker-laravel/pt-laravel/vendor/laravel/framework/src/Illuminate/Foundation/Application.php(1078): Illuminate/Container/Container->resolve()
#3 C:/Users/kings/Downloads/partnership-tracker-laravel/pt-laravel/vendor/laravel/framework/src/Illuminate/Container/Container.php(763): Illuminate/Foundation/Application->resolve()
#4 C:/Users/kings/Downloads/partnership-tracker-laravel/pt-laravel/vendor/laravel/framework/src/Illuminate/Foundation/Application.php(1058): Illuminate/Container/Container->make()
#5 C:/Users/kings/Downloads/partnership-tracker-laravel/pt-laravel/vendor/laravel/framework/src/Illuminate/Container/Container.php(1580): Illuminate/Foundation/Application->make()
#6 C:/Users/kings/Downloads/partnership-tracker-laravel/pt-laravel/vendor/laravel/framework/src/Illuminate/Support/Facades/Facade.php(239): Illuminate/Container/Container->offsetGet()
#7 C:/Users/kings/Downloads/partnership-tracker-laravel/pt-laravel/vendor/laravel/framework/src/Illuminate/Support/Facades/Facade.php(210): Illuminate/Support/Facades/Facade::resolveFacadeInstance()
#8 C:/Users/kings/Downloads/partnership-tracker-laravel/pt-laravel/vendor/laravel/framework/src/Illuminate/Support/Facades/Facade.php(355): Illuminate/Support/Facades/Facade::getFacadeRoot()
#9 C:/Users/kings/Downloads/partnership-tracker-laravel/pt-laravel/app/Providers/AppServiceProvider.php(34): Illuminate/Support/Facades/Facade::__callStatic()
#10 C:/Users/kings/Downloads/partnership-tracker-laravel/pt-laravel/vendor/laravel/framework/src/Illuminate/Container/BoundMethod.php(36): App/Providers/AppServiceProvider->boot()
#11 C:/Users/kings/Downloads/partnership-tracker-laravel/pt-laravel/vendor/laravel/framework/src/Illuminate/Container/Util.php(43): Illuminate/Container/BoundMethod::{closure:Illuminate/Container/BoundMethod::call():35}()
#12 C:/Users/kings/Downloads/partnership-tracker-laravel/pt-laravel/vendor/laravel/framework/src/Illuminate/Container/BoundMethod.php(95): Illuminate/Container/Util::unwrapIfClosure()
#13 C:/Users/kings/Downloads/partnership-tracker-laravel/pt-laravel/vendor/laravel/framework/src/Illuminate/Container/BoundMethod.php(35): Illuminate/Container/BoundMethod::callBoundMethod()
#14 C:/Users/kings/Downloads/partnership-tracker-laravel/pt-laravel/vendor/laravel/framework/src/Illuminate/Container/Container.php(696): Illuminate/Container/BoundMethod::call()
#15 C:/Users/kings/Downloads/partnership-tracker-laravel/pt-laravel/vendor/laravel/framework/src/Illuminate/Foundation/Application.php(1151): Illuminate/Container/Container->call()
#16 C:/Users/kings/Downloads/partnership-tracker-laravel/pt-laravel/vendor/laravel/framework/src/Illuminate/Foundation/Application.php(1132): Illuminate/Foundation/Application->bootProvider()
#17 [internal function]: Illuminate/Foundation/Application->{closure:Illuminate/Foundation/Application::boot():1131}()
#18 C:/Users/kings/Downloads/partnership-tracker-laravel/pt-laravel/vendor/laravel/framework/src/Illuminate/Foundation/Application.php(1131): array_walk()
#19 C:/Users/kings/Downloads/partnership-tracker-laravel/pt-laravel/vendor/laravel/framework/src/Illuminate/Foundation/Bootstrap/BootProviders.php(17): Illuminate/Foundation/Application->boot()
#20 C:/Users/kings/Downloads/partnership-tracker-laravel/pt-laravel/vendor/laravel/framework/src/Illuminate/Foundation/Application.php(342): Illuminate/Foundation/Bootstrap/BootProviders->bootstrap()
#21 C:/Users/kings/Downloads/partnership-tracker-laravel/pt-laravel/vendor/laravel/framework/src/Illuminate/Foundation/Console/Kernel.php(474): Illuminate/Foundation/Application->bootstrapWith()
#22 C:/Users/kings/Downloads/partnership-tracker-laravel/pt-laravel/vendor/laravel/framework/src/Illuminate/Foundation/Console/Kernel.php(196): Illuminate/Foundation/Console/Kernel->bootstrap()
#23 Command line code(1): Illuminate/Foundation/Console/Kernel->handle()
#24 {main}
"} 
[2026-07-13 19:15:56] production.ERROR: Target [Illuminate\Contracts\Auth\Access\Gate] is not instantiable while building [App\Providers\AppServiceProvider]. {"exception":"[object] (Illuminate\\Contracts\\Container\\BindingResolutionException(code: 0): Target [Illuminate\\Contracts\\Auth\\Access\\Gate] is not instantiable while building [App\\Providers\\AppServiceProvider]. at C:/Users/kings/Downloads/partnership-tracker-laravel/pt-laravel/vendor/laravel/framework/src/Illuminate/Container/Container.php:1216)
[stacktrace]
#0 C:/Users/kings/Downloads/partnership-tracker-laravel/pt-laravel/vendor/laravel/framework/src/Illuminate/Container/Container.php(968): Illuminate/Container/Container->notInstantiable()
#1 C:/Users/kings/Downloads/partnership-tracker-laravel/pt-laravel/vendor/laravel/framework/src/Illuminate/Container/Container.php(832): Illuminate/Container/Container->build()
#2 C:/Users/kings/Downloads/partnership-tracker-laravel/pt-laravel/vendor/laravel/framework/src/Illuminate/Foundation/Application.php(1078): Illuminate/Container/Container->resolve()
#3 C:/Users/kings/Downloads/partnership-tracker-laravel/pt-laravel/vendor/laravel/framework/src/Illuminate/Container/Container.php(763): Illuminate/Foundation/Application->resolve()
#4 C:/Users/kings/Downloads/partnership-tracker-laravel/pt-laravel/vendor/laravel/framework/src/Illuminate/Foundation/Application.php(1058): Illuminate/Container/Container->make()
#5 C:/Users/kings/Downloads/partnership-tracker-laravel/pt-laravel/vendor/laravel/framework/src/Illuminate/Container/Container.php(1580): Illuminate/Foundation/Application->make()
#6 C:/Users/kings/Downloads/partnership-tracker-laravel/pt-laravel/vendor/laravel/framework/src/Illuminate/Support/Facades/Facade.php(239): Illuminate/Container/Container->offsetGet()
#7 C:/Users/kings/Downloads/partnership-tracker-laravel/pt-laravel/vendor/laravel/framework/src/Illuminate/Support/Facades/Facade.php(210): Illuminate/Support/Facades/Facade::resolveFacadeInstance()
#8 C:/Users/kings/Downloads/partnership-tracker-laravel/pt-laravel/vendor/laravel/framework/src/Illuminate/Support/Facades/Facade.php(355): Illuminate/Support/Facades/Facade::getFacadeRoot()
#9 C:/Users/kings/Downloads/partnership-tracker-laravel/pt-laravel/app/Providers/AppServiceProvider.php(34): Illuminate/Support/Facades/Facade::__callStatic()
#10 C:/Users/kings/Downloads/partnership-tracker-laravel/pt-laravel/vendor/laravel/framework/src/Illuminate/Container/BoundMethod.php(36): App/Providers/AppServiceProvider->boot()
#11 C:/Users/kings/Downloads/partnership-tracker-laravel/pt-laravel/vendor/laravel/framework/src/Illuminate/Container/Util.php(43): Illuminate/Container/BoundMethod::{closure:Illuminate/Container/BoundMethod::call():35}()
#12 C:/Users/kings/Downloads/partnership-tracker-laravel/pt-laravel/vendor/laravel/framework/src/Illuminate/Container/BoundMethod.php(95): Illuminate/Container/Util::unwrapIfClosure()
#13 C:/Users/kings/Downloads/partnership-tracker-laravel/pt-laravel/vendor/laravel/framework/src/Illuminate/Container/BoundMethod.php(35): Illuminate/Container/BoundMethod::callBoundMethod()
#14 C:/Users/kings/Downloads/partnership-tracker-laravel/pt-laravel/vendor/laravel/framework/src/Illuminate/Container/Container.php(696): Illuminate/Container/BoundMethod::call()
#15 C:/Users/kings/Downloads/partnership-tracker-laravel/pt-laravel/vendor/laravel/framework/src/Illuminate/Foundation/Application.php(1151): Illuminate/Container/Container->call()
#16 C:/Users/kings/Downloads/partnership-tracker-laravel/pt-laravel/vendor/laravel/framework/src/Illuminate/Foundation/Application.php(1132): Illuminate/Foundation/Application->bootProvider()
#17 [internal function]: Illuminate/Foundation/Application->{closure:Illuminate/Foundation/Application::boot():1131}()
#18 C:/Users/kings/Downloads/partnership-tracker-laravel/pt-laravel/vendor/laravel/framework/src/Illuminate/Foundation/Application.php(1131): array_walk()
#19 C:/Users/kings/Downloads/partnership-tracker-laravel/pt-laravel/vendor/laravel/framework/src/Illuminate/Foundation/Bootstrap/BootProviders.php(17): Illuminate/Foundation/Application->boot()
#20 C:/Users/kings/Downloads/partnership-tracker-laravel/pt-laravel/vendor/laravel/framework/src/Illuminate/Foundation/Application.php(342): Illuminate/Foundation/Bootstrap/BootProviders->bootstrap()
#21 C:/Users/kings/Downloads/partnership-tracker-laravel/pt-laravel/vendor/laravel/framework/src/Illuminate/Foundation/Console/Kernel.php(474): Illuminate/Foundation/Application->bootstrapWith()
#22 C:/Users/kings/Downloads/partnership-tracker-laravel/pt-laravel/vendor/laravel/framework/src/Illuminate/Foundation/Console/Kernel.php(196): Illuminate/Foundation/Console/Kernel->bootstrap()
#23 C:/Users/kings/Downloads/partnership-tracker-laravel/pt-laravel/vendor/laravel/framework/src/Illuminate/Foundation/Application.php(1235): Illuminate/Foundation/Console/Kernel->handle()
#24 C:/Users/kings/Downloads/partnership-tracker-laravel/pt-laravel/artisan(12): Illuminate/Foundation/Application->handleCommand()
#25 {main}
"} 
[2026-07-13 19:16:20] production.ERROR: Target [Illuminate\Contracts\Auth\Access\Gate] is not instantiable while building [App\Providers\AppServiceProvider]. {"exception":"[object] (Illuminate\\Contracts\\Container\\BindingResolutionException(code: 0): Target [Illuminate\\Contracts\\Auth\\Access\\Gate] is not instantiable while building [App\\Providers\\AppServiceProvider]. at C:/Users/kings/Downloads/partnership-tracker-laravel/pt-laravel/vendor/laravel/framework/src/Illuminate/Container/Container.php:1216)
[stacktrace]
#0 C:/Users/kings/Downloads/partnership-tracker-laravel/pt-laravel/vendor/laravel/framework/src/Illuminate/Container/Container.php(968): Illuminate/Container/Container->notInstantiable()
#1 C:/Users/kings/Downloads/partnership-tracker-laravel/pt-laravel/vendor/laravel/framework/src/Illuminate/Container/Container.php(832): Illuminate/Container/Container->build()
#2 C:/Users/kings/Downloads/partnership-tracker-laravel/pt-laravel/vendor/laravel/framework/src/Illuminate/Foundation/Application.php(1078): Illuminate/Container/Container->resolve()
#3 C:/Users/kings/Downloads/partnership-tracker-laravel/pt-laravel/vendor/laravel/framework/src/Illuminate/Container/Container.php(763): Illuminate/Foundation/Application->resolve()
#4 C:/Users/kings/Downloads/partnership-tracker-laravel/pt-laravel/vendor/laravel/framework/src/Illuminate/Foundation/Application.php(1058): Illuminate/Container/Container->make()
#5 C:/Users/kings/Downloads/partnership-tracker-laravel/pt-laravel/vendor/laravel/framework/src/Illuminate/Container/Container.php(1580): Illuminate/Foundation/Application->make()
#6 C:/Users/kings/Downloads/partnership-tracker-laravel/pt-laravel/vendor/laravel/framework/src/Illuminate/Support/Facades/Facade.php(239): Illuminate/Container/Container->offsetGet()
#7 C:/Users/kings/Downloads/partnership-tracker-laravel/pt-laravel/vendor/laravel/framework/src/Illuminate/Support/Facades/Facade.php(210): Illuminate/Support/Facades/Facade::resolveFacadeInstance()
#8 C:/Users/kings/Downloads/partnership-tracker-laravel/pt-laravel/vendor/laravel/framework/src/Illuminate/Support/Facades/Facade.php(355): Illuminate/Support/Facades/Facade::getFacadeRoot()
#9 C:/Users/kings/Downloads/partnership-tracker-laravel/pt-laravel/app/Providers/AppServiceProvider.php(34): Illuminate/Support/Facades/Facade::__callStatic()
#10 C:/Users/kings/Downloads/partnership-tracker-laravel/pt-laravel/vendor/laravel/framework/src/Illuminate/Container/BoundMethod.php(36): App/Providers/AppServiceProvider->boot()
#11 C:/Users/kings/Downloads/partnership-tracker-laravel/pt-laravel/vendor/laravel/framework/src/Illuminate/Container/Util.php(43): Illuminate/Container/BoundMethod::{closure:Illuminate/Container/BoundMethod::call():35}()
#12 C:/Users/kings/Downloads/partnership-tracker-laravel/pt-laravel/vendor/laravel/framework/src/Illuminate/Container/BoundMethod.php(95): Illuminate/Container/Util::unwrapIfClosure()
#13 C:/Users/kings/Downloads/partnership-tracker-laravel/pt-laravel/vendor/laravel/framework/src/Illuminate/Container/BoundMethod.php(35): Illuminate/Container/BoundMethod::callBoundMethod()
#14 C:/Users/kings/Downloads/partnership-tracker-laravel/pt-laravel/vendor/laravel/framework/src/Illuminate/Container/Container.php(696): Illuminate/Container/BoundMethod::call()
#15 C:/Users/kings/Downloads/partnership-tracker-laravel/pt-laravel/vendor/laravel/framework/src/Illuminate/Foundation/Application.php(1151): Illuminate/Container/Container->call()
#16 C:/Users/kings/Downloads/partnership-tracker-laravel/pt-laravel/vendor/laravel/framework/src/Illuminate/Foundation/Application.php(1132): Illuminate/Foundation/Application->bootProvider()
#17 [internal function]: Illuminate/Foundation/Application->{closure:Illuminate/Foundation/Application::boot():1131}()
#18 C:/Users/kings/Downloads/partnership-tracker-laravel/pt-laravel/vendor/laravel/framework/src/Illuminate/Foundation/Application.php(1131): array_walk()
#19 C:/Users/kings/Downloads/partnership-tracker-laravel/pt-laravel/vendor/laravel/framework/src/Illuminate/Foundation/Bootstrap/BootProviders.php(17): Illuminate/Foundation/Application->boot()
#20 C:/Users/kings/Downloads/partnership-tracker-laravel/pt-laravel/vendor/laravel/framework/src/Illuminate/Foundation/Application.php(342): Illuminate/Foundation/Bootstrap/BootProviders->bootstrap()
#21 C:/Users/kings/Downloads/partnership-tracker-laravel/pt-laravel/vendor/laravel/framework/src/Illuminate/Foundation/Console/Kernel.php(474): Illuminate/Foundation/Application->bootstrapWith()
#22 C:/Users/kings/Downloads/partnership-tracker-laravel/pt-laravel/vendor/laravel/framework/src/Illuminate/Foundation/Console/Kernel.php(196): Illuminate/Foundation/Console/Kernel->bootstrap()
#23 Command line code(1): Illuminate/Foundation/Console/Kernel->handle()
#24 {main}
"} 
[2026-07-13 19:16:20] production.ERROR: Target [Illuminate\Contracts\Auth\Access\Gate] is not instantiable while building [App\Providers\AppServiceProvider]. {"exception":"[object] (Illuminate\\Contracts\\Container\\BindingResolutionException(code: 0): Target [Illuminate\\Contracts\\Auth\\Access\\Gate] is not instantiable while building [App\\Providers\\AppServiceProvider]. at C:/Users/kings/Downloads/partnership-tracker-laravel/pt-laravel/vendor/laravel/framework/src/Illuminate/Container/Container.php:1216)
[stacktrace]
#0 C:/Users/kings/Downloads/partnership-tracker-laravel/pt-laravel/vendor/laravel/framework/src/Illuminate/Container/Container.php(968): Illuminate/Container/Container->notInstantiable()
#1 C:/Users/kings/Downloads/partnership-tracker-laravel/pt-laravel/vendor/laravel/framework/src/Illuminate/Container/Container.php(832): Illuminate/Container/Container->build()
#2 C:/Users/kings/Downloads/partnership-tracker-laravel/pt-laravel/vendor/laravel/framework/src/Illuminate/Foundation/Application.php(1078): Illuminate/Container/Container->resolve()
#3 C:/Users/kings/Downloads/partnership-tracker-laravel/pt-laravel/vendor/laravel/framework/src/Illuminate/Container/Container.php(763): Illuminate/Foundation/Application->resolve()
#4 C:/Users/kings/Downloads/partnership-tracker-laravel/pt-laravel/vendor/laravel/framework/src/Illuminate/Foundation/Application.php(1058): Illuminate/Container/Container->make()
#5 C:/Users/kings/Downloads/partnership-tracker-laravel/pt-laravel/vendor/laravel/framework/src/Illuminate/Container/Container.php(1580): Illuminate/Foundation/Application->make()
#6 C:/Users/kings/Downloads/partnership-tracker-laravel/pt-laravel/vendor/laravel/framework/src/Illuminate/Support/Facades/Facade.php(239): Illuminate/Container/Container->offsetGet()
#7 C:/Users/kings/Downloads/partnership-tracker-laravel/pt-laravel/vendor/laravel/framework/src/Illuminate/Support/Facades/Facade.php(210): Illuminate/Support/Facades/Facade::resolveFacadeInstance()
#8 C:/Users/kings/Downloads/partnership-tracker-laravel/pt-laravel/vendor/laravel/framework/src/Illuminate/Support/Facades/Facade.php(355): Illuminate/Support/Facades/Facade::getFacadeRoot()
#9 C:/Users/kings/Downloads/partnership-tracker-laravel/pt-laravel/app/Providers/AppServiceProvider.php(34): Illuminate/Support/Facades/Facade::__callStatic()
#10 C:/Users/kings/Downloads/partnership-tracker-laravel/pt-laravel/vendor/laravel/framework/src/Illuminate/Container/BoundMethod.php(36): App/Providers/AppServiceProvider->boot()
#11 C:/Users/kings/Downloads/partnership-tracker-laravel/pt-laravel/vendor/laravel/framework/src/Illuminate/Container/Util.php(43): Illuminate/Container/BoundMethod::{closure:Illuminate/Container/BoundMethod::call():35}()
#12 C:/Users/kings/Downloads/partnership-tracker-laravel/pt-laravel/vendor/laravel/framework/src/Illuminate/Container/BoundMethod.php(95): Illuminate/Container/Util::unwrapIfClosure()
#13 C:/Users/kings/Downloads/partnership-tracker-laravel/pt-laravel/vendor/laravel/framework/src/Illuminate/Container/BoundMethod.php(35): Illuminate/Container/BoundMethod::callBoundMethod()
#14 C:/Users/kings/Downloads/partnership-tracker-laravel/pt-laravel/vendor/laravel/framework/src/Illuminate/Container/Container.php(696): Illuminate/Container/BoundMethod::call()
#15 C:/Users/kings/Downloads/partnership-tracker-laravel/pt-laravel/vendor/laravel/framework/src/Illuminate/Foundation/Application.php(1151): Illuminate/Container/Container->call()
#16 C:/Users/kings/Downloads/partnership-tracker-laravel/pt-laravel/vendor/laravel/framework/src/Illuminate/Foundation/Application.php(1132): Illuminate/Foundation/Application->bootProvider()
#17 [internal function]: Illuminate/Foundation/Application->{closure:Illuminate/Foundation/Application::boot():1131}()
#18 C:/Users/kings/Downloads/partnership-tracker-laravel/pt-laravel/vendor/laravel/framework/src/Illuminate/Foundation/Application.php(1131): array_walk()
#19 C:/Users/kings/Downloads/partnership-tracker-laravel/pt-laravel/vendor/laravel/framework/src/Illuminate/Foundation/Bootstrap/BootProviders.php(17): Illuminate/Foundation/Application->boot()
#20 C:/Users/kings/Downloads/partnership-tracker-laravel/pt-laravel/vendor/laravel/framework/src/Illuminate/Foundation/Application.php(342): Illuminate/Foundation/Bootstrap/BootProviders->bootstrap()
#21 C:/Users/kings/Downloads/partnership-tracker-laravel/pt-laravel/vendor/laravel/framework/src/Illuminate/Foundation/Console/Kernel.php(474): Illuminate/Foundation/Application->bootstrapWith()
#22 C:/Users/kings/Downloads/partnership-tracker-laravel/pt-laravel/vendor/laravel/framework/src/Illuminate/Foundation/Console/Kernel.php(196): Illuminate/Foundation/Console/Kernel->bootstrap()
#23 Command line code(1): Illuminate/Foundation/Console/Kernel->handle()
#24 {main}
"} 
[2026-07-13 19:17:06] production.ERROR: Target [Illuminate\Contracts\Auth\Access\Gate] is not instantiable while building [App\Providers\AppServiceProvider]. {"exception":"[object] (Illuminate\\Contracts\\Container\\BindingResolutionException(code: 0): Target [Illuminate\\Contracts\\Auth\\Access\\Gate] is not instantiable while building [App\\Providers\\AppServiceProvider]. at C:/Users/kings/Downloads/partnership-tracker-laravel/pt-laravel/vendor/laravel/framework/src/Illuminate/Container/Container.php:1216)
[stacktrace]
#0 C:/Users/kings/Downloads/partnership-tracker-laravel/pt-laravel/vendor/laravel/framework/src/Illuminate/Container/Container.php(968): Illuminate/Container/Container->notInstantiable()
#1 C:/Users/kings/Downloads/partnership-tracker-laravel/pt-laravel/vendor/laravel/framework/src/Illuminate/Container/Container.php(832): Illuminate/Container/Container->build()
#2 C:/Users/kings/Downloads/partnership-tracker-laravel/pt-laravel/vendor/laravel/framework/src/Illuminate/Foundation/Application.php(1078): Illuminate/Container/Container->resolve()
#3 C:/Users/kings/Downloads/partnership-tracker-laravel/pt-laravel/vendor/laravel/framework/src/Illuminate/Container/Container.php(763): Illuminate/Foundation/Application->resolve()
#4 C:/Users/kings/Downloads/partnership-tracker-laravel/pt-laravel/vendor/laravel/framework/src/Illuminate/Foundation/Application.php(1058): Illuminate/Container/Container->make()
#5 C:/Users/kings/Downloads/partnership-tracker-laravel/pt-laravel/vendor/laravel/framework/src/Illuminate/Container/Container.php(1580): Illuminate/Foundation/Application->make()
#6 C:/Users/kings/Downloads/partnership-tracker-laravel/pt-laravel/vendor/laravel/framework/src/Illuminate/Support/Facades/Facade.php(239): Illuminate/Container/Container->offsetGet()
#7 C:/Users/kings/Downloads/partnership-tracker-laravel/pt-laravel/vendor/laravel/framework/src/Illuminate/Support/Facades/Facade.php(210): Illuminate/Support/Facades/Facade::resolveFacadeInstance()
#8 C:/Users/kings/Downloads/partnership-tracker-laravel/pt-laravel/vendor/laravel/framework/src/Illuminate/Support/Facades/Facade.php(355): Illuminate/Support/Facades/Facade::getFacadeRoot()
#9 C:/Users/kings/Downloads/partnership-tracker-laravel/pt-laravel/app/Providers/AppServiceProvider.php(34): Illuminate/Support/Facades/Facade::__callStatic()
#10 C:/Users/kings/Downloads/partnership-tracker-laravel/pt-laravel/vendor/laravel/framework/src/Illuminate/Container/BoundMethod.php(36): App/Providers/AppServiceProvider->boot()
#11 C:/Users/kings/Downloads/partnership-tracker-laravel/pt-laravel/vendor/laravel/framework/src/Illuminate/Container/Util.php(43): Illuminate/Container/BoundMethod::{closure:Illuminate/Container/BoundMethod::call():35}()
#12 C:/Users/kings/Downloads/partnership-tracker-laravel/pt-laravel/vendor/laravel/framework/src/Illuminate/Container/BoundMethod.php(95): Illuminate/Container/Util::unwrapIfClosure()
#13 C:/Users/kings/Downloads/partnership-tracker-laravel/pt-laravel/vendor/laravel/framework/src/Illuminate/Container/BoundMethod.php(35): Illuminate/Container/BoundMethod::callBoundMethod()
#14 C:/Users/kings/Downloads/partnership-tracker-laravel/pt-laravel/vendor/laravel/framework/src/Illuminate/Container/Container.php(696): Illuminate/Container/BoundMethod::call()
#15 C:/Users/kings/Downloads/partnership-tracker-laravel/pt-laravel/vendor/laravel/framework/src/Illuminate/Foundation/Application.php(1151): Illuminate/Container/Container->call()
#16 C:/Users/kings/Downloads/partnership-tracker-laravel/pt-laravel/vendor/laravel/framework/src/Illuminate/Foundation/Application.php(1132): Illuminate/Foundation/Application->bootProvider()
#17 [internal function]: Illuminate/Foundation/Application->{closure:Illuminate/Foundation/Application::boot():1131}()
#18 C:/Users/kings/Downloads/partnership-tracker-laravel/pt-laravel/vendor/laravel/framework/src/Illuminate/Foundation/Application.php(1131): array_walk()
#19 C:/Users/kings/Downloads/partnership-tracker-laravel/pt-laravel/vendor/laravel/framework/src/Illuminate/Foundation/Bootstrap/BootProviders.php(17): Illuminate/Foundation/Application->boot()
#20 C:/Users/kings/Downloads/partnership-tracker-laravel/pt-laravel/vendor/laravel/framework/src/Illuminate/Foundation/Application.php(342): Illuminate/Foundation/Bootstrap/BootProviders->bootstrap()
#21 C:/Users/kings/Downloads/partnership-tracker-laravel/pt-laravel/vendor/laravel/framework/src/Illuminate/Foundation/Console/Kernel.php(474): Illuminate/Foundation/Application->bootstrapWith()
#22 C:/Users/kings/Downloads/partnership-tracker-laravel/pt-laravel/vendor/laravel/framework/src/Illuminate/Foundation/Console/Kernel.php(196): Illuminate/Foundation/Console/Kernel->bootstrap()
#23 C:/Users/kings/Downloads/partnership-tracker-laravel/pt-laravel/vendor/laravel/framework/src/Illuminate/Foundation/Application.php(1235): Illuminate/Foundation/Console/Kernel->handle()
#24 C:/Users/kings/Downloads/partnership-tracker-laravel/pt-laravel/artisan(12): Illuminate/Foundation/Application->handleCommand()
#25 {main}
"} 
[2026-07-13 19:17:07] production.ERROR: Target [Illuminate\Contracts\Auth\Access\Gate] is not instantiable while building [App\Providers\AppServiceProvider]. {"exception":"[object] (Illuminate\\Contracts\\Container\\BindingResolutionException(code: 0): Target [Illuminate\\Contracts\\Auth\\Access\\Gate] is not instantiable while building [App\\Providers\\AppServiceProvider]. at C:/Users/kings/Downloads/partnership-tracker-laravel/pt-laravel/vendor/laravel/framework/src/Illuminate/Container/Container.php:1216)
[stacktrace]
#0 C:/Users/kings/Downloads/partnership-tracker-laravel/pt-laravel/vendor/laravel/framework/src/Illuminate/Container/Container.php(968): Illuminate/Container/Container->notInstantiable()
#1 C:/Users/kings/Downloads/partnership-tracker-laravel/pt-laravel/vendor/laravel/framework/src/Illuminate/Container/Container.php(832): Illuminate/Container/Container->build()
#2 C:/Users/kings/Downloads/partnership-tracker-laravel/pt-laravel/vendor/laravel/framework/src/Illuminate/Foundation/Application.php(1078): Illuminate/Container/Container->resolve()
#3 C:/Users/kings/Downloads/partnership-tracker-laravel/pt-laravel/vendor/laravel/framework/src/Illuminate/Container/Container.php(763): Illuminate/Foundation/Application->resolve()
#4 C:/Users/kings/Downloads/partnership-tracker-laravel/pt-laravel/vendor/laravel/framework/src/Illuminate/Foundation/Application.php(1058): Illuminate/Container/Container->make()
#5 C:/Users/kings/Downloads/partnership-tracker-laravel/pt-laravel/vendor/laravel/framework/src/Illuminate/Container/Container.php(1580): Illuminate/Foundation/Application->make()
#6 C:/Users/kings/Downloads/partnership-tracker-laravel/pt-laravel/vendor/laravel/framework/src/Illuminate/Support/Facades/Facade.php(239): Illuminate/Container/Container->offsetGet()
#7 C:/Users/kings/Downloads/partnership-tracker-laravel/pt-laravel/vendor/laravel/framework/src/Illuminate/Support/Facades/Facade.php(210): Illuminate/Support/Facades/Facade::resolveFacadeInstance()
#8 C:/Users/kings/Downloads/partnership-tracker-laravel/pt-laravel/vendor/laravel/framework/src/Illuminate/Support/Facades/Facade.php(355): Illuminate/Support/Facades/Facade::getFacadeRoot()
#9 C:/Users/kings/Downloads/partnership-tracker-laravel/pt-laravel/app/Providers/AppServiceProvider.php(34): Illuminate/Support/Facades/Facade::__callStatic()
#10 C:/Users/kings/Downloads/partnership-tracker-laravel/pt-laravel/vendor/laravel/framework/src/Illuminate/Container/BoundMethod.php(36): App/Providers/AppServiceProvider->boot()
#11 C:/Users/kings/Downloads/partnership-tracker-laravel/pt-laravel/vendor/laravel/framework/src/Illuminate/Container/Util.php(43): Illuminate/Container/BoundMethod::{closure:Illuminate/Container/BoundMethod::call():35}()
#12 C:/Users/kings/Downloads/partnership-tracker-laravel/pt-laravel/vendor/laravel/framework/src/Illuminate/Container/BoundMethod.php(95): Illuminate/Container/Util::unwrapIfClosure()
#13 C:/Users/kings/Downloads/partnership-tracker-laravel/pt-laravel/vendor/laravel/framework/src/Illuminate/Container/BoundMethod.php(35): Illuminate/Container/BoundMethod::callBoundMethod()
#14 C:/Users/kings/Downloads/partnership-tracker-laravel/pt-laravel/vendor/laravel/framework/src/Illuminate/Container/Container.php(696): Illuminate/Container/BoundMethod::call()
#15 C:/Users/kings/Downloads/partnership-tracker-laravel/pt-laravel/vendor/laravel/framework/src/Illuminate/Foundation/Application.php(1151): Illuminate/Container/Container->call()
#16 C:/Users/kings/Downloads/partnership-tracker-laravel/pt-laravel/vendor/laravel/framework/src/Illuminate/Foundation/Application.php(1132): Illuminate/Foundation/Application->bootProvider()
#17 [internal function]: Illuminate/Foundation/Application->{closure:Illuminate/Foundation/Application::boot():1131}()
#18 C:/Users/kings/Downloads/partnership-tracker-laravel/pt-laravel/vendor/laravel/framework/src/Illuminate/Foundation/Application.php(1131): array_walk()
#19 C:/Users/kings/Downloads/partnership-tracker-laravel/pt-laravel/vendor/laravel/framework/src/Illuminate/Foundation/Bootstrap/BootProviders.php(17): Illuminate/Foundation/Application->boot()
#20 C:/Users/kings/Downloads/partnership-tracker-laravel/pt-laravel/vendor/laravel/framework/src/Illuminate/Foundation/Application.php(342): Illuminate/Foundation/Bootstrap/BootProviders->bootstrap()
#21 C:/Users/kings/Downloads/partnership-tracker-laravel/pt-laravel/vendor/laravel/framework/src/Illuminate/Foundation/Console/Kernel.php(474): Illuminate/Foundation/Application->bootstrapWith()
#22 C:/Users/kings/Downloads/partnership-tracker-laravel/pt-laravel/vendor/laravel/framework/src/Illuminate/Foundation/Console/Kernel.php(196): Illuminate/Foundation/Console/Kernel->bootstrap()
#23 C:/Users/kings/Downloads/partnership-tracker-laravel/pt-laravel/vendor/laravel/framework/src/Illuminate/Foundation/Application.php(1235): Illuminate/Foundation/Console/Kernel->handle()
#24 C:/Users/kings/Downloads/partnership-tracker-laravel/pt-laravel/artisan(12): Illuminate/Foundation/Application->handleCommand()
#25 {main}
"} 
[2026-07-13 19:17:08] production.ERROR: Target [Illuminate\Contracts\Auth\Access\Gate] is not instantiable while building [App\Providers\AppServiceProvider]. {"exception":"[object] (Illuminate\\Contracts\\Container\\BindingResolutionException(code: 0): Target [Illuminate\\Contracts\\Auth\\Access\\Gate] is not instantiable while building [App\\Providers\\AppServiceProvider]. at C:/Users/kings/Downloads/partnership-tracker-laravel/pt-laravel/vendor/laravel/framework/src/Illuminate/Container/Container.php:1216)
[stacktrace]
#0 C:/Users/kings/Downloads/partnership-tracker-laravel/pt-laravel/vendor/laravel/framework/src/Illuminate/Container/Container.php(968): Illuminate/Container/Container->notInstantiable()
#1 C:/Users/kings/Downloads/partnership-tracker-laravel/pt-laravel/vendor/laravel/framework/src/Illuminate/Container/Container.php(832): Illuminate/Container/Container->build()
#2 C:/Users/kings/Downloads/partnership-tracker-laravel/pt-laravel/vendor/laravel/framework/src/Illuminate/Foundation/Application.php(1078): Illuminate/Container/Container->resolve()
#3 C:/Users/kings/Downloads/partnership-tracker-laravel/pt-laravel/vendor/laravel/framework/src/Illuminate/Container/Container.php(763): Illuminate/Foundation/Application->resolve()
#4 C:/Users/kings/Downloads/partnership-tracker-laravel/pt-laravel/vendor/laravel/framework/src/Illuminate/Foundation/Application.php(1058): Illuminate/Container/Container->make()
#5 C:/Users/kings/Downloads/partnership-tracker-laravel/pt-laravel/vendor/laravel/framework/src/Illuminate/Container/Container.php(1580): Illuminate/Foundation/Application->make()
#6 C:/Users/kings/Downloads/partnership-tracker-laravel/pt-laravel/vendor/laravel/framework/src/Illuminate/Support/Facades/Facade.php(239): Illuminate/Container/Container->offsetGet()
#7 C:/Users/kings/Downloads/partnership-tracker-laravel/pt-laravel/vendor/laravel/framework/src/Illuminate/Support/Facades/Facade.php(210): Illuminate/Support/Facades/Facade::resolveFacadeInstance()
#8 C:/Users/kings/Downloads/partnership-tracker-laravel/pt-laravel/vendor/laravel/framework/src/Illuminate/Support/Facades/Facade.php(355): Illuminate/Support/Facades/Facade::getFacadeRoot()
#9 C:/Users/kings/Downloads/partnership-tracker-laravel/pt-laravel/app/Providers/AppServiceProvider.php(34): Illuminate/Support/Facades/Facade::__callStatic()
#10 C:/Users/kings/Downloads/partnership-tracker-laravel/pt-laravel/vendor/laravel/framework/src/Illuminate/Container/BoundMethod.php(36): App/Providers/AppServiceProvider->boot()
#11 C:/Users/kings/Downloads/partnership-tracker-laravel/pt-laravel/vendor/laravel/framework/src/Illuminate/Container/Util.php(43): Illuminate/Container/BoundMethod::{closure:Illuminate/Container/BoundMethod::call():35}()
#12 C:/Users/kings/Downloads/partnership-tracker-laravel/pt-laravel/vendor/laravel/framework/src/Illuminate/Container/BoundMethod.php(95): Illuminate/Container/Util::unwrapIfClosure()
#13 C:/Users/kings/Downloads/partnership-tracker-laravel/pt-laravel/vendor/laravel/framework/src/Illuminate/Container/BoundMethod.php(35): Illuminate/Container/BoundMethod::callBoundMethod()
#14 C:/Users/kings/Downloads/partnership-tracker-laravel/pt-laravel/vendor/laravel/framework/src/Illuminate/Container/Container.php(696): Illuminate/Container/BoundMethod::call()
#15 C:/Users/kings/Downloads/partnership-tracker-laravel/pt-laravel/vendor/laravel/framework/src/Illuminate/Foundation/Application.php(1151): Illuminate/Container/Container->call()
#16 C:/Users/kings/Downloads/partnership-tracker-laravel/pt-laravel/vendor/laravel/framework/src/Illuminate/Foundation/Application.php(1132): Illuminate/Foundation/Application->bootProvider()
#17 [internal function]: Illuminate/Foundation/Application->{closure:Illuminate/Foundation/Application::boot():1131}()
#18 C:/Users/kings/Downloads/partnership-tracker-laravel/pt-laravel/vendor/laravel/framework/src/Illuminate/Foundation/Application.php(1131): array_walk()
#19 C:/Users/kings/Downloads/partnership-tracker-laravel/pt-laravel/vendor/laravel/framework/src/Illuminate/Foundation/Bootstrap/BootProviders.php(17): Illuminate/Foundation/Application->boot()
#20 C:/Users/kings/Downloads/partnership-tracker-laravel/pt-laravel/vendor/laravel/framework/src/Illuminate/Foundation/Application.php(342): Illuminate/Foundation/Bootstrap/BootProviders->bootstrap()
#21 C:/Users/kings/Downloads/partnership-tracker-laravel/pt-laravel/vendor/laravel/framework/src/Illuminate/Foundation/Console/Kernel.php(474): Illuminate/Foundation/Application->bootstrapWith()
#22 C:/Users/kings/Downloads/partnership-tracker-laravel/pt-laravel/vendor/laravel/framework/src/Illuminate/Foundation/Console/Kernel.php(196): Illuminate/Foundation/Console/Kernel->bootstrap()
#23 C:/Users/kings/Downloads/partnership-tracker-laravel/pt-laravel/vendor/laravel/framework/src/Illuminate/Foundation/Application.php(1235): Illuminate/Foundation/Console/Kernel->handle()
#24 C:/Users/kings/Downloads/partnership-tracker-laravel/pt-laravel/artisan(12): Illuminate/Foundation/Application->handleCommand()
#25 {main}
"} 
[2026-07-13 19:17:20] production.ERROR: Target [Illuminate\Contracts\Auth\Access\Gate] is not instantiable while building [App\Providers\AppServiceProvider]. {"exception":"[object] (Illuminate\\Contracts\\Container\\BindingResolutionException(code: 0): Target [Illuminate\\Contracts\\Auth\\Access\\Gate] is not instantiable while building [App\\Providers\\AppServiceProvider]. at C:/Users/kings/Downloads/partnership-tracker-laravel/pt-laravel/vendor/laravel/framework/src/Illuminate/Container/Container.php:1216)
[stacktrace]
#0 C:/Users/kings/Downloads/partnership-tracker-laravel/pt-laravel/vendor/laravel/framework/src/Illuminate/Container/Container.php(968): Illuminate/Container/Container->notInstantiable()
#1 C:/Users/kings/Downloads/partnership-tracker-laravel/pt-laravel/vendor/laravel/framework/src/Illuminate/Container/Container.php(832): Illuminate/Container/Container->build()
#2 C:/Users/kings/Downloads/partnership-tracker-laravel/pt-laravel/vendor/laravel/framework/src/Illuminate/Foundation/Application.php(1078): Illuminate/Container/Container->resolve()
#3 C:/Users/kings/Downloads/partnership-tracker-laravel/pt-laravel/vendor/laravel/framework/src/Illuminate/Container/Container.php(763): Illuminate/Foundation/Application->resolve()
#4 C:/Users/kings/Downloads/partnership-tracker-laravel/pt-laravel/vendor/laravel/framework/src/Illuminate/Foundation/Application.php(1058): Illuminate/Container/Container->make()
#5 C:/Users/kings/Downloads/partnership-tracker-laravel/pt-laravel/vendor/laravel/framework/src/Illuminate/Container/Container.php(1580): Illuminate/Foundation/Application->make()
#6 C:/Users/kings/Downloads/partnership-tracker-laravel/pt-laravel/vendor/laravel/framework/src/Illuminate/Support/Facades/Facade.php(239): Illuminate/Container/Container->offsetGet()
#7 C:/Users/kings/Downloads/partnership-tracker-laravel/pt-laravel/vendor/laravel/framework/src/Illuminate/Support/Facades/Facade.php(210): Illuminate/Support/Facades/Facade::resolveFacadeInstance()
#8 C:/Users/kings/Downloads/partnership-tracker-laravel/pt-laravel/vendor/laravel/framework/src/Illuminate/Support/Facades/Facade.php(355): Illuminate/Support/Facades/Facade::getFacadeRoot()
#9 C:/Users/kings/Downloads/partnership-tracker-laravel/pt-laravel/app/Providers/AppServiceProvider.php(34): Illuminate/Support/Facades/Facade::__callStatic()
#10 C:/Users/kings/Downloads/partnership-tracker-laravel/pt-laravel/vendor/laravel/framework/src/Illuminate/Container/BoundMethod.php(36): App/Providers/AppServiceProvider->boot()
#11 C:/Users/kings/Downloads/partnership-tracker-laravel/pt-laravel/vendor/laravel/framework/src/Illuminate/Container/Util.php(43): Illuminate/Container/BoundMethod::{closure:Illuminate/Container/BoundMethod::call():35}()
#12 C:/Users/kings/Downloads/partnership-tracker-laravel/pt-laravel/vendor/laravel/framework/src/Illuminate/Container/BoundMethod.php(95): Illuminate/Container/Util::unwrapIfClosure()
#13 C:/Users/kings/Downloads/partnership-tracker-laravel/pt-laravel/vendor/laravel/framework/src/Illuminate/Container/BoundMethod.php(35): Illuminate/Container/BoundMethod::callBoundMethod()
#14 C:/Users/kings/Downloads/partnership-tracker-laravel/pt-laravel/vendor/laravel/framework/src/Illuminate/Container/Container.php(696): Illuminate/Container/BoundMethod::call()
#15 C:/Users/kings/Downloads/partnership-tracker-laravel/pt-laravel/vendor/laravel/framework/src/Illuminate/Foundation/Application.php(1151): Illuminate/Container/Container->call()
#16 C:/Users/kings/Downloads/partnership-tracker-laravel/pt-laravel/vendor/laravel/framework/src/Illuminate/Foundation/Application.php(1132): Illuminate/Foundation/Application->bootProvider()
#17 [internal function]: Illuminate/Foundation/Application->{closure:Illuminate/Foundation/Application::boot():1131}()
#18 C:/Users/kings/Downloads/partnership-tracker-laravel/pt-laravel/vendor/laravel/framework/src/Illuminate/Foundation/Application.php(1131): array_walk()
#19 C:/Users/kings/Downloads/partnership-tracker-laravel/pt-laravel/vendor/laravel/framework/src/Illuminate/Foundation/Bootstrap/BootProviders.php(17): Illuminate/Foundation/Application->boot()
#20 C:/Users/kings/Downloads/partnership-tracker-laravel/pt-laravel/vendor/laravel/framework/src/Illuminate/Foundation/Application.php(342): Illuminate/Foundation/Bootstrap/BootProviders->bootstrap()
#21 C:/Users/kings/Downloads/partnership-tracker-laravel/pt-laravel/vendor/laravel/framework/src/Illuminate/Foundation/Console/Kernel.php(474): Illuminate/Foundation/Application->bootstrapWith()
#22 C:/Users/kings/Downloads/partnership-tracker-laravel/pt-laravel/vendor/laravel/framework/src/Illuminate/Foundation/Console/Kernel.php(196): Illuminate/Foundation/Console/Kernel->bootstrap()
#23 Command line code(1): Illuminate/Foundation/Console/Kernel->handle()
#24 {main}
"} 
[2026-07-13 19:17:20] production.ERROR: Target [Illuminate\Contracts\Auth\Access\Gate] is not instantiable while building [App\Providers\AppServiceProvider]. {"exception":"[object] (Illuminate\\Contracts\\Container\\BindingResolutionException(code: 0): Target [Illuminate\\Contracts\\Auth\\Access\\Gate] is not instantiable while building [App\\Providers\\AppServiceProvider]. at C:/Users/kings/Downloads/partnership-tracker-laravel/pt-laravel/vendor/laravel/framework/src/Illuminate/Container/Container.php:1216)
[stacktrace]
#0 C:/Users/kings/Downloads/partnership-tracker-laravel/pt-laravel/vendor/laravel/framework/src/Illuminate/Container/Container.php(968): Illuminate/Container/Container->notInstantiable()
#1 C:/Users/kings/Downloads/partnership-tracker-laravel/pt-laravel/vendor/laravel/framework/src/Illuminate/Container/Container.php(832): Illuminate/Container/Container->build()
#2 C:/Users/kings/Downloads/partnership-tracker-laravel/pt-laravel/vendor/laravel/framework/src/Illuminate/Foundation/Application.php(1078): Illuminate/Container/Container->resolve()
#3 C:/Users/kings/Downloads/partnership-tracker-laravel/pt-laravel/vendor/laravel/framework/src/Illuminate/Container/Container.php(763): Illuminate/Foundation/Application->resolve()
#4 C:/Users/kings/Downloads/partnership-tracker-laravel/pt-laravel/vendor/laravel/framework/src/Illuminate/Foundation/Application.php(1058): Illuminate/Container/Container->make()
#5 C:/Users/kings/Downloads/partnership-tracker-laravel/pt-laravel/vendor/laravel/framework/src/Illuminate/Container/Container.php(1580): Illuminate/Foundation/Application->make()
#6 C:/Users/kings/Downloads/partnership-tracker-laravel/pt-laravel/vendor/laravel/framework/src/Illuminate/Support/Facades/Facade.php(239): Illuminate/Container/Container->offsetGet()
#7 C:/Users/kings/Downloads/partnership-tracker-laravel/pt-laravel/vendor/laravel/framework/src/Illuminate/Support/Facades/Facade.php(210): Illuminate/Support/Facades/Facade::resolveFacadeInstance()
#8 C:/Users/kings/Downloads/partnership-tracker-laravel/pt-laravel/vendor/laravel/framework/src/Illuminate/Support/Facades/Facade.php(355): Illuminate/Support/Facades/Facade::getFacadeRoot()
#9 C:/Users/kings/Downloads/partnership-tracker-laravel/pt-laravel/app/Providers/AppServiceProvider.php(34): Illuminate/Support/Facades/Facade::__callStatic()
#10 C:/Users/kings/Downloads/partnership-tracker-laravel/pt-laravel/vendor/laravel/framework/src/Illuminate/Container/BoundMethod.php(36): App/Providers/AppServiceProvider->boot()
#11 C:/Users/kings/Downloads/partnership-tracker-laravel/pt-laravel/vendor/laravel/framework/src/Illuminate/Container/Util.php(43): Illuminate/Container/BoundMethod::{closure:Illuminate/Container/BoundMethod::call():35}()
#12 C:/Users/kings/Downloads/partnership-tracker-laravel/pt-laravel/vendor/laravel/framework/src/Illuminate/Container/BoundMethod.php(95): Illuminate/Container/Util::unwrapIfClosure()
#13 C:/Users/kings/Downloads/partnership-tracker-laravel/pt-laravel/vendor/laravel/framework/src/Illuminate/Container/BoundMethod.php(35): Illuminate/Container/BoundMethod::callBoundMethod()
#14 C:/Users/kings/Downloads/partnership-tracker-laravel/pt-laravel/vendor/laravel/framework/src/Illuminate/Container/Container.php(696): Illuminate/Container/BoundMethod::call()
#15 C:/Users/kings/Downloads/partnership-tracker-laravel/pt-laravel/vendor/laravel/framework/src/Illuminate/Foundation/Application.php(1151): Illuminate/Container/Container->call()
#16 C:/Users/kings/Downloads/partnership-tracker-laravel/pt-laravel/vendor/laravel/framework/src/Illuminate/Foundation/Application.php(1132): Illuminate/Foundation/Application->bootProvider()
#17 [internal function]: Illuminate/Foundation/Application->{closure:Illuminate/Foundation/Application::boot():1131}()
#18 C:/Users/kings/Downloads/partnership-tracker-laravel/pt-laravel/vendor/laravel/framework/src/Illuminate/Foundation/Application.php(1131): array_walk()
#19 C:/Users/kings/Downloads/partnership-tracker-laravel/pt-laravel/vendor/laravel/framework/src/Illuminate/Foundation/Bootstrap/BootProviders.php(17): Illuminate/Foundation/Application->boot()
#20 C:/Users/kings/Downloads/partnership-tracker-laravel/pt-laravel/vendor/laravel/framework/src/Illuminate/Foundation/Application.php(342): Illuminate/Foundation/Bootstrap/BootProviders->bootstrap()
#21 C:/Users/kings/Downloads/partnership-tracker-laravel/pt-laravel/vendor/laravel/framework/src/Illuminate/Foundation/Console/Kernel.php(474): Illuminate/Foundation/Application->bootstrapWith()
#22 C:/Users/kings/Downloads/partnership-tracker-laravel/pt-laravel/vendor/laravel/framework/src/Illuminate/Foundation/Console/Kernel.php(196): Illuminate/Foundation/Console/Kernel->bootstrap()
#23 Command line code(1): Illuminate/Foundation/Console/Kernel->handle()
#24 {main}
"} 
[2026-07-13 19:18:20] production.ERROR: Target [Illuminate\Contracts\Auth\Access\Gate] is not instantiable while building [App\Providers\AppServiceProvider]. {"exception":"[object] (Illuminate\\Contracts\\Container\\BindingResolutionException(code: 0): Target [Illuminate\\Contracts\\Auth\\Access\\Gate] is not instantiable while building [App\\Providers\\AppServiceProvider]. at C:/Users/kings/Downloads/partnership-tracker-laravel/pt-laravel/vendor/laravel/framework/src/Illuminate/Container/Container.php:1216)
[stacktrace]
#0 C:/Users/kings/Downloads/partnership-tracker-laravel/pt-laravel/vendor/laravel/framework/src/Illuminate/Container/Container.php(968): Illuminate/Container/Container->notInstantiable()
#1 C:/Users/kings/Downloads/partnership-tracker-laravel/pt-laravel/vendor/laravel/framework/src/Illuminate/Container/Container.php(832): Illuminate/Container/Container->build()
#2 C:/Users/kings/Downloads/partnership-tracker-laravel/pt-laravel/vendor/laravel/framework/src/Illuminate/Foundation/Application.php(1078): Illuminate/Container/Container->resolve()
#3 C:/Users/kings/Downloads/partnership-tracker-laravel/pt-laravel/vendor/laravel/framework/src/Illuminate/Container/Container.php(763): Illuminate/Foundation/Application->resolve()
#4 C:/Users/kings/Downloads/partnership-tracker-laravel/pt-laravel/vendor/laravel/framework/src/Illuminate/Foundation/Application.php(1058): Illuminate/Container/Container->make()
#5 C:/Users/kings/Downloads/partnership-tracker-laravel/pt-laravel/vendor/laravel/framework/src/Illuminate/Container/Container.php(1580): Illuminate/Foundation/Application->make()
#6 C:/Users/kings/Downloads/partnership-tracker-laravel/pt-laravel/vendor/laravel/framework/src/Illuminate/Support/Facades/Facade.php(239): Illuminate/Container/Container->offsetGet()
#7 C:/Users/kings/Downloads/partnership-tracker-laravel/pt-laravel/vendor/laravel/framework/src/Illuminate/Support/Facades/Facade.php(210): Illuminate/Support/Facades/Facade::resolveFacadeInstance()
#8 C:/Users/kings/Downloads/partnership-tracker-laravel/pt-laravel/vendor/laravel/framework/src/Illuminate/Support/Facades/Facade.php(355): Illuminate/Support/Facades/Facade::getFacadeRoot()
#9 C:/Users/kings/Downloads/partnership-tracker-laravel/pt-laravel/app/Providers/AppServiceProvider.php(34): Illuminate/Support/Facades/Facade::__callStatic()
#10 C:/Users/kings/Downloads/partnership-tracker-laravel/pt-laravel/vendor/laravel/framework/src/Illuminate/Container/BoundMethod.php(36): App/Providers/AppServiceProvider->boot()
#11 C:/Users/kings/Downloads/partnership-tracker-laravel/pt-laravel/vendor/laravel/framework/src/Illuminate/Container/Util.php(43): Illuminate/Container/BoundMethod::{closure:Illuminate/Container/BoundMethod::call():35}()
#12 C:/Users/kings/Downloads/partnership-tracker-laravel/pt-laravel/vendor/laravel/framework/src/Illuminate/Container/BoundMethod.php(95): Illuminate/Container/Util::unwrapIfClosure()
#13 C:/Users/kings/Downloads/partnership-tracker-laravel/pt-laravel/vendor/laravel/framework/src/Illuminate/Container/BoundMethod.php(35): Illuminate/Container/BoundMethod::callBoundMethod()
#14 C:/Users/kings/Downloads/partnership-tracker-laravel/pt-laravel/vendor/laravel/framework/src/Illuminate/Container/Container.php(696): Illuminate/Container/BoundMethod::call()
#15 C:/Users/kings/Downloads/partnership-tracker-laravel/pt-laravel/vendor/laravel/framework/src/Illuminate/Foundation/Application.php(1151): Illuminate/Container/Container->call()
#16 C:/Users/kings/Downloads/partnership-tracker-laravel/pt-laravel/vendor/laravel/framework/src/Illuminate/Foundation/Application.php(1132): Illuminate/Foundation/Application->bootProvider()
#17 [internal function]: Illuminate/Foundation/Application->{closure:Illuminate/Foundation/Application::boot():1131}()
#18 C:/Users/kings/Downloads/partnership-tracker-laravel/pt-laravel/vendor/laravel/framework/src/Illuminate/Foundation/Application.php(1131): array_walk()
#19 C:/Users/kings/Downloads/partnership-tracker-laravel/pt-laravel/vendor/laravel/framework/src/Illuminate/Foundation/Bootstrap/BootProviders.php(17): Illuminate/Foundation/Application->boot()
#20 C:/Users/kings/Downloads/partnership-tracker-laravel/pt-laravel/vendor/laravel/framework/src/Illuminate/Foundation/Application.php(342): Illuminate/Foundation/Bootstrap/BootProviders->bootstrap()
#21 C:/Users/kings/Downloads/partnership-tracker-laravel/pt-laravel/vendor/laravel/framework/src/Illuminate/Foundation/Console/Kernel.php(474): Illuminate/Foundation/Application->bootstrapWith()
#22 C:/Users/kings/Downloads/partnership-tracker-laravel/pt-laravel/vendor/laravel/framework/src/Illuminate/Foundation/Console/Kernel.php(196): Illuminate/Foundation/Console/Kernel->bootstrap()
#23 Command line code(1): Illuminate/Foundation/Console/Kernel->handle()
#24 {main}
"} 
[2026-07-13 19:18:20] production.ERROR: Target [Illuminate\Contracts\Auth\Access\Gate] is not instantiable while building [App\Providers\AppServiceProvider]. {"exception":"[object] (Illuminate\\Contracts\\Container\\BindingResolutionException(code: 0): Target [Illuminate\\Contracts\\Auth\\Access\\Gate] is not instantiable while building [App\\Providers\\AppServiceProvider]. at C:/Users/kings/Downloads/partnership-tracker-laravel/pt-laravel/vendor/laravel/framework/src/Illuminate/Container/Container.php:1216)
[stacktrace]
#0 C:/Users/kings/Downloads/partnership-tracker-laravel/pt-laravel/vendor/laravel/framework/src/Illuminate/Container/Container.php(968): Illuminate/Container/Container->notInstantiable()
#1 C:/Users/kings/Downloads/partnership-tracker-laravel/pt-laravel/vendor/laravel/framework/src/Illuminate/Container/Container.php(832): Illuminate/Container/Container->build()
#2 C:/Users/kings/Downloads/partnership-tracker-laravel/pt-laravel/vendor/laravel/framework/src/Illuminate/Foundation/Application.php(1078): Illuminate/Container/Container->resolve()
#3 C:/Users/kings/Downloads/partnership-tracker-laravel/pt-laravel/vendor/laravel/framework/src/Illuminate/Container/Container.php(763): Illuminate/Foundation/Application->resolve()
#4 C:/Users/kings/Downloads/partnership-tracker-laravel/pt-laravel/vendor/laravel/framework/src/Illuminate/Foundation/Application.php(1058): Illuminate/Container/Container->make()
#5 C:/Users/kings/Downloads/partnership-tracker-laravel/pt-laravel/vendor/laravel/framework/src/Illuminate/Container/Container.php(1580): Illuminate/Foundation/Application->make()
#6 C:/Users/kings/Downloads/partnership-tracker-laravel/pt-laravel/vendor/laravel/framework/src/Illuminate/Support/Facades/Facade.php(239): Illuminate/Container/Container->offsetGet()
#7 C:/Users/kings/Downloads/partnership-tracker-laravel/pt-laravel/vendor/laravel/framework/src/Illuminate/Support/Facades/Facade.php(210): Illuminate/Support/Facades/Facade::resolveFacadeInstance()
#8 C:/Users/kings/Downloads/partnership-tracker-laravel/pt-laravel/vendor/laravel/framework/src/Illuminate/Support/Facades/Facade.php(355): Illuminate/Support/Facades/Facade::getFacadeRoot()
#9 C:/Users/kings/Downloads/partnership-tracker-laravel/pt-laravel/app/Providers/AppServiceProvider.php(34): Illuminate/Support/Facades/Facade::__callStatic()
#10 C:/Users/kings/Downloads/partnership-tracker-laravel/pt-laravel/vendor/laravel/framework/src/Illuminate/Container/BoundMethod.php(36): App/Providers/AppServiceProvider->boot()
#11 C:/Users/kings/Downloads/partnership-tracker-laravel/pt-laravel/vendor/laravel/framework/src/Illuminate/Container/Util.php(43): Illuminate/Container/BoundMethod::{closure:Illuminate/Container/BoundMethod::call():35}()
#12 C:/Users/kings/Downloads/partnership-tracker-laravel/pt-laravel/vendor/laravel/framework/src/Illuminate/Container/BoundMethod.php(95): Illuminate/Container/Util::unwrapIfClosure()
#13 C:/Users/kings/Downloads/partnership-tracker-laravel/pt-laravel/vendor/laravel/framework/src/Illuminate/Container/BoundMethod.php(35): Illuminate/Container/BoundMethod::callBoundMethod()
#14 C:/Users/kings/Downloads/partnership-tracker-laravel/pt-laravel/vendor/laravel/framework/src/Illuminate/Container/Container.php(696): Illuminate/Container/BoundMethod::call()
#15 C:/Users/kings/Downloads/partnership-tracker-laravel/pt-laravel/vendor/laravel/framework/src/Illuminate/Foundation/Application.php(1151): Illuminate/Container/Container->call()
#16 C:/Users/kings/Downloads/partnership-tracker-laravel/pt-laravel/vendor/laravel/framework/src/Illuminate/Foundation/Application.php(1132): Illuminate/Foundation/Application->bootProvider()
#17 [internal function]: Illuminate/Foundation/Application->{closure:Illuminate/Foundation/Application::boot():1131}()
#18 C:/Users/kings/Downloads/partnership-tracker-laravel/pt-laravel/vendor/laravel/framework/src/Illuminate/Foundation/Application.php(1131): array_walk()
#19 C:/Users/kings/Downloads/partnership-tracker-laravel/pt-laravel/vendor/laravel/framework/src/Illuminate/Foundation/Bootstrap/BootProviders.php(17): Illuminate/Foundation/Application->boot()
#20 C:/Users/kings/Downloads/partnership-tracker-laravel/pt-laravel/vendor/laravel/framework/src/Illuminate/Foundation/Application.php(342): Illuminate/Foundation/Bootstrap/BootProviders->bootstrap()
#21 C:/Users/kings/Downloads/partnership-tracker-laravel/pt-laravel/vendor/laravel/framework/src/Illuminate/Foundation/Console/Kernel.php(474): Illuminate/Foundation/Application->bootstrapWith()
#22 C:/Users/kings/Downloads/partnership-tracker-laravel/pt-laravel/vendor/laravel/framework/src/Illuminate/Foundation/Console/Kernel.php(196): Illuminate/Foundation/Console/Kernel->bootstrap()
#23 Command line code(1): Illuminate/Foundation/Console/Kernel->handle()
#24 {main}
"} 
[2026-07-13 19:19:20] production.ERROR: Target [Illuminate\Contracts\Auth\Access\Gate] is not instantiable while building [App\Providers\AppServiceProvider]. {"exception":"[object] (Illuminate\\Contracts\\Container\\BindingResolutionException(code: 0): Target [Illuminate\\Contracts\\Auth\\Access\\Gate] is not instantiable while building [App\\Providers\\AppServiceProvider]. at C:/Users/kings/Downloads/partnership-tracker-laravel/pt-laravel/vendor/laravel/framework/src/Illuminate/Container/Container.php:1216)
[stacktrace]
#0 C:/Users/kings/Downloads/partnership-tracker-laravel/pt-laravel/vendor/laravel/framework/src/Illuminate/Container/Container.php(968): Illuminate/Container/Container->notInstantiable()
#1 C:/Users/kings/Downloads/partnership-tracker-laravel/pt-laravel/vendor/laravel/framework/src/Illuminate/Container/Container.php(832): Illuminate/Container/Container->build()
#2 C:/Users/kings/Downloads/partnership-tracker-laravel/pt-laravel/vendor/laravel/framework/src/Illuminate/Foundation/Application.php(1078): Illuminate/Container/Container->resolve()
#3 C:/Users/kings/Downloads/partnership-tracker-laravel/pt-laravel/vendor/laravel/framework/src/Illuminate/Container/Container.php(763): Illuminate/Foundation/Application->resolve()
#4 C:/Users/kings/Downloads/partnership-tracker-laravel/pt-laravel/vendor/laravel/framework/src/Illuminate/Foundation/Application.php(1058): Illuminate/Container/Container->make()
#5 C:/Users/kings/Downloads/partnership-tracker-laravel/pt-laravel/vendor/laravel/framework/src/Illuminate/Container/Container.php(1580): Illuminate/Foundation/Application->make()
#6 C:/Users/kings/Downloads/partnership-tracker-laravel/pt-laravel/vendor/laravel/framework/src/Illuminate/Support/Facades/Facade.php(239): Illuminate/Container/Container->offsetGet()
#7 C:/Users/kings/Downloads/partnership-tracker-laravel/pt-laravel/vendor/laravel/framework/src/Illuminate/Support/Facades/Facade.php(210): Illuminate/Support/Facades/Facade::resolveFacadeInstance()
#8 C:/Users/kings/Downloads/partnership-tracker-laravel/pt-laravel/vendor/laravel/framework/src/Illuminate/Support/Facades/Facade.php(355): Illuminate/Support/Facades/Facade::getFacadeRoot()
#9 C:/Users/kings/Downloads/partnership-tracker-laravel/pt-laravel/app/Providers/AppServiceProvider.php(29): Illuminate/Support/Facades/Facade::__callStatic()
#10 C:/Users/kings/Downloads/partnership-tracker-laravel/pt-laravel/vendor/laravel/framework/src/Illuminate/Container/BoundMethod.php(36): App/Providers/AppServiceProvider->boot()
#11 C:/Users/kings/Downloads/partnership-tracker-laravel/pt-laravel/vendor/laravel/framework/src/Illuminate/Container/Util.php(43): Illuminate/Container/BoundMethod::{closure:Illuminate/Container/BoundMethod::call():35}()
#12 C:/Users/kings/Downloads/partnership-tracker-laravel/pt-laravel/vendor/laravel/framework/src/Illuminate/Container/BoundMethod.php(95): Illuminate/Container/Util::unwrapIfClosure()
#13 C:/Users/kings/Downloads/partnership-tracker-laravel/pt-laravel/vendor/laravel/framework/src/Illuminate/Container/BoundMethod.php(35): Illuminate/Container/BoundMethod::callBoundMethod()
#14 C:/Users/kings/Downloads/partnership-tracker-laravel/pt-laravel/vendor/laravel/framework/src/Illuminate/Container/Container.php(696): Illuminate/Container/BoundMethod::call()
#15 C:/Users/kings/Downloads/partnership-tracker-laravel/pt-laravel/vendor/laravel/framework/src/Illuminate/Foundation/Application.php(1151): Illuminate/Container/Container->call()
#16 C:/Users/kings/Downloads/partnership-tracker-laravel/pt-laravel/vendor/laravel/framework/src/Illuminate/Foundation/Application.php(1132): Illuminate/Foundation/Application->bootProvider()
#17 [internal function]: Illuminate/Foundation/Application->{closure:Illuminate/Foundation/Application::boot():1131}()
#18 C:/Users/kings/Downloads/partnership-tracker-laravel/pt-laravel/vendor/laravel/framework/src/Illuminate/Foundation/Application.php(1131): array_walk()
#19 C:/Users/kings/Downloads/partnership-tracker-laravel/pt-laravel/vendor/laravel/framework/src/Illuminate/Foundation/Bootstrap/BootProviders.php(17): Illuminate/Foundation/Application->boot()
#20 C:/Users/kings/Downloads/partnership-tracker-laravel/pt-laravel/vendor/laravel/framework/src/Illuminate/Foundation/Application.php(342): Illuminate/Foundation/Bootstrap/BootProviders->bootstrap()
#21 C:/Users/kings/Downloads/partnership-tracker-laravel/pt-laravel/vendor/laravel/framework/src/Illuminate/Foundation/Console/Kernel.php(474): Illuminate/Foundation/Application->bootstrapWith()
#22 C:/Users/kings/Downloads/partnership-tracker-laravel/pt-laravel/vendor/laravel/framework/src/Illuminate/Foundation/Console/Kernel.php(196): Illuminate/Foundation/Console/Kernel->bootstrap()
#23 Command line code(1): Illuminate/Foundation/Console/Kernel->handle()
#24 {main}
"} 
[2026-07-13 19:19:20] production.ERROR: Target [Illuminate\Contracts\Auth\Access\Gate] is not instantiable while building [App\Providers\AppServiceProvider]. {"exception":"[object] (Illuminate\\Contracts\\Container\\BindingResolutionException(code: 0): Target [Illuminate\\Contracts\\Auth\\Access\\Gate] is not instantiable while building [App\\Providers\\AppServiceProvider]. at C:/Users/kings/Downloads/partnership-tracker-laravel/pt-laravel/vendor/laravel/framework/src/Illuminate/Container/Container.php:1216)
[stacktrace]
#0 C:/Users/kings/Downloads/partnership-tracker-laravel/pt-laravel/vendor/laravel/framework/src/Illuminate/Container/Container.php(968): Illuminate/Container/Container->notInstantiable()
#1 C:/Users/kings/Downloads/partnership-tracker-laravel/pt-laravel/vendor/laravel/framework/src/Illuminate/Container/Container.php(832): Illuminate/Container/Container->build()
#2 C:/Users/kings/Downloads/partnership-tracker-laravel/pt-laravel/vendor/laravel/framework/src/Illuminate/Foundation/Application.php(1078): Illuminate/Container/Container->resolve()
#3 C:/Users/kings/Downloads/partnership-tracker-laravel/pt-laravel/vendor/laravel/framework/src/Illuminate/Container/Container.php(763): Illuminate/Foundation/Application->resolve()
#4 C:/Users/kings/Downloads/partnership-tracker-laravel/pt-laravel/vendor/laravel/framework/src/Illuminate/Foundation/Application.php(1058): Illuminate/Container/Container->make()
#5 C:/Users/kings/Downloads/partnership-tracker-laravel/pt-laravel/vendor/laravel/framework/src/Illuminate/Container/Container.php(1580): Illuminate/Foundation/Application->make()
#6 C:/Users/kings/Downloads/partnership-tracker-laravel/pt-laravel/vendor/laravel/framework/src/Illuminate/Support/Facades/Facade.php(239): Illuminate/Container/Container->offsetGet()
#7 C:/Users/kings/Downloads/partnership-tracker-laravel/pt-laravel/vendor/laravel/framework/src/Illuminate/Support/Facades/Facade.php(210): Illuminate/Support/Facades/Facade::resolveFacadeInstance()
#8 C:/Users/kings/Downloads/partnership-tracker-laravel/pt-laravel/vendor/laravel/framework/src/Illuminate/Support/Facades/Facade.php(355): Illuminate/Support/Facades/Facade::getFacadeRoot()
#9 C:/Users/kings/Downloads/partnership-tracker-laravel/pt-laravel/app/Providers/AppServiceProvider.php(29): Illuminate/Support/Facades/Facade::__callStatic()
#10 C:/Users/kings/Downloads/partnership-tracker-laravel/pt-laravel/vendor/laravel/framework/src/Illuminate/Container/BoundMethod.php(36): App/Providers/AppServiceProvider->boot()
#11 C:/Users/kings/Downloads/partnership-tracker-laravel/pt-laravel/vendor/laravel/framework/src/Illuminate/Container/Util.php(43): Illuminate/Container/BoundMethod::{closure:Illuminate/Container/BoundMethod::call():35}()
#12 C:/Users/kings/Downloads/partnership-tracker-laravel/pt-laravel/vendor/laravel/framework/src/Illuminate/Container/BoundMethod.php(95): Illuminate/Container/Util::unwrapIfClosure()
#13 C:/Users/kings/Downloads/partnership-tracker-laravel/pt-laravel/vendor/laravel/framework/src/Illuminate/Container/BoundMethod.php(35): Illuminate/Container/BoundMethod::callBoundMethod()
#14 C:/Users/kings/Downloads/partnership-tracker-laravel/pt-laravel/vendor/laravel/framework/src/Illuminate/Container/Container.php(696): Illuminate/Container/BoundMethod::call()
#15 C:/Users/kings/Downloads/partnership-tracker-laravel/pt-laravel/vendor/laravel/framework/src/Illuminate/Foundation/Application.php(1151): Illuminate/Container/Container->call()
#16 C:/Users/kings/Downloads/partnership-tracker-laravel/pt-laravel/vendor/laravel/framework/src/Illuminate/Foundation/Application.php(1132): Illuminate/Foundation/Application->bootProvider()
#17 [internal function]: Illuminate/Foundation/Application->{closure:Illuminate/Foundation/Application::boot():1131}()
#18 C:/Users/kings/Downloads/partnership-tracker-laravel/pt-laravel/vendor/laravel/framework/src/Illuminate/Foundation/Application.php(1131): array_walk()
#19 C:/Users/kings/Downloads/partnership-tracker-laravel/pt-laravel/vendor/laravel/framework/src/Illuminate/Foundation/Bootstrap/BootProviders.php(17): Illuminate/Foundation/Application->boot()
#20 C:/Users/kings/Downloads/partnership-tracker-laravel/pt-laravel/vendor/laravel/framework/src/Illuminate/Foundation/Application.php(342): Illuminate/Foundation/Bootstrap/BootProviders->bootstrap()
#21 C:/Users/kings/Downloads/partnership-tracker-laravel/pt-laravel/vendor/laravel/framework/src/Illuminate/Foundation/Console/Kernel.php(474): Illuminate/Foundation/Application->bootstrapWith()
#22 C:/Users/kings/Downloads/partnership-tracker-laravel/pt-laravel/vendor/laravel/framework/src/Illuminate/Foundation/Console/Kernel.php(196): Illuminate/Foundation/Console/Kernel->bootstrap()
#23 Command line code(1): Illuminate/Foundation/Console/Kernel->handle()
#24 {main}
"} 
[2026-07-13 19:19:21] production.ERROR: Target [Illuminate\Contracts\Auth\Access\Gate] is not instantiable while building [App\Providers\AppServiceProvider]. {"exception":"[object] (Illuminate\\Contracts\\Container\\BindingResolutionException(code: 0): Target [Illuminate\\Contracts\\Auth\\Access\\Gate] is not instantiable while building [App\\Providers\\AppServiceProvider]. at C:/Users/kings/Downloads/partnership-tracker-laravel/pt-laravel/vendor/laravel/framework/src/Illuminate/Container/Container.php:1216)
[stacktrace]
#0 C:/Users/kings/Downloads/partnership-tracker-laravel/pt-laravel/vendor/laravel/framework/src/Illuminate/Container/Container.php(968): Illuminate/Container/Container->notInstantiable()
#1 C:/Users/kings/Downloads/partnership-tracker-laravel/pt-laravel/vendor/laravel/framework/src/Illuminate/Container/Container.php(832): Illuminate/Container/Container->build()
#2 C:/Users/kings/Downloads/partnership-tracker-laravel/pt-laravel/vendor/laravel/framework/src/Illuminate/Foundation/Application.php(1078): Illuminate/Container/Container->resolve()
#3 C:/Users/kings/Downloads/partnership-tracker-laravel/pt-laravel/vendor/laravel/framework/src/Illuminate/Container/Container.php(763): Illuminate/Foundation/Application->resolve()
#4 C:/Users/kings/Downloads/partnership-tracker-laravel/pt-laravel/vendor/laravel/framework/src/Illuminate/Foundation/Application.php(1058): Illuminate/Container/Container->make()
#5 C:/Users/kings/Downloads/partnership-tracker-laravel/pt-laravel/vendor/laravel/framework/src/Illuminate/Container/Container.php(1580): Illuminate/Foundation/Application->make()
#6 C:/Users/kings/Downloads/partnership-tracker-laravel/pt-laravel/vendor/laravel/framework/src/Illuminate/Support/Facades/Facade.php(239): Illuminate/Container/Container->offsetGet()
#7 C:/Users/kings/Downloads/partnership-tracker-laravel/pt-laravel/vendor/laravel/framework/src/Illuminate/Support/Facades/Facade.php(210): Illuminate/Support/Facades/Facade::resolveFacadeInstance()
#8 C:/Users/kings/Downloads/partnership-tracker-laravel/pt-laravel/vendor/laravel/framework/src/Illuminate/Support/Facades/Facade.php(355): Illuminate/Support/Facades/Facade::getFacadeRoot()
#9 C:/Users/kings/Downloads/partnership-tracker-laravel/pt-laravel/app/Providers/AppServiceProvider.php(29): Illuminate/Support/Facades/Facade::__callStatic()
#10 C:/Users/kings/Downloads/partnership-tracker-laravel/pt-laravel/vendor/laravel/framework/src/Illuminate/Container/BoundMethod.php(36): App/Providers/AppServiceProvider->boot()
#11 C:/Users/kings/Downloads/partnership-tracker-laravel/pt-laravel/vendor/laravel/framework/src/Illuminate/Container/Util.php(43): Illuminate/Container/BoundMethod::{closure:Illuminate/Container/BoundMethod::call():35}()
#12 C:/Users/kings/Downloads/partnership-tracker-laravel/pt-laravel/vendor/laravel/framework/src/Illuminate/Container/BoundMethod.php(95): Illuminate/Container/Util::unwrapIfClosure()
#13 C:/Users/kings/Downloads/partnership-tracker-laravel/pt-laravel/vendor/laravel/framework/src/Illuminate/Container/BoundMethod.php(35): Illuminate/Container/BoundMethod::callBoundMethod()
#14 C:/Users/kings/Downloads/partnership-tracker-laravel/pt-laravel/vendor/laravel/framework/src/Illuminate/Container/Container.php(696): Illuminate/Container/BoundMethod::call()
#15 C:/Users/kings/Downloads/partnership-tracker-laravel/pt-laravel/vendor/laravel/framework/src/Illuminate/Foundation/Application.php(1151): Illuminate/Container/Container->call()
#16 C:/Users/kings/Downloads/partnership-tracker-laravel/pt-laravel/vendor/laravel/framework/src/Illuminate/Foundation/Application.php(1132): Illuminate/Foundation/Application->bootProvider()
#17 [internal function]: Illuminate/Foundation/Application->{closure:Illuminate/Foundation/Application::boot():1131}()
#18 C:/Users/kings/Downloads/partnership-tracker-laravel/pt-laravel/vendor/laravel/framework/src/Illuminate/Foundation/Application.php(1131): array_walk()
#19 C:/Users/kings/Downloads/partnership-tracker-laravel/pt-laravel/vendor/laravel/framework/src/Illuminate/Foundation/Bootstrap/BootProviders.php(17): Illuminate/Foundation/Application->boot()
#20 C:/Users/kings/Downloads/partnership-tracker-laravel/pt-laravel/vendor/laravel/framework/src/Illuminate/Foundation/Application.php(342): Illuminate/Foundation/Bootstrap/BootProviders->bootstrap()
#21 C:/Users/kings/Downloads/partnership-tracker-laravel/pt-laravel/vendor/laravel/framework/src/Illuminate/Foundation/Console/Kernel.php(474): Illuminate/Foundation/Application->bootstrapWith()
#22 C:/Users/kings/Downloads/partnership-tracker-laravel/pt-laravel/vendor/laravel/framework/src/Illuminate/Foundation/Console/Kernel.php(196): Illuminate/Foundation/Console/Kernel->bootstrap()
#23 Command line code(1): Illuminate/Foundation/Console/Kernel->handle()
#24 {main}
"} 
[2026-07-13 19:19:22] production.ERROR: Target [Illuminate\Contracts\Auth\Access\Gate] is not instantiable while building [App\Providers\AppServiceProvider]. {"exception":"[object] (Illuminate\\Contracts\\Container\\BindingResolutionException(code: 0): Target [Illuminate\\Contracts\\Auth\\Access\\Gate] is not instantiable while building [App\\Providers\\AppServiceProvider]. at C:/Users/kings/Downloads/partnership-tracker-laravel/pt-laravel/vendor/laravel/framework/src/Illuminate/Container/Container.php:1216)
[stacktrace]
#0 C:/Users/kings/Downloads/partnership-tracker-laravel/pt-laravel/vendor/laravel/framework/src/Illuminate/Container/Container.php(968): Illuminate/Container/Container->notInstantiable()
#1 C:/Users/kings/Downloads/partnership-tracker-laravel/pt-laravel/vendor/laravel/framework/src/Illuminate/Container/Container.php(832): Illuminate/Container/Container->build()
#2 C:/Users/kings/Downloads/partnership-tracker-laravel/pt-laravel/vendor/laravel/framework/src/Illuminate/Foundation/Application.php(1078): Illuminate/Container/Container->resolve()
#3 C:/Users/kings/Downloads/partnership-tracker-laravel/pt-laravel/vendor/laravel/framework/src/Illuminate/Container/Container.php(763): Illuminate/Foundation/Application->resolve()
#4 C:/Users/kings/Downloads/partnership-tracker-laravel/pt-laravel/vendor/laravel/framework/src/Illuminate/Foundation/Application.php(1058): Illuminate/Container/Container->make()
#5 C:/Users/kings/Downloads/partnership-tracker-laravel/pt-laravel/vendor/laravel/framework/src/Illuminate/Container/Container.php(1580): Illuminate/Foundation/Application->make()
#6 C:/Users/kings/Downloads/partnership-tracker-laravel/pt-laravel/vendor/laravel/framework/src/Illuminate/Support/Facades/Facade.php(239): Illuminate/Container/Container->offsetGet()
#7 C:/Users/kings/Downloads/partnership-tracker-laravel/pt-laravel/vendor/laravel/framework/src/Illuminate/Support/Facades/Facade.php(210): Illuminate/Support/Facades/Facade::resolveFacadeInstance()
#8 C:/Users/kings/Downloads/partnership-tracker-laravel/pt-laravel/vendor/laravel/framework/src/Illuminate/Support/Facades/Facade.php(355): Illuminate/Support/Facades/Facade::getFacadeRoot()
#9 C:/Users/kings/Downloads/partnership-tracker-laravel/pt-laravel/app/Providers/AppServiceProvider.php(29): Illuminate/Support/Facades/Facade::__callStatic()
#10 C:/Users/kings/Downloads/partnership-tracker-laravel/pt-laravel/vendor/laravel/framework/src/Illuminate/Container/BoundMethod.php(36): App/Providers/AppServiceProvider->boot()
#11 C:/Users/kings/Downloads/partnership-tracker-laravel/pt-laravel/vendor/laravel/framework/src/Illuminate/Container/Util.php(43): Illuminate/Container/BoundMethod::{closure:Illuminate/Container/BoundMethod::call():35}()
#12 C:/Users/kings/Downloads/partnership-tracker-laravel/pt-laravel/vendor/laravel/framework/src/Illuminate/Container/BoundMethod.php(95): Illuminate/Container/Util::unwrapIfClosure()
#13 C:/Users/kings/Downloads/partnership-tracker-laravel/pt-laravel/vendor/laravel/framework/src/Illuminate/Container/BoundMethod.php(35): Illuminate/Container/BoundMethod::callBoundMethod()
#14 C:/Users/kings/Downloads/partnership-tracker-laravel/pt-laravel/vendor/laravel/framework/src/Illuminate/Container/Container.php(696): Illuminate/Container/BoundMethod::call()
#15 C:/Users/kings/Downloads/partnership-tracker-laravel/pt-laravel/vendor/laravel/framework/src/Illuminate/Foundation/Application.php(1151): Illuminate/Container/Container->call()
#16 C:/Users/kings/Downloads/partnership-tracker-laravel/pt-laravel/vendor/laravel/framework/src/Illuminate/Foundation/Application.php(1132): Illuminate/Foundation/Application->bootProvider()
#17 [internal function]: Illuminate/Foundation/Application->{closure:Illuminate/Foundation/Application::boot():1131}()
#18 C:/Users/kings/Downloads/partnership-tracker-laravel/pt-laravel/vendor/laravel/framework/src/Illuminate/Foundation/Application.php(1131): array_walk()
#19 C:/Users/kings/Downloads/partnership-tracker-laravel/pt-laravel/vendor/laravel/framework/src/Illuminate/Foundation/Bootstrap/BootProviders.php(17): Illuminate/Foundation/Application->boot()
#20 C:/Users/kings/Downloads/partnership-tracker-laravel/pt-laravel/vendor/laravel/framework/src/Illuminate/Foundation/Application.php(342): Illuminate/Foundation/Bootstrap/BootProviders->bootstrap()
#21 C:/Users/kings/Downloads/partnership-tracker-laravel/pt-laravel/vendor/laravel/framework/src/Illuminate/Foundation/Console/Kernel.php(474): Illuminate/Foundation/Application->bootstrapWith()
#22 C:/Users/kings/Downloads/partnership-tracker-laravel/pt-laravel/vendor/laravel/framework/src/Illuminate/Foundation/Console/Kernel.php(196): Illuminate/Foundation/Console/Kernel->bootstrap()
#23 C:/Users/kings/Downloads/partnership-tracker-laravel/pt-laravel/vendor/laravel/framework/src/Illuminate/Foundation/Application.php(1235): Illuminate/Foundation/Console/Kernel->handle()
#24 C:/Users/kings/Downloads/partnership-tracker-laravel/pt-laravel/artisan(12): Illuminate/Foundation/Application->handleCommand()
#25 {main}
"} 
[2026-07-13 19:20:20] production.ERROR: Target [Illuminate\Contracts\Auth\Access\Gate] is not instantiable while building [App\Providers\AppServiceProvider]. {"exception":"[object] (Illuminate\\Contracts\\Container\\BindingResolutionException(code: 0): Target [Illuminate\\Contracts\\Auth\\Access\\Gate] is not instantiable while building [App\\Providers\\AppServiceProvider]. at C:/Users/kings/Downloads/partnership-tracker-laravel/pt-laravel/vendor/laravel/framework/src/Illuminate/Container/Container.php:1216)
[stacktrace]
#0 C:/Users/kings/Downloads/partnership-tracker-laravel/pt-laravel/vendor/laravel/framework/src/Illuminate/Container/Container.php(968): Illuminate/Container/Container->notInstantiable()
#1 C:/Users/kings/Downloads/partnership-tracker-laravel/pt-laravel/vendor/laravel/framework/src/Illuminate/Container/Container.php(832): Illuminate/Container/Container->build()
#2 C:/Users/kings/Downloads/partnership-tracker-laravel/pt-laravel/vendor/laravel/framework/src/Illuminate/Foundation/Application.php(1078): Illuminate/Container/Container->resolve()
#3 C:/Users/kings/Downloads/partnership-tracker-laravel/pt-laravel/vendor/laravel/framework/src/Illuminate/Container/Container.php(763): Illuminate/Foundation/Application->resolve()
#4 C:/Users/kings/Downloads/partnership-tracker-laravel/pt-laravel/vendor/laravel/framework/src/Illuminate/Foundation/Application.php(1058): Illuminate/Container/Container->make()
#5 C:/Users/kings/Downloads/partnership-tracker-laravel/pt-laravel/vendor/laravel/framework/src/Illuminate/Container/Container.php(1580): Illuminate/Foundation/Application->make()
#6 C:/Users/kings/Downloads/partnership-tracker-laravel/pt-laravel/vendor/laravel/framework/src/Illuminate/Support/Facades/Facade.php(239): Illuminate/Container/Container->offsetGet()
#7 C:/Users/kings/Downloads/partnership-tracker-laravel/pt-laravel/vendor/laravel/framework/src/Illuminate/Support/Facades/Facade.php(210): Illuminate/Support/Facades/Facade::resolveFacadeInstance()
#8 C:/Users/kings/Downloads/partnership-tracker-laravel/pt-laravel/vendor/laravel/framework/src/Illuminate/Support/Facades/Facade.php(355): Illuminate/Support/Facades/Facade::getFacadeRoot()
#9 C:/Users/kings/Downloads/partnership-tracker-laravel/pt-laravel/app/Providers/AppServiceProvider.php(29): Illuminate/Support/Facades/Facade::__callStatic()
#10 C:/Users/kings/Downloads/partnership-tracker-laravel/pt-laravel/vendor/laravel/framework/src/Illuminate/Container/BoundMethod.php(36): App/Providers/AppServiceProvider->boot()
#11 C:/Users/kings/Downloads/partnership-tracker-laravel/pt-laravel/vendor/laravel/framework/src/Illuminate/Container/Util.php(43): Illuminate/Container/BoundMethod::{closure:Illuminate/Container/BoundMethod::call():35}()
#12 C:/Users/kings/Downloads/partnership-tracker-laravel/pt-laravel/vendor/laravel/framework/src/Illuminate/Container/BoundMethod.php(95): Illuminate/Container/Util::unwrapIfClosure()
#13 C:/Users/kings/Downloads/partnership-tracker-laravel/pt-laravel/vendor/laravel/framework/src/Illuminate/Container/BoundMethod.php(35): Illuminate/Container/BoundMethod::callBoundMethod()
#14 C:/Users/kings/Downloads/partnership-tracker-laravel/pt-laravel/vendor/laravel/framework/src/Illuminate/Container/Container.php(696): Illuminate/Container/BoundMethod::call()
#15 C:/Users/kings/Downloads/partnership-tracker-laravel/pt-laravel/vendor/laravel/framework/src/Illuminate/Foundation/Application.php(1151): Illuminate/Container/Container->call()
#16 C:/Users/kings/Downloads/partnership-tracker-laravel/pt-laravel/vendor/laravel/framework/src/Illuminate/Foundation/Application.php(1132): Illuminate/Foundation/Application->bootProvider()
#17 [internal function]: Illuminate/Foundation/Application->{closure:Illuminate/Foundation/Application::boot():1131}()
#18 C:/Users/kings/Downloads/partnership-tracker-laravel/pt-laravel/vendor/laravel/framework/src/Illuminate/Foundation/Application.php(1131): array_walk()
#19 C:/Users/kings/Downloads/partnership-tracker-laravel/pt-laravel/vendor/laravel/framework/src/Illuminate/Foundation/Bootstrap/BootProviders.php(17): Illuminate/Foundation/Application->boot()
#20 C:/Users/kings/Downloads/partnership-tracker-laravel/pt-laravel/vendor/laravel/framework/src/Illuminate/Foundation/Application.php(342): Illuminate/Foundation/Bootstrap/BootProviders->bootstrap()
#21 C:/Users/kings/Downloads/partnership-tracker-laravel/pt-laravel/vendor/laravel/framework/src/Illuminate/Foundation/Console/Kernel.php(474): Illuminate/Foundation/Application->bootstrapWith()
#22 C:/Users/kings/Downloads/partnership-tracker-laravel/pt-laravel/vendor/laravel/framework/src/Illuminate/Foundation/Console/Kernel.php(196): Illuminate/Foundation/Console/Kernel->bootstrap()
#23 Command line code(1): Illuminate/Foundation/Console/Kernel->handle()
#24 {main}
"} 
[2026-07-13 19:20:20] production.ERROR: Target [Illuminate\Contracts\Auth\Access\Gate] is not instantiable while building [App\Providers\AppServiceProvider]. {"exception":"[object] (Illuminate\\Contracts\\Container\\BindingResolutionException(code: 0): Target [Illuminate\\Contracts\\Auth\\Access\\Gate] is not instantiable while building [App\\Providers\\AppServiceProvider]. at C:/Users/kings/Downloads/partnership-tracker-laravel/pt-laravel/vendor/laravel/framework/src/Illuminate/Container/Container.php:1216)
[stacktrace]
#0 C:/Users/kings/Downloads/partnership-tracker-laravel/pt-laravel/vendor/laravel/framework/src/Illuminate/Container/Container.php(968): Illuminate/Container/Container->notInstantiable()
#1 C:/Users/kings/Downloads/partnership-tracker-laravel/pt-laravel/vendor/laravel/framework/src/Illuminate/Container/Container.php(832): Illuminate/Container/Container->build()
#2 C:/Users/kings/Downloads/partnership-tracker-laravel/pt-laravel/vendor/laravel/framework/src/Illuminate/Foundation/Application.php(1078): Illuminate/Container/Container->resolve()
#3 C:/Users/kings/Downloads/partnership-tracker-laravel/pt-laravel/vendor/laravel/framework/src/Illuminate/Container/Container.php(763): Illuminate/Foundation/Application->resolve()
#4 C:/Users/kings/Downloads/partnership-tracker-laravel/pt-laravel/vendor/laravel/framework/src/Illuminate/Foundation/Application.php(1058): Illuminate/Container/Container->make()
#5 C:/Users/kings/Downloads/partnership-tracker-laravel/pt-laravel/vendor/laravel/framework/src/Illuminate/Container/Container.php(1580): Illuminate/Foundation/Application->make()
#6 C:/Users/kings/Downloads/partnership-tracker-laravel/pt-laravel/vendor/laravel/framework/src/Illuminate/Support/Facades/Facade.php(239): Illuminate/Container/Container->offsetGet()
#7 C:/Users/kings/Downloads/partnership-tracker-laravel/pt-laravel/vendor/laravel/framework/src/Illuminate/Support/Facades/Facade.php(210): Illuminate/Support/Facades/Facade::resolveFacadeInstance()
#8 C:/Users/kings/Downloads/partnership-tracker-laravel/pt-laravel/vendor/laravel/framework/src/Illuminate/Support/Facades/Facade.php(355): Illuminate/Support/Facades/Facade::getFacadeRoot()
#9 C:/Users/kings/Downloads/partnership-tracker-laravel/pt-laravel/app/Providers/AppServiceProvider.php(29): Illuminate/Support/Facades/Facade::__callStatic()
#10 C:/Users/kings/Downloads/partnership-tracker-laravel/pt-laravel/vendor/laravel/framework/src/Illuminate/Container/BoundMethod.php(36): App/Providers/AppServiceProvider->boot()
#11 C:/Users/kings/Downloads/partnership-tracker-laravel/pt-laravel/vendor/laravel/framework/src/Illuminate/Container/Util.php(43): Illuminate/Container/BoundMethod::{closure:Illuminate/Container/BoundMethod::call():35}()
#12 C:/Users/kings/Downloads/partnership-tracker-laravel/pt-laravel/vendor/laravel/framework/src/Illuminate/Container/BoundMethod.php(95): Illuminate/Container/Util::unwrapIfClosure()
#13 C:/Users/kings/Downloads/partnership-tracker-laravel/pt-laravel/vendor/laravel/framework/src/Illuminate/Container/BoundMethod.php(35): Illuminate/Container/BoundMethod::callBoundMethod()
#14 C:/Users/kings/Downloads/partnership-tracker-laravel/pt-laravel/vendor/laravel/framework/src/Illuminate/Container/Container.php(696): Illuminate/Container/BoundMethod::call()
#15 C:/Users/kings/Downloads/partnership-tracker-laravel/pt-laravel/vendor/laravel/framework/src/Illuminate/Foundation/Application.php(1151): Illuminate/Container/Container->call()
#16 C:/Users/kings/Downloads/partnership-tracker-laravel/pt-laravel/vendor/laravel/framework/src/Illuminate/Foundation/Application.php(1132): Illuminate/Foundation/Application->bootProvider()
#17 [internal function]: Illuminate/Foundation/Application->{closure:Illuminate/Foundation/Application::boot():1131}()
#18 C:/Users/kings/Downloads/partnership-tracker-laravel/pt-laravel/vendor/laravel/framework/src/Illuminate/Foundation/Application.php(1131): array_walk()
#19 C:/Users/kings/Downloads/partnership-tracker-laravel/pt-laravel/vendor/laravel/framework/src/Illuminate/Foundation/Bootstrap/BootProviders.php(17): Illuminate/Foundation/Application->boot()
#20 C:/Users/kings/Downloads/partnership-tracker-laravel/pt-laravel/vendor/laravel/framework/src/Illuminate/Foundation/Application.php(342): Illuminate/Foundation/Bootstrap/BootProviders->bootstrap()
#21 C:/Users/kings/Downloads/partnership-tracker-laravel/pt-laravel/vendor/laravel/framework/src/Illuminate/Foundation/Console/Kernel.php(474): Illuminate/Foundation/Application->bootstrapWith()
#22 C:/Users/kings/Downloads/partnership-tracker-laravel/pt-laravel/vendor/laravel/framework/src/Illuminate/Foundation/Console/Kernel.php(196): Illuminate/Foundation/Console/Kernel->bootstrap()
#23 Command line code(1): Illuminate/Foundation/Console/Kernel->handle()
#24 {main}
"} 
[2026-07-13 19:21:20] production.ERROR: Target [Illuminate\Contracts\Auth\Access\Gate] is not instantiable while building [App\Providers\AppServiceProvider]. {"exception":"[object] (Illuminate\\Contracts\\Container\\BindingResolutionException(code: 0): Target [Illuminate\\Contracts\\Auth\\Access\\Gate] is not instantiable while building [App\\Providers\\AppServiceProvider]. at C:/Users/kings/Downloads/partnership-tracker-laravel/pt-laravel/vendor/laravel/framework/src/Illuminate/Container/Container.php:1216)
[stacktrace]
#0 C:/Users/kings/Downloads/partnership-tracker-laravel/pt-laravel/vendor/laravel/framework/src/Illuminate/Container/Container.php(968): Illuminate/Container/Container->notInstantiable()
#1 C:/Users/kings/Downloads/partnership-tracker-laravel/pt-laravel/vendor/laravel/framework/src/Illuminate/Container/Container.php(832): Illuminate/Container/Container->build()
#2 C:/Users/kings/Downloads/partnership-tracker-laravel/pt-laravel/vendor/laravel/framework/src/Illuminate/Foundation/Application.php(1078): Illuminate/Container/Container->resolve()
#3 C:/Users/kings/Downloads/partnership-tracker-laravel/pt-laravel/vendor/laravel/framework/src/Illuminate/Container/Container.php(763): Illuminate/Foundation/Application->resolve()
#4 C:/Users/kings/Downloads/partnership-tracker-laravel/pt-laravel/vendor/laravel/framework/src/Illuminate/Foundation/Application.php(1058): Illuminate/Container/Container->make()
#5 C:/Users/kings/Downloads/partnership-tracker-laravel/pt-laravel/vendor/laravel/framework/src/Illuminate/Container/Container.php(1580): Illuminate/Foundation/Application->make()
#6 C:/Users/kings/Downloads/partnership-tracker-laravel/pt-laravel/vendor/laravel/framework/src/Illuminate/Support/Facades/Facade.php(239): Illuminate/Container/Container->offsetGet()
#7 C:/Users/kings/Downloads/partnership-tracker-laravel/pt-laravel/vendor/laravel/framework/src/Illuminate/Support/Facades/Facade.php(210): Illuminate/Support/Facades/Facade::resolveFacadeInstance()
#8 C:/Users/kings/Downloads/partnership-tracker-laravel/pt-laravel/vendor/laravel/framework/src/Illuminate/Support/Facades/Facade.php(355): Illuminate/Support/Facades/Facade::getFacadeRoot()
#9 C:/Users/kings/Downloads/partnership-tracker-laravel/pt-laravel/app/Providers/AppServiceProvider.php(29): Illuminate/Support/Facades/Facade::__callStatic()
#10 C:/Users/kings/Downloads/partnership-tracker-laravel/pt-laravel/vendor/laravel/framework/src/Illuminate/Container/BoundMethod.php(36): App/Providers/AppServiceProvider->boot()
#11 C:/Users/kings/Downloads/partnership-tracker-laravel/pt-laravel/vendor/laravel/framework/src/Illuminate/Container/Util.php(43): Illuminate/Container/BoundMethod::{closure:Illuminate/Container/BoundMethod::call():35}()
#12 C:/Users/kings/Downloads/partnership-tracker-laravel/pt-laravel/vendor/laravel/framework/src/Illuminate/Container/BoundMethod.php(95): Illuminate/Container/Util::unwrapIfClosure()
#13 C:/Users/kings/Downloads/partnership-tracker-laravel/pt-laravel/vendor/laravel/framework/src/Illuminate/Container/BoundMethod.php(35): Illuminate/Container/BoundMethod::callBoundMethod()
#14 C:/Users/kings/Downloads/partnership-tracker-laravel/pt-laravel/vendor/laravel/framework/src/Illuminate/Container/Container.php(696): Illuminate/Container/BoundMethod::call()
#15 C:/Users/kings/Downloads/partnership-tracker-laravel/pt-laravel/vendor/laravel/framework/src/Illuminate/Foundation/Application.php(1151): Illuminate/Container/Container->call()
#16 C:/Users/kings/Downloads/partnership-tracker-laravel/pt-laravel/vendor/laravel/framework/src/Illuminate/Foundation/Application.php(1132): Illuminate/Foundation/Application->bootProvider()
#17 [internal function]: Illuminate/Foundation/Application->{closure:Illuminate/Foundation/Application::boot():1131}()
#18 C:/Users/kings/Downloads/partnership-tracker-laravel/pt-laravel/vendor/laravel/framework/src/Illuminate/Foundation/Application.php(1131): array_walk()
#19 C:/Users/kings/Downloads/partnership-tracker-laravel/pt-laravel/vendor/laravel/framework/src/Illuminate/Foundation/Bootstrap/BootProviders.php(17): Illuminate/Foundation/Application->boot()
#20 C:/Users/kings/Downloads/partnership-tracker-laravel/pt-laravel/vendor/laravel/framework/src/Illuminate/Foundation/Application.php(342): Illuminate/Foundation/Bootstrap/BootProviders->bootstrap()
#21 C:/Users/kings/Downloads/partnership-tracker-laravel/pt-laravel/vendor/laravel/framework/src/Illuminate/Foundation/Console/Kernel.php(474): Illuminate/Foundation/Application->bootstrapWith()
#22 C:/Users/kings/Downloads/partnership-tracker-laravel/pt-laravel/vendor/laravel/framework/src/Illuminate/Foundation/Console/Kernel.php(196): Illuminate/Foundation/Console/Kernel->bootstrap()
#23 Command line code(1): Illuminate/Foundation/Console/Kernel->handle()
#24 {main}
"} 
[2026-07-13 19:21:20] production.ERROR: Target [Illuminate\Contracts\Auth\Access\Gate] is not instantiable while building [App\Providers\AppServiceProvider]. {"exception":"[object] (Illuminate\\Contracts\\Container\\BindingResolutionException(code: 0): Target [Illuminate\\Contracts\\Auth\\Access\\Gate] is not instantiable while building [App\\Providers\\AppServiceProvider]. at C:/Users/kings/Downloads/partnership-tracker-laravel/pt-laravel/vendor/laravel/framework/src/Illuminate/Container/Container.php:1216)
[stacktrace]
#0 C:/Users/kings/Downloads/partnership-tracker-laravel/pt-laravel/vendor/laravel/framework/src/Illuminate/Container/Container.php(968): Illuminate/Container/Container->notInstantiable()
#1 C:/Users/kings/Downloads/partnership-tracker-laravel/pt-laravel/vendor/laravel/framework/src/Illuminate/Container/Container.php(832): Illuminate/Container/Container->build()
#2 C:/Users/kings/Downloads/partnership-tracker-laravel/pt-laravel/vendor/laravel/framework/src/Illuminate/Foundation/Application.php(1078): Illuminate/Container/Container->resolve()
#3 C:/Users/kings/Downloads/partnership-tracker-laravel/pt-laravel/vendor/laravel/framework/src/Illuminate/Container/Container.php(763): Illuminate/Foundation/Application->resolve()
#4 C:/Users/kings/Downloads/partnership-tracker-laravel/pt-laravel/vendor/laravel/framework/src/Illuminate/Foundation/Application.php(1058): Illuminate/Container/Container->make()
#5 C:/Users/kings/Downloads/partnership-tracker-laravel/pt-laravel/vendor/laravel/framework/src/Illuminate/Container/Container.php(1580): Illuminate/Foundation/Application->make()
#6 C:/Users/kings/Downloads/partnership-tracker-laravel/pt-laravel/vendor/laravel/framework/src/Illuminate/Support/Facades/Facade.php(239): Illuminate/Container/Container->offsetGet()
#7 C:/Users/kings/Downloads/partnership-tracker-laravel/pt-laravel/vendor/laravel/framework/src/Illuminate/Support/Facades/Facade.php(210): Illuminate/Support/Facades/Facade::resolveFacadeInstance()
#8 C:/Users/kings/Downloads/partnership-tracker-laravel/pt-laravel/vendor/laravel/framework/src/Illuminate/Support/Facades/Facade.php(355): Illuminate/Support/Facades/Facade::getFacadeRoot()
#9 C:/Users/kings/Downloads/partnership-tracker-laravel/pt-laravel/app/Providers/AppServiceProvider.php(29): Illuminate/Support/Facades/Facade::__callStatic()
#10 C:/Users/kings/Downloads/partnership-tracker-laravel/pt-laravel/vendor/laravel/framework/src/Illuminate/Container/BoundMethod.php(36): App/Providers/AppServiceProvider->boot()
#11 C:/Users/kings/Downloads/partnership-tracker-laravel/pt-laravel/vendor/laravel/framework/src/Illuminate/Container/Util.php(43): Illuminate/Container/BoundMethod::{closure:Illuminate/Container/BoundMethod::call():35}()
#12 C:/Users/kings/Downloads/partnership-tracker-laravel/pt-laravel/vendor/laravel/framework/src/Illuminate/Container/BoundMethod.php(95): Illuminate/Container/Util::unwrapIfClosure()
#13 C:/Users/kings/Downloads/partnership-tracker-laravel/pt-laravel/vendor/laravel/framework/src/Illuminate/Container/BoundMethod.php(35): Illuminate/Container/BoundMethod::callBoundMethod()
#14 C:/Users/kings/Downloads/partnership-tracker-laravel/pt-laravel/vendor/laravel/framework/src/Illuminate/Container/Container.php(696): Illuminate/Container/BoundMethod::call()
#15 C:/Users/kings/Downloads/partnership-tracker-laravel/pt-laravel/vendor/laravel/framework/src/Illuminate/Foundation/Application.php(1151): Illuminate/Container/Container->call()
#16 C:/Users/kings/Downloads/partnership-tracker-laravel/pt-laravel/vendor/laravel/framework/src/Illuminate/Foundation/Application.php(1132): Illuminate/Foundation/Application->bootProvider()
#17 [internal function]: Illuminate/Foundation/Application->{closure:Illuminate/Foundation/Application::boot():1131}()
#18 C:/Users/kings/Downloads/partnership-tracker-laravel/pt-laravel/vendor/laravel/framework/src/Illuminate/Foundation/Application.php(1131): array_walk()
#19 C:/Users/kings/Downloads/partnership-tracker-laravel/pt-laravel/vendor/laravel/framework/src/Illuminate/Foundation/Bootstrap/BootProviders.php(17): Illuminate/Foundation/Application->boot()
#20 C:/Users/kings/Downloads/partnership-tracker-laravel/pt-laravel/vendor/laravel/framework/src/Illuminate/Foundation/Application.php(342): Illuminate/Foundation/Bootstrap/BootProviders->bootstrap()
#21 C:/Users/kings/Downloads/partnership-tracker-laravel/pt-laravel/vendor/laravel/framework/src/Illuminate/Foundation/Console/Kernel.php(474): Illuminate/Foundation/Application->bootstrapWith()
#22 C:/Users/kings/Downloads/partnership-tracker-laravel/pt-laravel/vendor/laravel/framework/src/Illuminate/Foundation/Console/Kernel.php(196): Illuminate/Foundation/Console/Kernel->bootstrap()
#23 Command line code(1): Illuminate/Foundation/Console/Kernel->handle()
#24 {main}
"} 
[2026-07-13 19:22:20] production.ERROR: Target [Illuminate\Contracts\Auth\Access\Gate] is not instantiable while building [App\Providers\AppServiceProvider]. {"exception":"[object] (Illuminate\\Contracts\\Container\\BindingResolutionException(code: 0): Target [Illuminate\\Contracts\\Auth\\Access\\Gate] is not instantiable while building [App\\Providers\\AppServiceProvider]. at C:/Users/kings/Downloads/partnership-tracker-laravel/pt-laravel/vendor/laravel/framework/src/Illuminate/Container/Container.php:1216)
[stacktrace]
#0 C:/Users/kings/Downloads/partnership-tracker-laravel/pt-laravel/vendor/laravel/framework/src/Illuminate/Container/Container.php(968): Illuminate/Container/Container->notInstantiable()
#1 C:/Users/kings/Downloads/partnership-tracker-laravel/pt-laravel/vendor/laravel/framework/src/Illuminate/Container/Container.php(832): Illuminate/Container/Container->build()
#2 C:/Users/kings/Downloads/partnership-tracker-laravel/pt-laravel/vendor/laravel/framework/src/Illuminate/Foundation/Application.php(1078): Illuminate/Container/Container->resolve()
#3 C:/Users/kings/Downloads/partnership-tracker-laravel/pt-laravel/vendor/laravel/framework/src/Illuminate/Container/Container.php(763): Illuminate/Foundation/Application->resolve()
#4 C:/Users/kings/Downloads/partnership-tracker-laravel/pt-laravel/vendor/laravel/framework/src/Illuminate/Foundation/Application.php(1058): Illuminate/Container/Container->make()
#5 C:/Users/kings/Downloads/partnership-tracker-laravel/pt-laravel/vendor/laravel/framework/src/Illuminate/Container/Container.php(1580): Illuminate/Foundation/Application->make()
#6 C:/Users/kings/Downloads/partnership-tracker-laravel/pt-laravel/vendor/laravel/framework/src/Illuminate/Support/Facades/Facade.php(239): Illuminate/Container/Container->offsetGet()
#7 C:/Users/kings/Downloads/partnership-tracker-laravel/pt-laravel/vendor/laravel/framework/src/Illuminate/Support/Facades/Facade.php(210): Illuminate/Support/Facades/Facade::resolveFacadeInstance()
#8 C:/Users/kings/Downloads/partnership-tracker-laravel/pt-laravel/vendor/laravel/framework/src/Illuminate/Support/Facades/Facade.php(355): Illuminate/Support/Facades/Facade::getFacadeRoot()
#9 C:/Users/kings/Downloads/partnership-tracker-laravel/pt-laravel/app/Providers/AppServiceProvider.php(29): Illuminate/Support/Facades/Facade::__callStatic()
#10 C:/Users/kings/Downloads/partnership-tracker-laravel/pt-laravel/vendor/laravel/framework/src/Illuminate/Container/BoundMethod.php(36): App/Providers/AppServiceProvider->boot()
#11 C:/Users/kings/Downloads/partnership-tracker-laravel/pt-laravel/vendor/laravel/framework/src/Illuminate/Container/Util.php(43): Illuminate/Container/BoundMethod::{closure:Illuminate/Container/BoundMethod::call():35}()
#12 C:/Users/kings/Downloads/partnership-tracker-laravel/pt-laravel/vendor/laravel/framework/src/Illuminate/Container/BoundMethod.php(95): Illuminate/Container/Util::unwrapIfClosure()
#13 C:/Users/kings/Downloads/partnership-tracker-laravel/pt-laravel/vendor/laravel/framework/src/Illuminate/Container/BoundMethod.php(35): Illuminate/Container/BoundMethod::callBoundMethod()
#14 C:/Users/kings/Downloads/partnership-tracker-laravel/pt-laravel/vendor/laravel/framework/src/Illuminate/Container/Container.php(696): Illuminate/Container/BoundMethod::call()
#15 C:/Users/kings/Downloads/partnership-tracker-laravel/pt-laravel/vendor/laravel/framework/src/Illuminate/Foundation/Application.php(1151): Illuminate/Container/Container->call()
#16 C:/Users/kings/Downloads/partnership-tracker-laravel/pt-laravel/vendor/laravel/framework/src/Illuminate/Foundation/Application.php(1132): Illuminate/Foundation/Application->bootProvider()
#17 [internal function]: Illuminate/Foundation/Application->{closure:Illuminate/Foundation/Application::boot():1131}()
#18 C:/Users/kings/Downloads/partnership-tracker-laravel/pt-laravel/vendor/laravel/framework/src/Illuminate/Foundation/Application.php(1131): array_walk()
#19 C:/Users/kings/Downloads/partnership-tracker-laravel/pt-laravel/vendor/laravel/framework/src/Illuminate/Foundation/Bootstrap/BootProviders.php(17): Illuminate/Foundation/Application->boot()
#20 C:/Users/kings/Downloads/partnership-tracker-laravel/pt-laravel/vendor/laravel/framework/src/Illuminate/Foundation/Application.php(342): Illuminate/Foundation/Bootstrap/BootProviders->bootstrap()
#21 C:/Users/kings/Downloads/partnership-tracker-laravel/pt-laravel/vendor/laravel/framework/src/Illuminate/Foundation/Console/Kernel.php(474): Illuminate/Foundation/Application->bootstrapWith()
#22 C:/Users/kings/Downloads/partnership-tracker-laravel/pt-laravel/vendor/laravel/framework/src/Illuminate/Foundation/Console/Kernel.php(196): Illuminate/Foundation/Console/Kernel->bootstrap()
#23 Command line code(1): Illuminate/Foundation/Console/Kernel->handle()
#24 {main}
"} 
[2026-07-13 19:22:20] production.ERROR: Target [Illuminate\Contracts\Auth\Access\Gate] is not instantiable while building [App\Providers\AppServiceProvider]. {"exception":"[object] (Illuminate\\Contracts\\Container\\BindingResolutionException(code: 0): Target [Illuminate\\Contracts\\Auth\\Access\\Gate] is not instantiable while building [App\\Providers\\AppServiceProvider]. at C:/Users/kings/Downloads/partnership-tracker-laravel/pt-laravel/vendor/laravel/framework/src/Illuminate/Container/Container.php:1216)
[stacktrace]
#0 C:/Users/kings/Downloads/partnership-tracker-laravel/pt-laravel/vendor/laravel/framework/src/Illuminate/Container/Container.php(968): Illuminate/Container/Container->notInstantiable()
#1 C:/Users/kings/Downloads/partnership-tracker-laravel/pt-laravel/vendor/laravel/framework/src/Illuminate/Container/Container.php(832): Illuminate/Container/Container->build()
#2 C:/Users/kings/Downloads/partnership-tracker-laravel/pt-laravel/vendor/laravel/framework/src/Illuminate/Foundation/Application.php(1078): Illuminate/Container/Container->resolve()
#3 C:/Users/kings/Downloads/partnership-tracker-laravel/pt-laravel/vendor/laravel/framework/src/Illuminate/Container/Container.php(763): Illuminate/Foundation/Application->resolve()
#4 C:/Users/kings/Downloads/partnership-tracker-laravel/pt-laravel/vendor/laravel/framework/src/Illuminate/Foundation/Application.php(1058): Illuminate/Container/Container->make()
#5 C:/Users/kings/Downloads/partnership-tracker-laravel/pt-laravel/vendor/laravel/framework/src/Illuminate/Container/Container.php(1580): Illuminate/Foundation/Application->make()
#6 C:/Users/kings/Downloads/partnership-tracker-laravel/pt-laravel/vendor/laravel/framework/src/Illuminate/Support/Facades/Facade.php(239): Illuminate/Container/Container->offsetGet()
#7 C:/Users/kings/Downloads/partnership-tracker-laravel/pt-laravel/vendor/laravel/framework/src/Illuminate/Support/Facades/Facade.php(210): Illuminate/Support/Facades/Facade::resolveFacadeInstance()
#8 C:/Users/kings/Downloads/partnership-tracker-laravel/pt-laravel/vendor/laravel/framework/src/Illuminate/Support/Facades/Facade.php(355): Illuminate/Support/Facades/Facade::getFacadeRoot()
#9 C:/Users/kings/Downloads/partnership-tracker-laravel/pt-laravel/app/Providers/AppServiceProvider.php(29): Illuminate/Support/Facades/Facade::__callStatic()
#10 C:/Users/kings/Downloads/partnership-tracker-laravel/pt-laravel/vendor/laravel/framework/src/Illuminate/Container/BoundMethod.php(36): App/Providers/AppServiceProvider->boot()
#11 C:/Users/kings/Downloads/partnership-tracker-laravel/pt-laravel/vendor/laravel/framework/src/Illuminate/Container/Util.php(43): Illuminate/Container/BoundMethod::{closure:Illuminate/Container/BoundMethod::call():35}()
#12 C:/Users/kings/Downloads/partnership-tracker-laravel/pt-laravel/vendor/laravel/framework/src/Illuminate/Container/BoundMethod.php(95): Illuminate/Container/Util::unwrapIfClosure()
#13 C:/Users/kings/Downloads/partnership-tracker-laravel/pt-laravel/vendor/laravel/framework/src/Illuminate/Container/BoundMethod.php(35): Illuminate/Container/BoundMethod::callBoundMethod()
#14 C:/Users/kings/Downloads/partnership-tracker-laravel/pt-laravel/vendor/laravel/framework/src/Illuminate/Container/Container.php(696): Illuminate/Container/BoundMethod::call()
#15 C:/Users/kings/Downloads/partnership-tracker-laravel/pt-laravel/vendor/laravel/framework/src/Illuminate/Foundation/Application.php(1151): Illuminate/Container/Container->call()
#16 C:/Users/kings/Downloads/partnership-tracker-laravel/pt-laravel/vendor/laravel/framework/src/Illuminate/Foundation/Application.php(1132): Illuminate/Foundation/Application->bootProvider()
#17 [internal function]: Illuminate/Foundation/Application->{closure:Illuminate/Foundation/Application::boot():1131}()
#18 C:/Users/kings/Downloads/partnership-tracker-laravel/pt-laravel/vendor/laravel/framework/src/Illuminate/Foundation/Application.php(1131): array_walk()
#19 C:/Users/kings/Downloads/partnership-tracker-laravel/pt-laravel/vendor/laravel/framework/src/Illuminate/Foundation/Bootstrap/BootProviders.php(17): Illuminate/Foundation/Application->boot()
#20 C:/Users/kings/Downloads/partnership-tracker-laravel/pt-laravel/vendor/laravel/framework/src/Illuminate/Foundation/Application.php(342): Illuminate/Foundation/Bootstrap/BootProviders->bootstrap()
#21 C:/Users/kings/Downloads/partnership-tracker-laravel/pt-laravel/vendor/laravel/framework/src/Illuminate/Foundation/Console/Kernel.php(474): Illuminate/Foundation/Application->bootstrapWith()
#22 C:/Users/kings/Downloads/partnership-tracker-laravel/pt-laravel/vendor/laravel/framework/src/Illuminate/Foundation/Console/Kernel.php(196): Illuminate/Foundation/Console/Kernel->bootstrap()
#23 Command line code(1): Illuminate/Foundation/Console/Kernel->handle()
#24 {main}
"} 
[2026-07-13 19:22:41] production.ERROR: Target [Illuminate\Contracts\Auth\Access\Gate] is not instantiable while building [App\Providers\AppServiceProvider]. {"exception":"[object] (Illuminate\\Contracts\\Container\\BindingResolutionException(code: 0): Target [Illuminate\\Contracts\\Auth\\Access\\Gate] is not instantiable while building [App\\Providers\\AppServiceProvider]. at C:/Users/kings/Downloads/partnership-tracker-laravel/pt-laravel/vendor/laravel/framework/src/Illuminate/Container/Container.php:1216)
[stacktrace]
#0 C:/Users/kings/Downloads/partnership-tracker-laravel/pt-laravel/vendor/laravel/framework/src/Illuminate/Container/Container.php(968): Illuminate/Container/Container->notInstantiable()
#1 C:/Users/kings/Downloads/partnership-tracker-laravel/pt-laravel/vendor/laravel/framework/src/Illuminate/Container/Container.php(832): Illuminate/Container/Container->build()
#2 C:/Users/kings/Downloads/partnership-tracker-laravel/pt-laravel/vendor/laravel/framework/src/Illuminate/Foundation/Application.php(1078): Illuminate/Container/Container->resolve()
#3 C:/Users/kings/Downloads/partnership-tracker-laravel/pt-laravel/vendor/laravel/framework/src/Illuminate/Container/Container.php(763): Illuminate/Foundation/Application->resolve()
#4 C:/Users/kings/Downloads/partnership-tracker-laravel/pt-laravel/vendor/laravel/framework/src/Illuminate/Foundation/Application.php(1058): Illuminate/Container/Container->make()
#5 C:/Users/kings/Downloads/partnership-tracker-laravel/pt-laravel/vendor/laravel/framework/src/Illuminate/Container/Container.php(1580): Illuminate/Foundation/Application->make()
#6 C:/Users/kings/Downloads/partnership-tracker-laravel/pt-laravel/vendor/laravel/framework/src/Illuminate/Support/Facades/Facade.php(239): Illuminate/Container/Container->offsetGet()
#7 C:/Users/kings/Downloads/partnership-tracker-laravel/pt-laravel/vendor/laravel/framework/src/Illuminate/Support/Facades/Facade.php(210): Illuminate/Support/Facades/Facade::resolveFacadeInstance()
#8 C:/Users/kings/Downloads/partnership-tracker-laravel/pt-laravel/vendor/laravel/framework/src/Illuminate/Support/Facades/Facade.php(355): Illuminate/Support/Facades/Facade::getFacadeRoot()
#9 C:/Users/kings/Downloads/partnership-tracker-laravel/pt-laravel/app/Providers/AppServiceProvider.php(29): Illuminate/Support/Facades/Facade::__callStatic()
#10 C:/Users/kings/Downloads/partnership-tracker-laravel/pt-laravel/vendor/laravel/framework/src/Illuminate/Container/BoundMethod.php(36): App/Providers/AppServiceProvider->boot()
#11 C:/Users/kings/Downloads/partnership-tracker-laravel/pt-laravel/vendor/laravel/framework/src/Illuminate/Container/Util.php(43): Illuminate/Container/BoundMethod::{closure:Illuminate/Container/BoundMethod::call():35}()
#12 C:/Users/kings/Downloads/partnership-tracker-laravel/pt-laravel/vendor/laravel/framework/src/Illuminate/Container/BoundMethod.php(95): Illuminate/Container/Util::unwrapIfClosure()
#13 C:/Users/kings/Downloads/partnership-tracker-laravel/pt-laravel/vendor/laravel/framework/src/Illuminate/Container/BoundMethod.php(35): Illuminate/Container/BoundMethod::callBoundMethod()
#14 C:/Users/kings/Downloads/partnership-tracker-laravel/pt-laravel/vendor/laravel/framework/src/Illuminate/Container/Container.php(696): Illuminate/Container/BoundMethod::call()
#15 C:/Users/kings/Downloads/partnership-tracker-laravel/pt-laravel/vendor/laravel/framework/src/Illuminate/Foundation/Application.php(1151): Illuminate/Container/Container->call()
#16 C:/Users/kings/Downloads/partnership-tracker-laravel/pt-laravel/vendor/laravel/framework/src/Illuminate/Foundation/Application.php(1132): Illuminate/Foundation/Application->bootProvider()
#17 [internal function]: Illuminate/Foundation/Application->{closure:Illuminate/Foundation/Application::boot():1131}()
#18 C:/Users/kings/Downloads/partnership-tracker-laravel/pt-laravel/vendor/laravel/framework/src/Illuminate/Foundation/Application.php(1131): array_walk()
#19 C:/Users/kings/Downloads/partnership-tracker-laravel/pt-laravel/vendor/laravel/framework/src/Illuminate/Foundation/Bootstrap/BootProviders.php(17): Illuminate/Foundation/Application->boot()
#20 C:/Users/kings/Downloads/partnership-tracker-laravel/pt-laravel/vendor/laravel/framework/src/Illuminate/Foundation/Application.php(342): Illuminate/Foundation/Bootstrap/BootProviders->bootstrap()
#21 C:/Users/kings/Downloads/partnership-tracker-laravel/pt-laravel/vendor/laravel/framework/src/Illuminate/Foundation/Console/Kernel.php(474): Illuminate/Foundation/Application->bootstrapWith()
#22 C:/Users/kings/Downloads/partnership-tracker-laravel/pt-laravel/vendor/laravel/framework/src/Illuminate/Foundation/Console/Kernel.php(196): Illuminate/Foundation/Console/Kernel->bootstrap()
#23 C:/Users/kings/Downloads/partnership-tracker-laravel/pt-laravel/vendor/laravel/framework/src/Illuminate/Foundation/Application.php(1235): Illuminate/Foundation/Console/Kernel->handle()
#24 C:/Users/kings/Downloads/partnership-tracker-laravel/pt-laravel/artisan(12): Illuminate/Foundation/Application->handleCommand()
#25 {main}
"} 
[2026-07-13 19:23:20] production.ERROR: Target [Illuminate\Contracts\Auth\Access\Gate] is not instantiable while building [App\Providers\AppServiceProvider]. {"exception":"[object] (Illuminate\\Contracts\\Container\\BindingResolutionException(code: 0): Target [Illuminate\\Contracts\\Auth\\Access\\Gate] is not instantiable while building [App\\Providers\\AppServiceProvider]. at C:/Users/kings/Downloads/partnership-tracker-laravel/pt-laravel/vendor/laravel/framework/src/Illuminate/Container/Container.php:1216)
[stacktrace]
#0 C:/Users/kings/Downloads/partnership-tracker-laravel/pt-laravel/vendor/laravel/framework/src/Illuminate/Container/Container.php(968): Illuminate/Container/Container->notInstantiable()
#1 C:/Users/kings/Downloads/partnership-tracker-laravel/pt-laravel/vendor/laravel/framework/src/Illuminate/Container/Container.php(832): Illuminate/Container/Container->build()
#2 C:/Users/kings/Downloads/partnership-tracker-laravel/pt-laravel/vendor/laravel/framework/src/Illuminate/Foundation/Application.php(1078): Illuminate/Container/Container->resolve()
#3 C:/Users/kings/Downloads/partnership-tracker-laravel/pt-laravel/vendor/laravel/framework/src/Illuminate/Container/Container.php(763): Illuminate/Foundation/Application->resolve()
#4 C:/Users/kings/Downloads/partnership-tracker-laravel/pt-laravel/vendor/laravel/framework/src/Illuminate/Foundation/Application.php(1058): Illuminate/Container/Container->make()
#5 C:/Users/kings/Downloads/partnership-tracker-laravel/pt-laravel/vendor/laravel/framework/src/Illuminate/Container/Container.php(1580): Illuminate/Foundation/Application->make()
#6 C:/Users/kings/Downloads/partnership-tracker-laravel/pt-laravel/vendor/laravel/framework/src/Illuminate/Support/Facades/Facade.php(239): Illuminate/Container/Container->offsetGet()
#7 C:/Users/kings/Downloads/partnership-tracker-laravel/pt-laravel/vendor/laravel/framework/src/Illuminate/Support/Facades/Facade.php(210): Illuminate/Support/Facades/Facade::resolveFacadeInstance()
#8 C:/Users/kings/Downloads/partnership-tracker-laravel/pt-laravel/vendor/laravel/framework/src/Illuminate/Support/Facades/Facade.php(355): Illuminate/Support/Facades/Facade::getFacadeRoot()
#9 C:/Users/kings/Downloads/partnership-tracker-laravel/pt-laravel/app/Providers/AppServiceProvider.php(29): Illuminate/Support/Facades/Facade::__callStatic()
#10 C:/Users/kings/Downloads/partnership-tracker-laravel/pt-laravel/vendor/laravel/framework/src/Illuminate/Container/BoundMethod.php(36): App/Providers/AppServiceProvider->boot()
#11 C:/Users/kings/Downloads/partnership-tracker-laravel/pt-laravel/vendor/laravel/framework/src/Illuminate/Container/Util.php(43): Illuminate/Container/BoundMethod::{closure:Illuminate/Container/BoundMethod::call():35}()
#12 C:/Users/kings/Downloads/partnership-tracker-laravel/pt-laravel/vendor/laravel/framework/src/Illuminate/Container/BoundMethod.php(95): Illuminate/Container/Util::unwrapIfClosure()
#13 C:/Users/kings/Downloads/partnership-tracker-laravel/pt-laravel/vendor/laravel/framework/src/Illuminate/Container/BoundMethod.php(35): Illuminate/Container/BoundMethod::callBoundMethod()
#14 C:/Users/kings/Downloads/partnership-tracker-laravel/pt-laravel/vendor/laravel/framework/src/Illuminate/Container/Container.php(696): Illuminate/Container/BoundMethod::call()
#15 C:/Users/kings/Downloads/partnership-tracker-laravel/pt-laravel/vendor/laravel/framework/src/Illuminate/Foundation/Application.php(1151): Illuminate/Container/Container->call()
#16 C:/Users/kings/Downloads/partnership-tracker-laravel/pt-laravel/vendor/laravel/framework/src/Illuminate/Foundation/Application.php(1132): Illuminate/Foundation/Application->bootProvider()
#17 [internal function]: Illuminate/Foundation/Application->{closure:Illuminate/Foundation/Application::boot():1131}()
#18 C:/Users/kings/Downloads/partnership-tracker-laravel/pt-laravel/vendor/laravel/framework/src/Illuminate/Foundation/Application.php(1131): array_walk()
#19 C:/Users/kings/Downloads/partnership-tracker-laravel/pt-laravel/vendor/laravel/framework/src/Illuminate/Foundation/Bootstrap/BootProviders.php(17): Illuminate/Foundation/Application->boot()
#20 C:/Users/kings/Downloads/partnership-tracker-laravel/pt-laravel/vendor/laravel/framework/src/Illuminate/Foundation/Application.php(342): Illuminate/Foundation/Bootstrap/BootProviders->bootstrap()
#21 C:/Users/kings/Downloads/partnership-tracker-laravel/pt-laravel/vendor/laravel/framework/src/Illuminate/Foundation/Console/Kernel.php(474): Illuminate/Foundation/Application->bootstrapWith()
#22 C:/Users/kings/Downloads/partnership-tracker-laravel/pt-laravel/vendor/laravel/framework/src/Illuminate/Foundation/Console/Kernel.php(196): Illuminate/Foundation/Console/Kernel->bootstrap()
#23 Command line code(1): Illuminate/Foundation/Console/Kernel->handle()
#24 {main}
"} 
[2026-07-13 19:23:20] production.ERROR: Target [Illuminate\Contracts\Auth\Access\Gate] is not instantiable while building [App\Providers\AppServiceProvider]. {"exception":"[object] (Illuminate\\Contracts\\Container\\BindingResolutionException(code: 0): Target [Illuminate\\Contracts\\Auth\\Access\\Gate] is not instantiable while building [App\\Providers\\AppServiceProvider]. at C:/Users/kings/Downloads/partnership-tracker-laravel/pt-laravel/vendor/laravel/framework/src/Illuminate/Container/Container.php:1216)
[stacktrace]
#0 C:/Users/kings/Downloads/partnership-tracker-laravel/pt-laravel/vendor/laravel/framework/src/Illuminate/Container/Container.php(968): Illuminate/Container/Container->notInstantiable()
#1 C:/Users/kings/Downloads/partnership-tracker-laravel/pt-laravel/vendor/laravel/framework/src/Illuminate/Container/Container.php(832): Illuminate/Container/Container->build()
#2 C:/Users/kings/Downloads/partnership-tracker-laravel/pt-laravel/vendor/laravel/framework/src/Illuminate/Foundation/Application.php(1078): Illuminate/Container/Container->resolve()
#3 C:/Users/kings/Downloads/partnership-tracker-laravel/pt-laravel/vendor/laravel/framework/src/Illuminate/Container/Container.php(763): Illuminate/Foundation/Application->resolve()
#4 C:/Users/kings/Downloads/partnership-tracker-laravel/pt-laravel/vendor/laravel/framework/src/Illuminate/Foundation/Application.php(1058): Illuminate/Container/Container->make()
#5 C:/Users/kings/Downloads/partnership-tracker-laravel/pt-laravel/vendor/laravel/framework/src/Illuminate/Container/Container.php(1580): Illuminate/Foundation/Application->make()
#6 C:/Users/kings/Downloads/partnership-tracker-laravel/pt-laravel/vendor/laravel/framework/src/Illuminate/Support/Facades/Facade.php(239): Illuminate/Container/Container->offsetGet()
#7 C:/Users/kings/Downloads/partnership-tracker-laravel/pt-laravel/vendor/laravel/framework/src/Illuminate/Support/Facades/Facade.php(210): Illuminate/Support/Facades/Facade::resolveFacadeInstance()
#8 C:/Users/kings/Downloads/partnership-tracker-laravel/pt-laravel/vendor/laravel/framework/src/Illuminate/Support/Facades/Facade.php(355): Illuminate/Support/Facades/Facade::getFacadeRoot()
#9 C:/Users/kings/Downloads/partnership-tracker-laravel/pt-laravel/app/Providers/AppServiceProvider.php(29): Illuminate/Support/Facades/Facade::__callStatic()
#10 C:/Users/kings/Downloads/partnership-tracker-laravel/pt-laravel/vendor/laravel/framework/src/Illuminate/Container/BoundMethod.php(36): App/Providers/AppServiceProvider->boot()
#11 C:/Users/kings/Downloads/partnership-tracker-laravel/pt-laravel/vendor/laravel/framework/src/Illuminate/Container/Util.php(43): Illuminate/Container/BoundMethod::{closure:Illuminate/Container/BoundMethod::call():35}()
#12 C:/Users/kings/Downloads/partnership-tracker-laravel/pt-laravel/vendor/laravel/framework/src/Illuminate/Container/BoundMethod.php(95): Illuminate/Container/Util::unwrapIfClosure()
#13 C:/Users/kings/Downloads/partnership-tracker-laravel/pt-laravel/vendor/laravel/framework/src/Illuminate/Container/BoundMethod.php(35): Illuminate/Container/BoundMethod::callBoundMethod()
#14 C:/Users/kings/Downloads/partnership-tracker-laravel/pt-laravel/vendor/laravel/framework/src/Illuminate/Container/Container.php(696): Illuminate/Container/BoundMethod::call()
#15 C:/Users/kings/Downloads/partnership-tracker-laravel/pt-laravel/vendor/laravel/framework/src/Illuminate/Foundation/Application.php(1151): Illuminate/Container/Container->call()
#16 C:/Users/kings/Downloads/partnership-tracker-laravel/pt-laravel/vendor/laravel/framework/src/Illuminate/Foundation/Application.php(1132): Illuminate/Foundation/Application->bootProvider()
#17 [internal function]: Illuminate/Foundation/Application->{closure:Illuminate/Foundation/Application::boot():1131}()
#18 C:/Users/kings/Downloads/partnership-tracker-laravel/pt-laravel/vendor/laravel/framework/src/Illuminate/Foundation/Application.php(1131): array_walk()
#19 C:/Users/kings/Downloads/partnership-tracker-laravel/pt-laravel/vendor/laravel/framework/src/Illuminate/Foundation/Bootstrap/BootProviders.php(17): Illuminate/Foundation/Application->boot()
#20 C:/Users/kings/Downloads/partnership-tracker-laravel/pt-laravel/vendor/laravel/framework/src/Illuminate/Foundation/Application.php(342): Illuminate/Foundation/Bootstrap/BootProviders->bootstrap()
#21 C:/Users/kings/Downloads/partnership-tracker-laravel/pt-laravel/vendor/laravel/framework/src/Illuminate/Foundation/Console/Kernel.php(474): Illuminate/Foundation/Application->bootstrapWith()
#22 C:/Users/kings/Downloads/partnership-tracker-laravel/pt-laravel/vendor/laravel/framework/src/Illuminate/Foundation/Console/Kernel.php(196): Illuminate/Foundation/Console/Kernel->bootstrap()
#23 Command line code(1): Illuminate/Foundation/Console/Kernel->handle()
#24 {main}
"} 
[2026-07-13 19:24:09] production.ERROR: Target [Illuminate\Contracts\Auth\Access\Gate] is not instantiable while building [App\Providers\AppServiceProvider]. {"exception":"[object] (Illuminate\\Contracts\\Container\\BindingResolutionException(code: 0): Target [Illuminate\\Contracts\\Auth\\Access\\Gate] is not instantiable while building [App\\Providers\\AppServiceProvider]. at C:/Users/kings/Downloads/partnership-tracker-laravel/pt-laravel/vendor/laravel/framework/src/Illuminate/Container/Container.php:1216)
[stacktrace]
#0 C:/Users/kings/Downloads/partnership-tracker-laravel/pt-laravel/vendor/laravel/framework/src/Illuminate/Container/Container.php(968): Illuminate/Container/Container->notInstantiable()
#1 C:/Users/kings/Downloads/partnership-tracker-laravel/pt-laravel/vendor/laravel/framework/src/Illuminate/Container/Container.php(832): Illuminate/Container/Container->build()
#2 C:/Users/kings/Downloads/partnership-tracker-laravel/pt-laravel/vendor/laravel/framework/src/Illuminate/Foundation/Application.php(1078): Illuminate/Container/Container->resolve()
#3 C:/Users/kings/Downloads/partnership-tracker-laravel/pt-laravel/vendor/laravel/framework/src/Illuminate/Container/Container.php(763): Illuminate/Foundation/Application->resolve()
#4 C:/Users/kings/Downloads/partnership-tracker-laravel/pt-laravel/vendor/laravel/framework/src/Illuminate/Foundation/Application.php(1058): Illuminate/Container/Container->make()
#5 C:/Users/kings/Downloads/partnership-tracker-laravel/pt-laravel/vendor/laravel/framework/src/Illuminate/Container/Container.php(1580): Illuminate/Foundation/Application->make()
#6 C:/Users/kings/Downloads/partnership-tracker-laravel/pt-laravel/vendor/laravel/framework/src/Illuminate/Support/Facades/Facade.php(239): Illuminate/Container/Container->offsetGet()
#7 C:/Users/kings/Downloads/partnership-tracker-laravel/pt-laravel/vendor/laravel/framework/src/Illuminate/Support/Facades/Facade.php(210): Illuminate/Support/Facades/Facade::resolveFacadeInstance()
#8 C:/Users/kings/Downloads/partnership-tracker-laravel/pt-laravel/vendor/laravel/framework/src/Illuminate/Support/Facades/Facade.php(355): Illuminate/Support/Facades/Facade::getFacadeRoot()
#9 C:/Users/kings/Downloads/partnership-tracker-laravel/pt-laravel/app/Providers/AppServiceProvider.php(29): Illuminate/Support/Facades/Facade::__callStatic()
#10 C:/Users/kings/Downloads/partnership-tracker-laravel/pt-laravel/vendor/laravel/framework/src/Illuminate/Container/BoundMethod.php(36): App/Providers/AppServiceProvider->boot()
#11 C:/Users/kings/Downloads/partnership-tracker-laravel/pt-laravel/vendor/laravel/framework/src/Illuminate/Container/Util.php(43): Illuminate/Container/BoundMethod::{closure:Illuminate/Container/BoundMethod::call():35}()
#12 C:/Users/kings/Downloads/partnership-tracker-laravel/pt-laravel/vendor/laravel/framework/src/Illuminate/Container/BoundMethod.php(95): Illuminate/Container/Util::unwrapIfClosure()
#13 C:/Users/kings/Downloads/partnership-tracker-laravel/pt-laravel/vendor/laravel/framework/src/Illuminate/Container/BoundMethod.php(35): Illuminate/Container/BoundMethod::callBoundMethod()
#14 C:/Users/kings/Downloads/partnership-tracker-laravel/pt-laravel/vendor/laravel/framework/src/Illuminate/Container/Container.php(696): Illuminate/Container/BoundMethod::call()
#15 C:/Users/kings/Downloads/partnership-tracker-laravel/pt-laravel/vendor/laravel/framework/src/Illuminate/Foundation/Application.php(1151): Illuminate/Container/Container->call()
#16 C:/Users/kings/Downloads/partnership-tracker-laravel/pt-laravel/vendor/laravel/framework/src/Illuminate/Foundation/Application.php(1132): Illuminate/Foundation/Application->bootProvider()
#17 [internal function]: Illuminate/Foundation/Application->{closure:Illuminate/Foundation/Application::boot():1131}()
#18 C:/Users/kings/Downloads/partnership-tracker-laravel/pt-laravel/vendor/laravel/framework/src/Illuminate/Foundation/Application.php(1131): array_walk()
#19 C:/Users/kings/Downloads/partnership-tracker-laravel/pt-laravel/vendor/laravel/framework/src/Illuminate/Foundation/Bootstrap/BootProviders.php(17): Illuminate/Foundation/Application->boot()
#20 C:/Users/kings/Downloads/partnership-tracker-laravel/pt-laravel/vendor/laravel/framework/src/Illuminate/Foundation/Application.php(342): Illuminate/Foundation/Bootstrap/BootProviders->bootstrap()
#21 C:/Users/kings/Downloads/partnership-tracker-laravel/pt-laravel/vendor/laravel/framework/src/Illuminate/Foundation/Console/Kernel.php(474): Illuminate/Foundation/Application->bootstrapWith()
#22 C:/Users/kings/Downloads/partnership-tracker-laravel/pt-laravel/vendor/laravel/framework/src/Illuminate/Foundation/Console/Kernel.php(196): Illuminate/Foundation/Console/Kernel->bootstrap()
#23 C:/Users/kings/Downloads/partnership-tracker-laravel/pt-laravel/vendor/laravel/framework/src/Illuminate/Foundation/Application.php(1235): Illuminate/Foundation/Console/Kernel->handle()
#24 C:/Users/kings/Downloads/partnership-tracker-laravel/pt-laravel/artisan(12): Illuminate/Foundation/Application->handleCommand()
#25 {main}
"} 
[2026-07-13 19:24:20] production.ERROR: Target [Illuminate\Contracts\Auth\Access\Gate] is not instantiable while building [App\Providers\AppServiceProvider]. {"exception":"[object] (Illuminate\\Contracts\\Container\\BindingResolutionException(code: 0): Target [Illuminate\\Contracts\\Auth\\Access\\Gate] is not instantiable while building [App\\Providers\\AppServiceProvider]. at C:/Users/kings/Downloads/partnership-tracker-laravel/pt-laravel/vendor/laravel/framework/src/Illuminate/Container/Container.php:1216)
[stacktrace]
#0 C:/Users/kings/Downloads/partnership-tracker-laravel/pt-laravel/vendor/laravel/framework/src/Illuminate/Container/Container.php(968): Illuminate/Container/Container->notInstantiable()
#1 C:/Users/kings/Downloads/partnership-tracker-laravel/pt-laravel/vendor/laravel/framework/src/Illuminate/Container/Container.php(832): Illuminate/Container/Container->build()
#2 C:/Users/kings/Downloads/partnership-tracker-laravel/pt-laravel/vendor/laravel/framework/src/Illuminate/Foundation/Application.php(1078): Illuminate/Container/Container->resolve()
#3 C:/Users/kings/Downloads/partnership-tracker-laravel/pt-laravel/vendor/laravel/framework/src/Illuminate/Container/Container.php(763): Illuminate/Foundation/Application->resolve()
#4 C:/Users/kings/Downloads/partnership-tracker-laravel/pt-laravel/vendor/laravel/framework/src/Illuminate/Foundation/Application.php(1058): Illuminate/Container/Container->make()
#5 C:/Users/kings/Downloads/partnership-tracker-laravel/pt-laravel/vendor/laravel/framework/src/Illuminate/Container/Container.php(1580): Illuminate/Foundation/Application->make()
#6 C:/Users/kings/Downloads/partnership-tracker-laravel/pt-laravel/vendor/laravel/framework/src/Illuminate/Support/Facades/Facade.php(239): Illuminate/Container/Container->offsetGet()
#7 C:/Users/kings/Downloads/partnership-tracker-laravel/pt-laravel/vendor/laravel/framework/src/Illuminate/Support/Facades/Facade.php(210): Illuminate/Support/Facades/Facade::resolveFacadeInstance()
#8 C:/Users/kings/Downloads/partnership-tracker-laravel/pt-laravel/vendor/laravel/framework/src/Illuminate/Support/Facades/Facade.php(355): Illuminate/Support/Facades/Facade::getFacadeRoot()
#9 C:/Users/kings/Downloads/partnership-tracker-laravel/pt-laravel/app/Providers/AppServiceProvider.php(29): Illuminate/Support/Facades/Facade::__callStatic()
#10 C:/Users/kings/Downloads/partnership-tracker-laravel/pt-laravel/vendor/laravel/framework/src/Illuminate/Container/BoundMethod.php(36): App/Providers/AppServiceProvider->boot()
#11 C:/Users/kings/Downloads/partnership-tracker-laravel/pt-laravel/vendor/laravel/framework/src/Illuminate/Container/Util.php(43): Illuminate/Container/BoundMethod::{closure:Illuminate/Container/BoundMethod::call():35}()
#12 C:/Users/kings/Downloads/partnership-tracker-laravel/pt-laravel/vendor/laravel/framework/src/Illuminate/Container/BoundMethod.php(95): Illuminate/Container/Util::unwrapIfClosure()
#13 C:/Users/kings/Downloads/partnership-tracker-laravel/pt-laravel/vendor/laravel/framework/src/Illuminate/Container/BoundMethod.php(35): Illuminate/Container/BoundMethod::callBoundMethod()
#14 C:/Users/kings/Downloads/partnership-tracker-laravel/pt-laravel/vendor/laravel/framework/src/Illuminate/Container/Container.php(696): Illuminate/Container/BoundMethod::call()
#15 C:/Users/kings/Downloads/partnership-tracker-laravel/pt-laravel/vendor/laravel/framework/src/Illuminate/Foundation/Application.php(1151): Illuminate/Container/Container->call()
#16 C:/Users/kings/Downloads/partnership-tracker-laravel/pt-laravel/vendor/laravel/framework/src/Illuminate/Foundation/Application.php(1132): Illuminate/Foundation/Application->bootProvider()
#17 [internal function]: Illuminate/Foundation/Application->{closure:Illuminate/Foundation/Application::boot():1131}()
#18 C:/Users/kings/Downloads/partnership-tracker-laravel/pt-laravel/vendor/laravel/framework/src/Illuminate/Foundation/Application.php(1131): array_walk()
#19 C:/Users/kings/Downloads/partnership-tracker-laravel/pt-laravel/vendor/laravel/framework/src/Illuminate/Foundation/Bootstrap/BootProviders.php(17): Illuminate/Foundation/Application->boot()
#20 C:/Users/kings/Downloads/partnership-tracker-laravel/pt-laravel/vendor/laravel/framework/src/Illuminate/Foundation/Application.php(342): Illuminate/Foundation/Bootstrap/BootProviders->bootstrap()
#21 C:/Users/kings/Downloads/partnership-tracker-laravel/pt-laravel/vendor/laravel/framework/src/Illuminate/Foundation/Console/Kernel.php(474): Illuminate/Foundation/Application->bootstrapWith()
#22 C:/Users/kings/Downloads/partnership-tracker-laravel/pt-laravel/vendor/laravel/framework/src/Illuminate/Foundation/Console/Kernel.php(196): Illuminate/Foundation/Console/Kernel->bootstrap()
#23 Command line code(1): Illuminate/Foundation/Console/Kernel->handle()
#24 {main}
"} 
[2026-07-13 19:24:20] production.ERROR: Target [Illuminate\Contracts\Auth\Access\Gate] is not instantiable while building [App\Providers\AppServiceProvider]. {"exception":"[object] (Illuminate\\Contracts\\Container\\BindingResolutionException(code: 0): Target [Illuminate\\Contracts\\Auth\\Access\\Gate] is not instantiable while building [App\\Providers\\AppServiceProvider]. at C:/Users/kings/Downloads/partnership-tracker-laravel/pt-laravel/vendor/laravel/framework/src/Illuminate/Container/Container.php:1216)
[stacktrace]
#0 C:/Users/kings/Downloads/partnership-tracker-laravel/pt-laravel/vendor/laravel/framework/src/Illuminate/Container/Container.php(968): Illuminate/Container/Container->notInstantiable()
#1 C:/Users/kings/Downloads/partnership-tracker-laravel/pt-laravel/vendor/laravel/framework/src/Illuminate/Container/Container.php(832): Illuminate/Container/Container->build()
#2 C:/Users/kings/Downloads/partnership-tracker-laravel/pt-laravel/vendor/laravel/framework/src/Illuminate/Foundation/Application.php(1078): Illuminate/Container/Container->resolve()
#3 C:/Users/kings/Downloads/partnership-tracker-laravel/pt-laravel/vendor/laravel/framework/src/Illuminate/Container/Container.php(763): Illuminate/Foundation/Application->resolve()
#4 C:/Users/kings/Downloads/partnership-tracker-laravel/pt-laravel/vendor/laravel/framework/src/Illuminate/Foundation/Application.php(1058): Illuminate/Container/Container->make()
#5 C:/Users/kings/Downloads/partnership-tracker-laravel/pt-laravel/vendor/laravel/framework/src/Illuminate/Container/Container.php(1580): Illuminate/Foundation/Application->make()
#6 C:/Users/kings/Downloads/partnership-tracker-laravel/pt-laravel/vendor/laravel/framework/src/Illuminate/Support/Facades/Facade.php(239): Illuminate/Container/Container->offsetGet()
#7 C:/Users/kings/Downloads/partnership-tracker-laravel/pt-laravel/vendor/laravel/framework/src/Illuminate/Support/Facades/Facade.php(210): Illuminate/Support/Facades/Facade::resolveFacadeInstance()
#8 C:/Users/kings/Downloads/partnership-tracker-laravel/pt-laravel/vendor/laravel/framework/src/Illuminate/Support/Facades/Facade.php(355): Illuminate/Support/Facades/Facade::getFacadeRoot()
#9 C:/Users/kings/Downloads/partnership-tracker-laravel/pt-laravel/app/Providers/AppServiceProvider.php(29): Illuminate/Support/Facades/Facade::__callStatic()
#10 C:/Users/kings/Downloads/partnership-tracker-laravel/pt-laravel/vendor/laravel/framework/src/Illuminate/Container/BoundMethod.php(36): App/Providers/AppServiceProvider->boot()
#11 C:/Users/kings/Downloads/partnership-tracker-laravel/pt-laravel/vendor/laravel/framework/src/Illuminate/Container/Util.php(43): Illuminate/Container/BoundMethod::{closure:Illuminate/Container/BoundMethod::call():35}()
#12 C:/Users/kings/Downloads/partnership-tracker-laravel/pt-laravel/vendor/laravel/framework/src/Illuminate/Container/BoundMethod.php(95): Illuminate/Container/Util::unwrapIfClosure()
#13 C:/Users/kings/Downloads/partnership-tracker-laravel/pt-laravel/vendor/laravel/framework/src/Illuminate/Container/BoundMethod.php(35): Illuminate/Container/BoundMethod::callBoundMethod()
#14 C:/Users/kings/Downloads/partnership-tracker-laravel/pt-laravel/vendor/laravel/framework/src/Illuminate/Container/Container.php(696): Illuminate/Container/BoundMethod::call()
#15 C:/Users/kings/Downloads/partnership-tracker-laravel/pt-laravel/vendor/laravel/framework/src/Illuminate/Foundation/Application.php(1151): Illuminate/Container/Container->call()
#16 C:/Users/kings/Downloads/partnership-tracker-laravel/pt-laravel/vendor/laravel/framework/src/Illuminate/Foundation/Application.php(1132): Illuminate/Foundation/Application->bootProvider()
#17 [internal function]: Illuminate/Foundation/Application->{closure:Illuminate/Foundation/Application::boot():1131}()
#18 C:/Users/kings/Downloads/partnership-tracker-laravel/pt-laravel/vendor/laravel/framework/src/Illuminate/Foundation/Application.php(1131): array_walk()
#19 C:/Users/kings/Downloads/partnership-tracker-laravel/pt-laravel/vendor/laravel/framework/src/Illuminate/Foundation/Bootstrap/BootProviders.php(17): Illuminate/Foundation/Application->boot()
#20 C:/Users/kings/Downloads/partnership-tracker-laravel/pt-laravel/vendor/laravel/framework/src/Illuminate/Foundation/Application.php(342): Illuminate/Foundation/Bootstrap/BootProviders->bootstrap()
#21 C:/Users/kings/Downloads/partnership-tracker-laravel/pt-laravel/vendor/laravel/framework/src/Illuminate/Foundation/Console/Kernel.php(474): Illuminate/Foundation/Application->bootstrapWith()
#22 C:/Users/kings/Downloads/partnership-tracker-laravel/pt-laravel/vendor/laravel/framework/src/Illuminate/Foundation/Console/Kernel.php(196): Illuminate/Foundation/Console/Kernel->bootstrap()
#23 Command line code(1): Illuminate/Foundation/Console/Kernel->handle()
#24 {main}
"} 
[2026-07-13 19:25:20] production.ERROR: Target [Illuminate\Contracts\Auth\Access\Gate] is not instantiable while building [App\Providers\AppServiceProvider]. {"exception":"[object] (Illuminate\\Contracts\\Container\\BindingResolutionException(code: 0): Target [Illuminate\\Contracts\\Auth\\Access\\Gate] is not instantiable while building [App\\Providers\\AppServiceProvider]. at C:/Users/kings/Downloads/partnership-tracker-laravel/pt-laravel/vendor/laravel/framework/src/Illuminate/Container/Container.php:1216)
[stacktrace]
#0 C:/Users/kings/Downloads/partnership-tracker-laravel/pt-laravel/vendor/laravel/framework/src/Illuminate/Container/Container.php(968): Illuminate/Container/Container->notInstantiable()
#1 C:/Users/kings/Downloads/partnership-tracker-laravel/pt-laravel/vendor/laravel/framework/src/Illuminate/Container/Container.php(832): Illuminate/Container/Container->build()
#2 C:/Users/kings/Downloads/partnership-tracker-laravel/pt-laravel/vendor/laravel/framework/src/Illuminate/Foundation/Application.php(1078): Illuminate/Container/Container->resolve()
#3 C:/Users/kings/Downloads/partnership-tracker-laravel/pt-laravel/vendor/laravel/framework/src/Illuminate/Container/Container.php(763): Illuminate/Foundation/Application->resolve()
#4 C:/Users/kings/Downloads/partnership-tracker-laravel/pt-laravel/vendor/laravel/framework/src/Illuminate/Foundation/Application.php(1058): Illuminate/Container/Container->make()
#5 C:/Users/kings/Downloads/partnership-tracker-laravel/pt-laravel/vendor/laravel/framework/src/Illuminate/Container/Container.php(1580): Illuminate/Foundation/Application->make()
#6 C:/Users/kings/Downloads/partnership-tracker-laravel/pt-laravel/vendor/laravel/framework/src/Illuminate/Support/Facades/Facade.php(239): Illuminate/Container/Container->offsetGet()
#7 C:/Users/kings/Downloads/partnership-tracker-laravel/pt-laravel/vendor/laravel/framework/src/Illuminate/Support/Facades/Facade.php(210): Illuminate/Support/Facades/Facade::resolveFacadeInstance()
#8 C:/Users/kings/Downloads/partnership-tracker-laravel/pt-laravel/vendor/laravel/framework/src/Illuminate/Support/Facades/Facade.php(355): Illuminate/Support/Facades/Facade::getFacadeRoot()
#9 C:/Users/kings/Downloads/partnership-tracker-laravel/pt-laravel/app/Providers/AppServiceProvider.php(29): Illuminate/Support/Facades/Facade::__callStatic()
#10 C:/Users/kings/Downloads/partnership-tracker-laravel/pt-laravel/vendor/laravel/framework/src/Illuminate/Container/BoundMethod.php(36): App/Providers/AppServiceProvider->boot()
#11 C:/Users/kings/Downloads/partnership-tracker-laravel/pt-laravel/vendor/laravel/framework/src/Illuminate/Container/Util.php(43): Illuminate/Container/BoundMethod::{closure:Illuminate/Container/BoundMethod::call():35}()
#12 C:/Users/kings/Downloads/partnership-tracker-laravel/pt-laravel/vendor/laravel/framework/src/Illuminate/Container/BoundMethod.php(95): Illuminate/Container/Util::unwrapIfClosure()
#13 C:/Users/kings/Downloads/partnership-tracker-laravel/pt-laravel/vendor/laravel/framework/src/Illuminate/Container/BoundMethod.php(35): Illuminate/Container/BoundMethod::callBoundMethod()
#14 C:/Users/kings/Downloads/partnership-tracker-laravel/pt-laravel/vendor/laravel/framework/src/Illuminate/Container/Container.php(696): Illuminate/Container/BoundMethod::call()
#15 C:/Users/kings/Downloads/partnership-tracker-laravel/pt-laravel/vendor/laravel/framework/src/Illuminate/Foundation/Application.php(1151): Illuminate/Container/Container->call()
#16 C:/Users/kings/Downloads/partnership-tracker-laravel/pt-laravel/vendor/laravel/framework/src/Illuminate/Foundation/Application.php(1132): Illuminate/Foundation/Application->bootProvider()
#17 [internal function]: Illuminate/Foundation/Application->{closure:Illuminate/Foundation/Application::boot():1131}()
#18 C:/Users/kings/Downloads/partnership-tracker-laravel/pt-laravel/vendor/laravel/framework/src/Illuminate/Foundation/Application.php(1131): array_walk()
#19 C:/Users/kings/Downloads/partnership-tracker-laravel/pt-laravel/vendor/laravel/framework/src/Illuminate/Foundation/Bootstrap/BootProviders.php(17): Illuminate/Foundation/Application->boot()
#20 C:/Users/kings/Downloads/partnership-tracker-laravel/pt-laravel/vendor/laravel/framework/src/Illuminate/Foundation/Application.php(342): Illuminate/Foundation/Bootstrap/BootProviders->bootstrap()
#21 C:/Users/kings/Downloads/partnership-tracker-laravel/pt-laravel/vendor/laravel/framework/src/Illuminate/Foundation/Console/Kernel.php(474): Illuminate/Foundation/Application->bootstrapWith()
#22 C:/Users/kings/Downloads/partnership-tracker-laravel/pt-laravel/vendor/laravel/framework/src/Illuminate/Foundation/Console/Kernel.php(196): Illuminate/Foundation/Console/Kernel->bootstrap()
#23 Command line code(1): Illuminate/Foundation/Console/Kernel->handle()
#24 {main}
"} 
[2026-07-13 19:25:20] production.ERROR: Target [Illuminate\Contracts\Auth\Access\Gate] is not instantiable while building [App\Providers\AppServiceProvider]. {"exception":"[object] (Illuminate\\Contracts\\Container\\BindingResolutionException(code: 0): Target [Illuminate\\Contracts\\Auth\\Access\\Gate] is not instantiable while building [App\\Providers\\AppServiceProvider]. at C:/Users/kings/Downloads/partnership-tracker-laravel/pt-laravel/vendor/laravel/framework/src/Illuminate/Container/Container.php:1216)
[stacktrace]
#0 C:/Users/kings/Downloads/partnership-tracker-laravel/pt-laravel/vendor/laravel/framework/src/Illuminate/Container/Container.php(968): Illuminate/Container/Container->notInstantiable()
#1 C:/Users/kings/Downloads/partnership-tracker-laravel/pt-laravel/vendor/laravel/framework/src/Illuminate/Container/Container.php(832): Illuminate/Container/Container->build()
#2 C:/Users/kings/Downloads/partnership-tracker-laravel/pt-laravel/vendor/laravel/framework/src/Illuminate/Foundation/Application.php(1078): Illuminate/Container/Container->resolve()
#3 C:/Users/kings/Downloads/partnership-tracker-laravel/pt-laravel/vendor/laravel/framework/src/Illuminate/Container/Container.php(763): Illuminate/Foundation/Application->resolve()
#4 C:/Users/kings/Downloads/partnership-tracker-laravel/pt-laravel/vendor/laravel/framework/src/Illuminate/Foundation/Application.php(1058): Illuminate/Container/Container->make()
#5 C:/Users/kings/Downloads/partnership-tracker-laravel/pt-laravel/vendor/laravel/framework/src/Illuminate/Container/Container.php(1580): Illuminate/Foundation/Application->make()
#6 C:/Users/kings/Downloads/partnership-tracker-laravel/pt-laravel/vendor/laravel/framework/src/Illuminate/Support/Facades/Facade.php(239): Illuminate/Container/Container->offsetGet()
#7 C:/Users/kings/Downloads/partnership-tracker-laravel/pt-laravel/vendor/laravel/framework/src/Illuminate/Support/Facades/Facade.php(210): Illuminate/Support/Facades/Facade::resolveFacadeInstance()
#8 C:/Users/kings/Downloads/partnership-tracker-laravel/pt-laravel/vendor/laravel/framework/src/Illuminate/Support/Facades/Facade.php(355): Illuminate/Support/Facades/Facade::getFacadeRoot()
#9 C:/Users/kings/Downloads/partnership-tracker-laravel/pt-laravel/app/Providers/AppServiceProvider.php(29): Illuminate/Support/Facades/Facade::__callStatic()
#10 C:/Users/kings/Downloads/partnership-tracker-laravel/pt-laravel/vendor/laravel/framework/src/Illuminate/Container/BoundMethod.php(36): App/Providers/AppServiceProvider->boot()
#11 C:/Users/kings/Downloads/partnership-tracker-laravel/pt-laravel/vendor/laravel/framework/src/Illuminate/Container/Util.php(43): Illuminate/Container/BoundMethod::{closure:Illuminate/Container/BoundMethod::call():35}()
#12 C:/Users/kings/Downloads/partnership-tracker-laravel/pt-laravel/vendor/laravel/framework/src/Illuminate/Container/BoundMethod.php(95): Illuminate/Container/Util::unwrapIfClosure()
#13 C:/Users/kings/Downloads/partnership-tracker-laravel/pt-laravel/vendor/laravel/framework/src/Illuminate/Container/BoundMethod.php(35): Illuminate/Container/BoundMethod::callBoundMethod()
#14 C:/Users/kings/Downloads/partnership-tracker-laravel/pt-laravel/vendor/laravel/framework/src/Illuminate/Container/Container.php(696): Illuminate/Container/BoundMethod::call()
#15 C:/Users/kings/Downloads/partnership-tracker-laravel/pt-laravel/vendor/laravel/framework/src/Illuminate/Foundation/Application.php(1151): Illuminate/Container/Container->call()
#16 C:/Users/kings/Downloads/partnership-tracker-laravel/pt-laravel/vendor/laravel/framework/src/Illuminate/Foundation/Application.php(1132): Illuminate/Foundation/Application->bootProvider()
#17 [internal function]: Illuminate/Foundation/Application->{closure:Illuminate/Foundation/Application::boot():1131}()
#18 C:/Users/kings/Downloads/partnership-tracker-laravel/pt-laravel/vendor/laravel/framework/src/Illuminate/Foundation/Application.php(1131): array_walk()
#19 C:/Users/kings/Downloads/partnership-tracker-laravel/pt-laravel/vendor/laravel/framework/src/Illuminate/Foundation/Bootstrap/BootProviders.php(17): Illuminate/Foundation/Application->boot()
#20 C:/Users/kings/Downloads/partnership-tracker-laravel/pt-laravel/vendor/laravel/framework/src/Illuminate/Foundation/Application.php(342): Illuminate/Foundation/Bootstrap/BootProviders->bootstrap()
#21 C:/Users/kings/Downloads/partnership-tracker-laravel/pt-laravel/vendor/laravel/framework/src/Illuminate/Foundation/Console/Kernel.php(474): Illuminate/Foundation/Application->bootstrapWith()
#22 C:/Users/kings/Downloads/partnership-tracker-laravel/pt-laravel/vendor/laravel/framework/src/Illuminate/Foundation/Console/Kernel.php(196): Illuminate/Foundation/Console/Kernel->bootstrap()
#23 Command line code(1): Illuminate/Foundation/Console/Kernel->handle()
#24 {main}
"} 
[2026-07-13 19:26:20] production.ERROR: Target [Illuminate\Contracts\Auth\Access\Gate] is not instantiable while building [App\Providers\AppServiceProvider]. {"exception":"[object] (Illuminate\\Contracts\\Container\\BindingResolutionException(code: 0): Target [Illuminate\\Contracts\\Auth\\Access\\Gate] is not instantiable while building [App\\Providers\\AppServiceProvider]. at C:/Users/kings/Downloads/partnership-tracker-laravel/pt-laravel/vendor/laravel/framework/src/Illuminate/Container/Container.php:1216)
[stacktrace]
#0 C:/Users/kings/Downloads/partnership-tracker-laravel/pt-laravel/vendor/laravel/framework/src/Illuminate/Container/Container.php(968): Illuminate/Container/Container->notInstantiable()
#1 C:/Users/kings/Downloads/partnership-tracker-laravel/pt-laravel/vendor/laravel/framework/src/Illuminate/Container/Container.php(832): Illuminate/Container/Container->build()
#2 C:/Users/kings/Downloads/partnership-tracker-laravel/pt-laravel/vendor/laravel/framework/src/Illuminate/Foundation/Application.php(1078): Illuminate/Container/Container->resolve()
#3 C:/Users/kings/Downloads/partnership-tracker-laravel/pt-laravel/vendor/laravel/framework/src/Illuminate/Container/Container.php(763): Illuminate/Foundation/Application->resolve()
#4 C:/Users/kings/Downloads/partnership-tracker-laravel/pt-laravel/vendor/laravel/framework/src/Illuminate/Foundation/Application.php(1058): Illuminate/Container/Container->make()
#5 C:/Users/kings/Downloads/partnership-tracker-laravel/pt-laravel/vendor/laravel/framework/src/Illuminate/Container/Container.php(1580): Illuminate/Foundation/Application->make()
#6 C:/Users/kings/Downloads/partnership-tracker-laravel/pt-laravel/vendor/laravel/framework/src/Illuminate/Support/Facades/Facade.php(239): Illuminate/Container/Container->offsetGet()
#7 C:/Users/kings/Downloads/partnership-tracker-laravel/pt-laravel/vendor/laravel/framework/src/Illuminate/Support/Facades/Facade.php(210): Illuminate/Support/Facades/Facade::resolveFacadeInstance()
#8 C:/Users/kings/Downloads/partnership-tracker-laravel/pt-laravel/vendor/laravel/framework/src/Illuminate/Support/Facades/Facade.php(355): Illuminate/Support/Facades/Facade::getFacadeRoot()
#9 C:/Users/kings/Downloads/partnership-tracker-laravel/pt-laravel/app/Providers/AppServiceProvider.php(29): Illuminate/Support/Facades/Facade::__callStatic()
#10 C:/Users/kings/Downloads/partnership-tracker-laravel/pt-laravel/vendor/laravel/framework/src/Illuminate/Container/BoundMethod.php(36): App/Providers/AppServiceProvider->boot()
#11 C:/Users/kings/Downloads/partnership-tracker-laravel/pt-laravel/vendor/laravel/framework/src/Illuminate/Container/Util.php(43): Illuminate/Container/BoundMethod::{closure:Illuminate/Container/BoundMethod::call():35}()
#12 C:/Users/kings/Downloads/partnership-tracker-laravel/pt-laravel/vendor/laravel/framework/src/Illuminate/Container/BoundMethod.php(95): Illuminate/Container/Util::unwrapIfClosure()
#13 C:/Users/kings/Downloads/partnership-tracker-laravel/pt-laravel/vendor/laravel/framework/src/Illuminate/Container/BoundMethod.php(35): Illuminate/Container/BoundMethod::callBoundMethod()
#14 C:/Users/kings/Downloads/partnership-tracker-laravel/pt-laravel/vendor/laravel/framework/src/Illuminate/Container/Container.php(696): Illuminate/Container/BoundMethod::call()
#15 C:/Users/kings/Downloads/partnership-tracker-laravel/pt-laravel/vendor/laravel/framework/src/Illuminate/Foundation/Application.php(1151): Illuminate/Container/Container->call()
#16 C:/Users/kings/Downloads/partnership-tracker-laravel/pt-laravel/vendor/laravel/framework/src/Illuminate/Foundation/Application.php(1132): Illuminate/Foundation/Application->bootProvider()
#17 [internal function]: Illuminate/Foundation/Application->{closure:Illuminate/Foundation/Application::boot():1131}()
#18 C:/Users/kings/Downloads/partnership-tracker-laravel/pt-laravel/vendor/laravel/framework/src/Illuminate/Foundation/Application.php(1131): array_walk()
#19 C:/Users/kings/Downloads/partnership-tracker-laravel/pt-laravel/vendor/laravel/framework/src/Illuminate/Foundation/Bootstrap/BootProviders.php(17): Illuminate/Foundation/Application->boot()
#20 C:/Users/kings/Downloads/partnership-tracker-laravel/pt-laravel/vendor/laravel/framework/src/Illuminate/Foundation/Application.php(342): Illuminate/Foundation/Bootstrap/BootProviders->bootstrap()
#21 C:/Users/kings/Downloads/partnership-tracker-laravel/pt-laravel/vendor/laravel/framework/src/Illuminate/Foundation/Console/Kernel.php(474): Illuminate/Foundation/Application->bootstrapWith()
#22 C:/Users/kings/Downloads/partnership-tracker-laravel/pt-laravel/vendor/laravel/framework/src/Illuminate/Foundation/Console/Kernel.php(196): Illuminate/Foundation/Console/Kernel->bootstrap()
#23 Command line code(1): Illuminate/Foundation/Console/Kernel->handle()
#24 {main}
"} 
[2026-07-13 19:26:21] production.ERROR: Target [Illuminate\Contracts\Auth\Access\Gate] is not instantiable while building [App\Providers\AppServiceProvider]. {"exception":"[object] (Illuminate\\Contracts\\Container\\BindingResolutionException(code: 0): Target [Illuminate\\Contracts\\Auth\\Access\\Gate] is not instantiable while building [App\\Providers\\AppServiceProvider]. at C:/Users/kings/Downloads/partnership-tracker-laravel/pt-laravel/vendor/laravel/framework/src/Illuminate/Container/Container.php:1216)
[stacktrace]
#0 C:/Users/kings/Downloads/partnership-tracker-laravel/pt-laravel/vendor/laravel/framework/src/Illuminate/Container/Container.php(968): Illuminate/Container/Container->notInstantiable()
#1 C:/Users/kings/Downloads/partnership-tracker-laravel/pt-laravel/vendor/laravel/framework/src/Illuminate/Container/Container.php(832): Illuminate/Container/Container->build()
#2 C:/Users/kings/Downloads/partnership-tracker-laravel/pt-laravel/vendor/laravel/framework/src/Illuminate/Foundation/Application.php(1078): Illuminate/Container/Container->resolve()
#3 C:/Users/kings/Downloads/partnership-tracker-laravel/pt-laravel/vendor/laravel/framework/src/Illuminate/Container/Container.php(763): Illuminate/Foundation/Application->resolve()
#4 C:/Users/kings/Downloads/partnership-tracker-laravel/pt-laravel/vendor/laravel/framework/src/Illuminate/Foundation/Application.php(1058): Illuminate/Container/Container->make()
#5 C:/Users/kings/Downloads/partnership-tracker-laravel/pt-laravel/vendor/laravel/framework/src/Illuminate/Container/Container.php(1580): Illuminate/Foundation/Application->make()
#6 C:/Users/kings/Downloads/partnership-tracker-laravel/pt-laravel/vendor/laravel/framework/src/Illuminate/Support/Facades/Facade.php(239): Illuminate/Container/Container->offsetGet()
#7 C:/Users/kings/Downloads/partnership-tracker-laravel/pt-laravel/vendor/laravel/framework/src/Illuminate/Support/Facades/Facade.php(210): Illuminate/Support/Facades/Facade::resolveFacadeInstance()
#8 C:/Users/kings/Downloads/partnership-tracker-laravel/pt-laravel/vendor/laravel/framework/src/Illuminate/Support/Facades/Facade.php(355): Illuminate/Support/Facades/Facade::getFacadeRoot()
#9 C:/Users/kings/Downloads/partnership-tracker-laravel/pt-laravel/app/Providers/AppServiceProvider.php(29): Illuminate/Support/Facades/Facade::__callStatic()
#10 C:/Users/kings/Downloads/partnership-tracker-laravel/pt-laravel/vendor/laravel/framework/src/Illuminate/Container/BoundMethod.php(36): App/Providers/AppServiceProvider->boot()
#11 C:/Users/kings/Downloads/partnership-tracker-laravel/pt-laravel/vendor/laravel/framework/src/Illuminate/Container/Util.php(43): Illuminate/Container/BoundMethod::{closure:Illuminate/Container/BoundMethod::call():35}()
#12 C:/Users/kings/Downloads/partnership-tracker-laravel/pt-laravel/vendor/laravel/framework/src/Illuminate/Container/BoundMethod.php(95): Illuminate/Container/Util::unwrapIfClosure()
#13 C:/Users/kings/Downloads/partnership-tracker-laravel/pt-laravel/vendor/laravel/framework/src/Illuminate/Container/BoundMethod.php(35): Illuminate/Container/BoundMethod::callBoundMethod()
#14 C:/Users/kings/Downloads/partnership-tracker-laravel/pt-laravel/vendor/laravel/framework/src/Illuminate/Container/Container.php(696): Illuminate/Container/BoundMethod::call()
#15 C:/Users/kings/Downloads/partnership-tracker-laravel/pt-laravel/vendor/laravel/framework/src/Illuminate/Foundation/Application.php(1151): Illuminate/Container/Container->call()
#16 C:/Users/kings/Downloads/partnership-tracker-laravel/pt-laravel/vendor/laravel/framework/src/Illuminate/Foundation/Application.php(1132): Illuminate/Foundation/Application->bootProvider()
#17 [internal function]: Illuminate/Foundation/Application->{closure:Illuminate/Foundation/Application::boot():1131}()
#18 C:/Users/kings/Downloads/partnership-tracker-laravel/pt-laravel/vendor/laravel/framework/src/Illuminate/Foundation/Application.php(1131): array_walk()
#19 C:/Users/kings/Downloads/partnership-tracker-laravel/pt-laravel/vendor/laravel/framework/src/Illuminate/Foundation/Bootstrap/BootProviders.php(17): Illuminate/Foundation/Application->boot()
#20 C:/Users/kings/Downloads/partnership-tracker-laravel/pt-laravel/vendor/laravel/framework/src/Illuminate/Foundation/Application.php(342): Illuminate/Foundation/Bootstrap/BootProviders->bootstrap()
#21 C:/Users/kings/Downloads/partnership-tracker-laravel/pt-laravel/vendor/laravel/framework/src/Illuminate/Foundation/Console/Kernel.php(474): Illuminate/Foundation/Application->bootstrapWith()
#22 C:/Users/kings/Downloads/partnership-tracker-laravel/pt-laravel/vendor/laravel/framework/src/Illuminate/Foundation/Console/Kernel.php(196): Illuminate/Foundation/Console/Kernel->bootstrap()
#23 Command line code(1): Illuminate/Foundation/Console/Kernel->handle()
#24 {main}
"} 
[2026-07-13 19:27:20] production.ERROR: Target [Illuminate\Contracts\Auth\Access\Gate] is not instantiable while building [App\Providers\AppServiceProvider]. {"exception":"[object] (Illuminate\\Contracts\\Container\\BindingResolutionException(code: 0): Target [Illuminate\\Contracts\\Auth\\Access\\Gate] is not instantiable while building [App\\Providers\\AppServiceProvider]. at C:/Users/kings/Downloads/partnership-tracker-laravel/pt-laravel/vendor/laravel/framework/src/Illuminate/Container/Container.php:1216)
[stacktrace]
#0 C:/Users/kings/Downloads/partnership-tracker-laravel/pt-laravel/vendor/laravel/framework/src/Illuminate/Container/Container.php(968): Illuminate/Container/Container->notInstantiable()
#1 C:/Users/kings/Downloads/partnership-tracker-laravel/pt-laravel/vendor/laravel/framework/src/Illuminate/Container/Container.php(832): Illuminate/Container/Container->build()
#2 C:/Users/kings/Downloads/partnership-tracker-laravel/pt-laravel/vendor/laravel/framework/src/Illuminate/Foundation/Application.php(1078): Illuminate/Container/Container->resolve()
#3 C:/Users/kings/Downloads/partnership-tracker-laravel/pt-laravel/vendor/laravel/framework/src/Illuminate/Container/Container.php(763): Illuminate/Foundation/Application->resolve()
#4 C:/Users/kings/Downloads/partnership-tracker-laravel/pt-laravel/vendor/laravel/framework/src/Illuminate/Foundation/Application.php(1058): Illuminate/Container/Container->make()
#5 C:/Users/kings/Downloads/partnership-tracker-laravel/pt-laravel/vendor/laravel/framework/src/Illuminate/Container/Container.php(1580): Illuminate/Foundation/Application->make()
#6 C:/Users/kings/Downloads/partnership-tracker-laravel/pt-laravel/vendor/laravel/framework/src/Illuminate/Support/Facades/Facade.php(239): Illuminate/Container/Container->offsetGet()
#7 C:/Users/kings/Downloads/partnership-tracker-laravel/pt-laravel/vendor/laravel/framework/src/Illuminate/Support/Facades/Facade.php(210): Illuminate/Support/Facades/Facade::resolveFacadeInstance()
#8 C:/Users/kings/Downloads/partnership-tracker-laravel/pt-laravel/vendor/laravel/framework/src/Illuminate/Support/Facades/Facade.php(355): Illuminate/Support/Facades/Facade::getFacadeRoot()
#9 C:/Users/kings/Downloads/partnership-tracker-laravel/pt-laravel/app/Providers/AppServiceProvider.php(29): Illuminate/Support/Facades/Facade::__callStatic()
#10 C:/Users/kings/Downloads/partnership-tracker-laravel/pt-laravel/vendor/laravel/framework/src/Illuminate/Container/BoundMethod.php(36): App/Providers/AppServiceProvider->boot()
#11 C:/Users/kings/Downloads/partnership-tracker-laravel/pt-laravel/vendor/laravel/framework/src/Illuminate/Container/Util.php(43): Illuminate/Container/BoundMethod::{closure:Illuminate/Container/BoundMethod::call():35}()
#12 C:/Users/kings/Downloads/partnership-tracker-laravel/pt-laravel/vendor/laravel/framework/src/Illuminate/Container/BoundMethod.php(95): Illuminate/Container/Util::unwrapIfClosure()
#13 C:/Users/kings/Downloads/partnership-tracker-laravel/pt-laravel/vendor/laravel/framework/src/Illuminate/Container/BoundMethod.php(35): Illuminate/Container/BoundMethod::callBoundMethod()
#14 C:/Users/kings/Downloads/partnership-tracker-laravel/pt-laravel/vendor/laravel/framework/src/Illuminate/Container/Container.php(696): Illuminate/Container/BoundMethod::call()
#15 C:/Users/kings/Downloads/partnership-tracker-laravel/pt-laravel/vendor/laravel/framework/src/Illuminate/Foundation/Application.php(1151): Illuminate/Container/Container->call()
#16 C:/Users/kings/Downloads/partnership-tracker-laravel/pt-laravel/vendor/laravel/framework/src/Illuminate/Foundation/Application.php(1132): Illuminate/Foundation/Application->bootProvider()
#17 [internal function]: Illuminate/Foundation/Application->{closure:Illuminate/Foundation/Application::boot():1131}()
#18 C:/Users/kings/Downloads/partnership-tracker-laravel/pt-laravel/vendor/laravel/framework/src/Illuminate/Foundation/Application.php(1131): array_walk()
#19 C:/Users/kings/Downloads/partnership-tracker-laravel/pt-laravel/vendor/laravel/framework/src/Illuminate/Foundation/Bootstrap/BootProviders.php(17): Illuminate/Foundation/Application->boot()
#20 C:/Users/kings/Downloads/partnership-tracker-laravel/pt-laravel/vendor/laravel/framework/src/Illuminate/Foundation/Application.php(342): Illuminate/Foundation/Bootstrap/BootProviders->bootstrap()
#21 C:/Users/kings/Downloads/partnership-tracker-laravel/pt-laravel/vendor/laravel/framework/src/Illuminate/Foundation/Console/Kernel.php(474): Illuminate/Foundation/Application->bootstrapWith()
#22 C:/Users/kings/Downloads/partnership-tracker-laravel/pt-laravel/vendor/laravel/framework/src/Illuminate/Foundation/Console/Kernel.php(196): Illuminate/Foundation/Console/Kernel->bootstrap()
#23 Command line code(1): Illuminate/Foundation/Console/Kernel->handle()
#24 {main}
"} 
[2026-07-13 19:27:20] production.ERROR: Target [Illuminate\Contracts\Auth\Access\Gate] is not instantiable while building [App\Providers\AppServiceProvider]. {"exception":"[object] (Illuminate\\Contracts\\Container\\BindingResolutionException(code: 0): Target [Illuminate\\Contracts\\Auth\\Access\\Gate] is not instantiable while building [App\\Providers\\AppServiceProvider]. at C:/Users/kings/Downloads/partnership-tracker-laravel/pt-laravel/vendor/laravel/framework/src/Illuminate/Container/Container.php:1216)
[stacktrace]
#0 C:/Users/kings/Downloads/partnership-tracker-laravel/pt-laravel/vendor/laravel/framework/src/Illuminate/Container/Container.php(968): Illuminate/Container/Container->notInstantiable()
#1 C:/Users/kings/Downloads/partnership-tracker-laravel/pt-laravel/vendor/laravel/framework/src/Illuminate/Container/Container.php(832): Illuminate/Container/Container->build()
#2 C:/Users/kings/Downloads/partnership-tracker-laravel/pt-laravel/vendor/laravel/framework/src/Illuminate/Foundation/Application.php(1078): Illuminate/Container/Container->resolve()
#3 C:/Users/kings/Downloads/partnership-tracker-laravel/pt-laravel/vendor/laravel/framework/src/Illuminate/Container/Container.php(763): Illuminate/Foundation/Application->resolve()
#4 C:/Users/kings/Downloads/partnership-tracker-laravel/pt-laravel/vendor/laravel/framework/src/Illuminate/Foundation/Application.php(1058): Illuminate/Container/Container->make()
#5 C:/Users/kings/Downloads/partnership-tracker-laravel/pt-laravel/vendor/laravel/framework/src/Illuminate/Container/Container.php(1580): Illuminate/Foundation/Application->make()
#6 C:/Users/kings/Downloads/partnership-tracker-laravel/pt-laravel/vendor/laravel/framework/src/Illuminate/Support/Facades/Facade.php(239): Illuminate/Container/Container->offsetGet()
#7 C:/Users/kings/Downloads/partnership-tracker-laravel/pt-laravel/vendor/laravel/framework/src/Illuminate/Support/Facades/Facade.php(210): Illuminate/Support/Facades/Facade::resolveFacadeInstance()
#8 C:/Users/kings/Downloads/partnership-tracker-laravel/pt-laravel/vendor/laravel/framework/src/Illuminate/Support/Facades/Facade.php(355): Illuminate/Support/Facades/Facade::getFacadeRoot()
#9 C:/Users/kings/Downloads/partnership-tracker-laravel/pt-laravel/app/Providers/AppServiceProvider.php(29): Illuminate/Support/Facades/Facade::__callStatic()
#10 C:/Users/kings/Downloads/partnership-tracker-laravel/pt-laravel/vendor/laravel/framework/src/Illuminate/Container/BoundMethod.php(36): App/Providers/AppServiceProvider->boot()
#11 C:/Users/kings/Downloads/partnership-tracker-laravel/pt-laravel/vendor/laravel/framework/src/Illuminate/Container/Util.php(43): Illuminate/Container/BoundMethod::{closure:Illuminate/Container/BoundMethod::call():35}()
#12 C:/Users/kings/Downloads/partnership-tracker-laravel/pt-laravel/vendor/laravel/framework/src/Illuminate/Container/BoundMethod.php(95): Illuminate/Container/Util::unwrapIfClosure()
#13 C:/Users/kings/Downloads/partnership-tracker-laravel/pt-laravel/vendor/laravel/framework/src/Illuminate/Container/BoundMethod.php(35): Illuminate/Container/BoundMethod::callBoundMethod()
#14 C:/Users/kings/Downloads/partnership-tracker-laravel/pt-laravel/vendor/laravel/framework/src/Illuminate/Container/Container.php(696): Illuminate/Container/BoundMethod::call()
#15 C:/Users/kings/Downloads/partnership-tracker-laravel/pt-laravel/vendor/laravel/framework/src/Illuminate/Foundation/Application.php(1151): Illuminate/Container/Container->call()
#16 C:/Users/kings/Downloads/partnership-tracker-laravel/pt-laravel/vendor/laravel/framework/src/Illuminate/Foundation/Application.php(1132): Illuminate/Foundation/Application->bootProvider()
#17 [internal function]: Illuminate/Foundation/Application->{closure:Illuminate/Foundation/Application::boot():1131}()
#18 C:/Users/kings/Downloads/partnership-tracker-laravel/pt-laravel/vendor/laravel/framework/src/Illuminate/Foundation/Application.php(1131): array_walk()
#19 C:/Users/kings/Downloads/partnership-tracker-laravel/pt-laravel/vendor/laravel/framework/src/Illuminate/Foundation/Bootstrap/BootProviders.php(17): Illuminate/Foundation/Application->boot()
#20 C:/Users/kings/Downloads/partnership-tracker-laravel/pt-laravel/vendor/laravel/framework/src/Illuminate/Foundation/Application.php(342): Illuminate/Foundation/Bootstrap/BootProviders->bootstrap()
#21 C:/Users/kings/Downloads/partnership-tracker-laravel/pt-laravel/vendor/laravel/framework/src/Illuminate/Foundation/Console/Kernel.php(474): Illuminate/Foundation/Application->bootstrapWith()
#22 C:/Users/kings/Downloads/partnership-tracker-laravel/pt-laravel/vendor/laravel/framework/src/Illuminate/Foundation/Console/Kernel.php(196): Illuminate/Foundation/Console/Kernel->bootstrap()
#23 Command line code(1): Illuminate/Foundation/Console/Kernel->handle()
#24 {main}
"} 
[2026-07-13 19:28:20] production.ERROR: Target [Illuminate\Contracts\Auth\Access\Gate] is not instantiable while building [App\Providers\AppServiceProvider]. {"exception":"[object] (Illuminate\\Contracts\\Container\\BindingResolutionException(code: 0): Target [Illuminate\\Contracts\\Auth\\Access\\Gate] is not instantiable while building [App\\Providers\\AppServiceProvider]. at C:/Users/kings/Downloads/partnership-tracker-laravel/pt-laravel/vendor/laravel/framework/src/Illuminate/Container/Container.php:1216)
[stacktrace]
#0 C:/Users/kings/Downloads/partnership-tracker-laravel/pt-laravel/vendor/laravel/framework/src/Illuminate/Container/Container.php(968): Illuminate/Container/Container->notInstantiable()
#1 C:/Users/kings/Downloads/partnership-tracker-laravel/pt-laravel/vendor/laravel/framework/src/Illuminate/Container/Container.php(832): Illuminate/Container/Container->build()
#2 C:/Users/kings/Downloads/partnership-tracker-laravel/pt-laravel/vendor/laravel/framework/src/Illuminate/Foundation/Application.php(1078): Illuminate/Container/Container->resolve()
#3 C:/Users/kings/Downloads/partnership-tracker-laravel/pt-laravel/vendor/laravel/framework/src/Illuminate/Container/Container.php(763): Illuminate/Foundation/Application->resolve()
#4 C:/Users/kings/Downloads/partnership-tracker-laravel/pt-laravel/vendor/laravel/framework/src/Illuminate/Foundation/Application.php(1058): Illuminate/Container/Container->make()
#5 C:/Users/kings/Downloads/partnership-tracker-laravel/pt-laravel/vendor/laravel/framework/src/Illuminate/Container/Container.php(1580): Illuminate/Foundation/Application->make()
#6 C:/Users/kings/Downloads/partnership-tracker-laravel/pt-laravel/vendor/laravel/framework/src/Illuminate/Support/Facades/Facade.php(239): Illuminate/Container/Container->offsetGet()
#7 C:/Users/kings/Downloads/partnership-tracker-laravel/pt-laravel/vendor/laravel/framework/src/Illuminate/Support/Facades/Facade.php(210): Illuminate/Support/Facades/Facade::resolveFacadeInstance()
#8 C:/Users/kings/Downloads/partnership-tracker-laravel/pt-laravel/vendor/laravel/framework/src/Illuminate/Support/Facades/Facade.php(355): Illuminate/Support/Facades/Facade::getFacadeRoot()
#9 C:/Users/kings/Downloads/partnership-tracker-laravel/pt-laravel/app/Providers/AppServiceProvider.php(29): Illuminate/Support/Facades/Facade::__callStatic()
#10 C:/Users/kings/Downloads/partnership-tracker-laravel/pt-laravel/vendor/laravel/framework/src/Illuminate/Container/BoundMethod.php(36): App/Providers/AppServiceProvider->boot()
#11 C:/Users/kings/Downloads/partnership-tracker-laravel/pt-laravel/vendor/laravel/framework/src/Illuminate/Container/Util.php(43): Illuminate/Container/BoundMethod::{closure:Illuminate/Container/BoundMethod::call():35}()
#12 C:/Users/kings/Downloads/partnership-tracker-laravel/pt-laravel/vendor/laravel/framework/src/Illuminate/Container/BoundMethod.php(95): Illuminate/Container/Util::unwrapIfClosure()
#13 C:/Users/kings/Downloads/partnership-tracker-laravel/pt-laravel/vendor/laravel/framework/src/Illuminate/Container/BoundMethod.php(35): Illuminate/Container/BoundMethod::callBoundMethod()
#14 C:/Users/kings/Downloads/partnership-tracker-laravel/pt-laravel/vendor/laravel/framework/src/Illuminate/Container/Container.php(696): Illuminate/Container/BoundMethod::call()
#15 C:/Users/kings/Downloads/partnership-tracker-laravel/pt-laravel/vendor/laravel/framework/src/Illuminate/Foundation/Application.php(1151): Illuminate/Container/Container->call()
#16 C:/Users/kings/Downloads/partnership-tracker-laravel/pt-laravel/vendor/laravel/framework/src/Illuminate/Foundation/Application.php(1132): Illuminate/Foundation/Application->bootProvider()
#17 [internal function]: Illuminate/Foundation/Application->{closure:Illuminate/Foundation/Application::boot():1131}()
#18 C:/Users/kings/Downloads/partnership-tracker-laravel/pt-laravel/vendor/laravel/framework/src/Illuminate/Foundation/Application.php(1131): array_walk()
#19 C:/Users/kings/Downloads/partnership-tracker-laravel/pt-laravel/vendor/laravel/framework/src/Illuminate/Foundation/Bootstrap/BootProviders.php(17): Illuminate/Foundation/Application->boot()
#20 C:/Users/kings/Downloads/partnership-tracker-laravel/pt-laravel/vendor/laravel/framework/src/Illuminate/Foundation/Application.php(342): Illuminate/Foundation/Bootstrap/BootProviders->bootstrap()
#21 C:/Users/kings/Downloads/partnership-tracker-laravel/pt-laravel/vendor/laravel/framework/src/Illuminate/Foundation/Console/Kernel.php(474): Illuminate/Foundation/Application->bootstrapWith()
#22 C:/Users/kings/Downloads/partnership-tracker-laravel/pt-laravel/vendor/laravel/framework/src/Illuminate/Foundation/Console/Kernel.php(196): Illuminate/Foundation/Console/Kernel->bootstrap()
#23 Command line code(1): Illuminate/Foundation/Console/Kernel->handle()
#24 {main}
"} 
[2026-07-13 19:28:20] production.ERROR: Target [Illuminate\Contracts\Auth\Access\Gate] is not instantiable while building [App\Providers\AppServiceProvider]. {"exception":"[object] (Illuminate\\Contracts\\Container\\BindingResolutionException(code: 0): Target [Illuminate\\Contracts\\Auth\\Access\\Gate] is not instantiable while building [App\\Providers\\AppServiceProvider]. at C:/Users/kings/Downloads/partnership-tracker-laravel/pt-laravel/vendor/laravel/framework/src/Illuminate/Container/Container.php:1216)
[stacktrace]
#0 C:/Users/kings/Downloads/partnership-tracker-laravel/pt-laravel/vendor/laravel/framework/src/Illuminate/Container/Container.php(968): Illuminate/Container/Container->notInstantiable()
#1 C:/Users/kings/Downloads/partnership-tracker-laravel/pt-laravel/vendor/laravel/framework/src/Illuminate/Container/Container.php(832): Illuminate/Container/Container->build()
#2 C:/Users/kings/Downloads/partnership-tracker-laravel/pt-laravel/vendor/laravel/framework/src/Illuminate/Foundation/Application.php(1078): Illuminate/Container/Container->resolve()
#3 C:/Users/kings/Downloads/partnership-tracker-laravel/pt-laravel/vendor/laravel/framework/src/Illuminate/Container/Container.php(763): Illuminate/Foundation/Application->resolve()
#4 C:/Users/kings/Downloads/partnership-tracker-laravel/pt-laravel/vendor/laravel/framework/src/Illuminate/Foundation/Application.php(1058): Illuminate/Container/Container->make()
#5 C:/Users/kings/Downloads/partnership-tracker-laravel/pt-laravel/vendor/laravel/framework/src/Illuminate/Container/Container.php(1580): Illuminate/Foundation/Application->make()
#6 C:/Users/kings/Downloads/partnership-tracker-laravel/pt-laravel/vendor/laravel/framework/src/Illuminate/Support/Facades/Facade.php(239): Illuminate/Container/Container->offsetGet()
#7 C:/Users/kings/Downloads/partnership-tracker-laravel/pt-laravel/vendor/laravel/framework/src/Illuminate/Support/Facades/Facade.php(210): Illuminate/Support/Facades/Facade::resolveFacadeInstance()
#8 C:/Users/kings/Downloads/partnership-tracker-laravel/pt-laravel/vendor/laravel/framework/src/Illuminate/Support/Facades/Facade.php(355): Illuminate/Support/Facades/Facade::getFacadeRoot()
#9 C:/Users/kings/Downloads/partnership-tracker-laravel/pt-laravel/app/Providers/AppServiceProvider.php(29): Illuminate/Support/Facades/Facade::__callStatic()
#10 C:/Users/kings/Downloads/partnership-tracker-laravel/pt-laravel/vendor/laravel/framework/src/Illuminate/Container/BoundMethod.php(36): App/Providers/AppServiceProvider->boot()
#11 C:/Users/kings/Downloads/partnership-tracker-laravel/pt-laravel/vendor/laravel/framework/src/Illuminate/Container/Util.php(43): Illuminate/Container/BoundMethod::{closure:Illuminate/Container/BoundMethod::call():35}()
#12 C:/Users/kings/Downloads/partnership-tracker-laravel/pt-laravel/vendor/laravel/framework/src/Illuminate/Container/BoundMethod.php(95): Illuminate/Container/Util::unwrapIfClosure()
#13 C:/Users/kings/Downloads/partnership-tracker-laravel/pt-laravel/vendor/laravel/framework/src/Illuminate/Container/BoundMethod.php(35): Illuminate/Container/BoundMethod::callBoundMethod()
#14 C:/Users/kings/Downloads/partnership-tracker-laravel/pt-laravel/vendor/laravel/framework/src/Illuminate/Container/Container.php(696): Illuminate/Container/BoundMethod::call()
#15 C:/Users/kings/Downloads/partnership-tracker-laravel/pt-laravel/vendor/laravel/framework/src/Illuminate/Foundation/Application.php(1151): Illuminate/Container/Container->call()
#16 C:/Users/kings/Downloads/partnership-tracker-laravel/pt-laravel/vendor/laravel/framework/src/Illuminate/Foundation/Application.php(1132): Illuminate/Foundation/Application->bootProvider()
#17 [internal function]: Illuminate/Foundation/Application->{closure:Illuminate/Foundation/Application::boot():1131}()
#18 C:/Users/kings/Downloads/partnership-tracker-laravel/pt-laravel/vendor/laravel/framework/src/Illuminate/Foundation/Application.php(1131): array_walk()
#19 C:/Users/kings/Downloads/partnership-tracker-laravel/pt-laravel/vendor/laravel/framework/src/Illuminate/Foundation/Bootstrap/BootProviders.php(17): Illuminate/Foundation/Application->boot()
#20 C:/Users/kings/Downloads/partnership-tracker-laravel/pt-laravel/vendor/laravel/framework/src/Illuminate/Foundation/Application.php(342): Illuminate/Foundation/Bootstrap/BootProviders->bootstrap()
#21 C:/Users/kings/Downloads/partnership-tracker-laravel/pt-laravel/vendor/laravel/framework/src/Illuminate/Foundation/Console/Kernel.php(474): Illuminate/Foundation/Application->bootstrapWith()
#22 C:/Users/kings/Downloads/partnership-tracker-laravel/pt-laravel/vendor/laravel/framework/src/Illuminate/Foundation/Console/Kernel.php(196): Illuminate/Foundation/Console/Kernel->bootstrap()
#23 Command line code(1): Illuminate/Foundation/Console/Kernel->handle()
#24 {main}
"} 
[2026-07-13 19:29:16] laravel.EMERGENCY: Unable to create configured logger. Using emergency logger. {"exception":"[object] (InvalidArgumentException(code: 0): Log [] is not defined. at C:/Users/kings/Downloads/partnership-tracker-laravel/pt-laravel/vendor/laravel/framework/src/Illuminate/Log/LogManager.php:232)
[stacktrace]
#0 C:/Users/kings/Downloads/partnership-tracker-laravel/pt-laravel/vendor/laravel/framework/src/Illuminate/Log/LogManager.php(139): Illuminate/Log/LogManager->resolve()
#1 C:/Users/kings/Downloads/partnership-tracker-laravel/pt-laravel/vendor/laravel/framework/src/Illuminate/Log/LogManager.php(126): Illuminate/Log/LogManager->get()
#2 C:/Users/kings/Downloads/partnership-tracker-laravel/pt-laravel/vendor/laravel/framework/src/Illuminate/Log/LogManager.php(701): Illuminate/Log/LogManager->driver()
#3 C:/Users/kings/Downloads/partnership-tracker-laravel/pt-laravel/vendor/laravel/framework/src/Illuminate/Foundation/Exceptions/Handler.php(380): Illuminate/Log/LogManager->error()
#4 C:/Users/kings/Downloads/partnership-tracker-laravel/pt-laravel/vendor/laravel/framework/src/Illuminate/Foundation/Exceptions/Handler.php(343): Illuminate/Foundation/Exceptions/Handler->reportThrowable()
#5 C:/Users/kings/Downloads/partnership-tracker-laravel/pt-laravel/vendor/laravel/framework/src/Illuminate/Foundation/Console/Kernel.php(621): Illuminate/Foundation/Exceptions/Handler->report()
#6 C:/Users/kings/Downloads/partnership-tracker-laravel/pt-laravel/vendor/laravel/framework/src/Illuminate/Foundation/Console/Kernel.php(200): Illuminate/Foundation/Console/Kernel->reportException()
#7 Command line code(1): Illuminate/Foundation/Console/Kernel->handle()
#8 {main}
"} 
[2026-07-13 19:29:16] laravel.ERROR: syntax error, unexpected token "=>" {"exception":"[object] (ParseError(code: 0): syntax error, unexpected token \"=>\" at C:/Users/kings/Downloads/partnership-tracker-laravel/pt-laravel/config/app.php:5)
[stacktrace]
#0 C:/Users/kings/Downloads/partnership-tracker-laravel/pt-laravel/vendor/laravel/framework/src/Illuminate/Foundation/Bootstrap/LoadConfiguration.php(97): Illuminate/Foundation/Bootstrap/LoadConfiguration->{closure:Illuminate/Foundation/Bootstrap/LoadConfiguration::loadConfigurationFile():97}()
#1 C:/Users/kings/Downloads/partnership-tracker-laravel/pt-laravel/vendor/laravel/framework/src/Illuminate/Foundation/Bootstrap/LoadConfiguration.php(78): Illuminate/Foundation/Bootstrap/LoadConfiguration->loadConfigurationFile()
#2 C:/Users/kings/Downloads/partnership-tracker-laravel/pt-laravel/vendor/laravel/framework/src/Illuminate/Foundation/Bootstrap/LoadConfiguration.php(39): Illuminate/Foundation/Bootstrap/LoadConfiguration->loadConfigurationFiles()
#3 C:/Users/kings/Downloads/partnership-tracker-laravel/pt-laravel/vendor/laravel/framework/src/Illuminate/Foundation/Application.php(342): Illuminate/Foundation/Bootstrap/LoadConfiguration->bootstrap()
#4 C:/Users/kings/Downloads/partnership-tracker-laravel/pt-laravel/vendor/laravel/framework/src/Illuminate/Foundation/Console/Kernel.php(474): Illuminate/Foundation/Application->bootstrapWith()
#5 C:/Users/kings/Downloads/partnership-tracker-laravel/pt-laravel/vendor/laravel/framework/src/Illuminate/Foundation/Console/Kernel.php(196): Illuminate/Foundation/Console/Kernel->bootstrap()
#6 Command line code(1): Illuminate/Foundation/Console/Kernel->handle()
#7 {main}
"} 
[2026-07-13 19:29:20] laravel.EMERGENCY: Unable to create configured logger. Using emergency logger. {"exception":"[object] (InvalidArgumentException(code: 0): Log [] is not defined. at C:/Users/kings/Downloads/partnership-tracker-laravel/pt-laravel/vendor/laravel/framework/src/Illuminate/Log/LogManager.php:232)
[stacktrace]
#0 C:/Users/kings/Downloads/partnership-tracker-laravel/pt-laravel/vendor/laravel/framework/src/Illuminate/Log/LogManager.php(139): Illuminate/Log/LogManager->resolve()
#1 C:/Users/kings/Downloads/partnership-tracker-laravel/pt-laravel/vendor/laravel/framework/src/Illuminate/Log/LogManager.php(126): Illuminate/Log/LogManager->get()
#2 C:/Users/kings/Downloads/partnership-tracker-laravel/pt-laravel/vendor/laravel/framework/src/Illuminate/Log/LogManager.php(701): Illuminate/Log/LogManager->driver()
#3 C:/Users/kings/Downloads/partnership-tracker-laravel/pt-laravel/vendor/laravel/framework/src/Illuminate/Foundation/Exceptions/Handler.php(380): Illuminate/Log/LogManager->error()
#4 C:/Users/kings/Downloads/partnership-tracker-laravel/pt-laravel/vendor/laravel/framework/src/Illuminate/Foundation/Exceptions/Handler.php(343): Illuminate/Foundation/Exceptions/Handler->reportThrowable()
#5 C:/Users/kings/Downloads/partnership-tracker-laravel/pt-laravel/vendor/laravel/framework/src/Illuminate/Foundation/Console/Kernel.php(621): Illuminate/Foundation/Exceptions/Handler->report()
#6 C:/Users/kings/Downloads/partnership-tracker-laravel/pt-laravel/vendor/laravel/framework/src/Illuminate/Foundation/Console/Kernel.php(200): Illuminate/Foundation/Console/Kernel->reportException()
#7 Command line code(1): Illuminate/Foundation/Console/Kernel->handle()
#8 {main}
"} 
[2026-07-13 19:29:20] laravel.ERROR: syntax error, unexpected token "=>" {"exception":"[object] (ParseError(code: 0): syntax error, unexpected token \"=>\" at C:/Users/kings/Downloads/partnership-tracker-laravel/pt-laravel/config/app.php:5)
[stacktrace]
#0 C:/Users/kings/Downloads/partnership-tracker-laravel/pt-laravel/vendor/laravel/framework/src/Illuminate/Foundation/Bootstrap/LoadConfiguration.php(97): Illuminate/Foundation/Bootstrap/LoadConfiguration->{closure:Illuminate/Foundation/Bootstrap/LoadConfiguration::loadConfigurationFile():97}()
#1 C:/Users/kings/Downloads/partnership-tracker-laravel/pt-laravel/vendor/laravel/framework/src/Illuminate/Foundation/Bootstrap/LoadConfiguration.php(78): Illuminate/Foundation/Bootstrap/LoadConfiguration->loadConfigurationFile()
#2 C:/Users/kings/Downloads/partnership-tracker-laravel/pt-laravel/vendor/laravel/framework/src/Illuminate/Foundation/Bootstrap/LoadConfiguration.php(39): Illuminate/Foundation/Bootstrap/LoadConfiguration->loadConfigurationFiles()
#3 C:/Users/kings/Downloads/partnership-tracker-laravel/pt-laravel/vendor/laravel/framework/src/Illuminate/Foundation/Application.php(342): Illuminate/Foundation/Bootstrap/LoadConfiguration->bootstrap()
#4 C:/Users/kings/Downloads/partnership-tracker-laravel/pt-laravel/vendor/laravel/framework/src/Illuminate/Foundation/Console/Kernel.php(474): Illuminate/Foundation/Application->bootstrapWith()
#5 C:/Users/kings/Downloads/partnership-tracker-laravel/pt-laravel/vendor/laravel/framework/src/Illuminate/Foundation/Console/Kernel.php(196): Illuminate/Foundation/Console/Kernel->bootstrap()
#6 Command line code(1): Illuminate/Foundation/Console/Kernel->handle()
#7 {main}
"} 
[2026-07-13 19:29:20] laravel.EMERGENCY: Unable to create configured logger. Using emergency logger. {"exception":"[object] (InvalidArgumentException(code: 0): Log [] is not defined. at C:/Users/kings/Downloads/partnership-tracker-laravel/pt-laravel/vendor/laravel/framework/src/Illuminate/Log/LogManager.php:232)
[stacktrace]
#0 C:/Users/kings/Downloads/partnership-tracker-laravel/pt-laravel/vendor/laravel/framework/src/Illuminate/Log/LogManager.php(139): Illuminate/Log/LogManager->resolve()
#1 C:/Users/kings/Downloads/partnership-tracker-laravel/pt-laravel/vendor/laravel/framework/src/Illuminate/Log/LogManager.php(126): Illuminate/Log/LogManager->get()
#2 C:/Users/kings/Downloads/partnership-tracker-laravel/pt-laravel/vendor/laravel/framework/src/Illuminate/Log/LogManager.php(701): Illuminate/Log/LogManager->driver()
#3 C:/Users/kings/Downloads/partnership-tracker-laravel/pt-laravel/vendor/laravel/framework/src/Illuminate/Foundation/Exceptions/Handler.php(380): Illuminate/Log/LogManager->error()
#4 C:/Users/kings/Downloads/partnership-tracker-laravel/pt-laravel/vendor/laravel/framework/src/Illuminate/Foundation/Exceptions/Handler.php(343): Illuminate/Foundation/Exceptions/Handler->reportThrowable()
#5 C:/Users/kings/Downloads/partnership-tracker-laravel/pt-laravel/vendor/laravel/framework/src/Illuminate/Foundation/Console/Kernel.php(621): Illuminate/Foundation/Exceptions/Handler->report()
#6 C:/Users/kings/Downloads/partnership-tracker-laravel/pt-laravel/vendor/laravel/framework/src/Illuminate/Foundation/Console/Kernel.php(200): Illuminate/Foundation/Console/Kernel->reportException()
#7 Command line code(1): Illuminate/Foundation/Console/Kernel->handle()
#8 {main}
"} 
[2026-07-13 19:29:20] laravel.ERROR: syntax error, unexpected token "=>" {"exception":"[object] (ParseError(code: 0): syntax error, unexpected token \"=>\" at C:/Users/kings/Downloads/partnership-tracker-laravel/pt-laravel/config/app.php:5)
[stacktrace]
#0 C:/Users/kings/Downloads/partnership-tracker-laravel/pt-laravel/vendor/laravel/framework/src/Illuminate/Foundation/Bootstrap/LoadConfiguration.php(97): Illuminate/Foundation/Bootstrap/LoadConfiguration->{closure:Illuminate/Foundation/Bootstrap/LoadConfiguration::loadConfigurationFile():97}()
#1 C:/Users/kings/Downloads/partnership-tracker-laravel/pt-laravel/vendor/laravel/framework/src/Illuminate/Foundation/Bootstrap/LoadConfiguration.php(78): Illuminate/Foundation/Bootstrap/LoadConfiguration->loadConfigurationFile()
#2 C:/Users/kings/Downloads/partnership-tracker-laravel/pt-laravel/vendor/laravel/framework/src/Illuminate/Foundation/Bootstrap/LoadConfiguration.php(39): Illuminate/Foundation/Bootstrap/LoadConfiguration->loadConfigurationFiles()
#3 C:/Users/kings/Downloads/partnership-tracker-laravel/pt-laravel/vendor/laravel/framework/src/Illuminate/Foundation/Application.php(342): Illuminate/Foundation/Bootstrap/LoadConfiguration->bootstrap()
#4 C:/Users/kings/Downloads/partnership-tracker-laravel/pt-laravel/vendor/laravel/framework/src/Illuminate/Foundation/Console/Kernel.php(474): Illuminate/Foundation/Application->bootstrapWith()
#5 C:/Users/kings/Downloads/partnership-tracker-laravel/pt-laravel/vendor/laravel/framework/src/Illuminate/Foundation/Console/Kernel.php(196): Illuminate/Foundation/Console/Kernel->bootstrap()
#6 Command line code(1): Illuminate/Foundation/Console/Kernel->handle()
#7 {main}
"} 
[2026-07-13 19:29:21] laravel.EMERGENCY: Unable to create configured logger. Using emergency logger. {"exception":"[object] (InvalidArgumentException(code: 0): Log [] is not defined. at C:/Users/kings/Downloads/partnership-tracker-laravel/pt-laravel/vendor/laravel/framework/src/Illuminate/Log/LogManager.php:232)
[stacktrace]
#0 C:/Users/kings/Downloads/partnership-tracker-laravel/pt-laravel/vendor/laravel/framework/src/Illuminate/Log/LogManager.php(139): Illuminate/Log/LogManager->resolve()
#1 C:/Users/kings/Downloads/partnership-tracker-laravel/pt-laravel/vendor/laravel/framework/src/Illuminate/Log/LogManager.php(126): Illuminate/Log/LogManager->get()
#2 C:/Users/kings/Downloads/partnership-tracker-laravel/pt-laravel/vendor/laravel/framework/src/Illuminate/Log/LogManager.php(701): Illuminate/Log/LogManager->driver()
#3 C:/Users/kings/Downloads/partnership-tracker-laravel/pt-laravel/vendor/laravel/framework/src/Illuminate/Foundation/Exceptions/Handler.php(380): Illuminate/Log/LogManager->error()
#4 C:/Users/kings/Downloads/partnership-tracker-laravel/pt-laravel/vendor/laravel/framework/src/Illuminate/Foundation/Exceptions/Handler.php(343): Illuminate/Foundation/Exceptions/Handler->reportThrowable()
#5 C:/Users/kings/Downloads/partnership-tracker-laravel/pt-laravel/vendor/laravel/framework/src/Illuminate/Foundation/Console/Kernel.php(621): Illuminate/Foundation/Exceptions/Handler->report()
#6 C:/Users/kings/Downloads/partnership-tracker-laravel/pt-laravel/vendor/laravel/framework/src/Illuminate/Foundation/Console/Kernel.php(200): Illuminate/Foundation/Console/Kernel->reportException()
#7 Command line code(1): Illuminate/Foundation/Console/Kernel->handle()
#8 {main}
"} 
[2026-07-13 19:29:21] laravel.ERROR: syntax error, unexpected token "=>" {"exception":"[object] (ParseError(code: 0): syntax error, unexpected token \"=>\" at C:/Users/kings/Downloads/partnership-tracker-laravel/pt-laravel/config/app.php:5)
[stacktrace]
#0 C:/Users/kings/Downloads/partnership-tracker-laravel/pt-laravel/vendor/laravel/framework/src/Illuminate/Foundation/Bootstrap/LoadConfiguration.php(97): Illuminate/Foundation/Bootstrap/LoadConfiguration->{closure:Illuminate/Foundation/Bootstrap/LoadConfiguration::loadConfigurationFile():97}()
#1 C:/Users/kings/Downloads/partnership-tracker-laravel/pt-laravel/vendor/laravel/framework/src/Illuminate/Foundation/Bootstrap/LoadConfiguration.php(78): Illuminate/Foundation/Bootstrap/LoadConfiguration->loadConfigurationFile()
#2 C:/Users/kings/Downloads/partnership-tracker-laravel/pt-laravel/vendor/laravel/framework/src/Illuminate/Foundation/Bootstrap/LoadConfiguration.php(39): Illuminate/Foundation/Bootstrap/LoadConfiguration->loadConfigurationFiles()
#3 C:/Users/kings/Downloads/partnership-tracker-laravel/pt-laravel/vendor/laravel/framework/src/Illuminate/Foundation/Application.php(342): Illuminate/Foundation/Bootstrap/LoadConfiguration->bootstrap()
#4 C:/Users/kings/Downloads/partnership-tracker-laravel/pt-laravel/vendor/laravel/framework/src/Illuminate/Foundation/Console/Kernel.php(474): Illuminate/Foundation/Application->bootstrapWith()
#5 C:/Users/kings/Downloads/partnership-tracker-laravel/pt-laravel/vendor/laravel/framework/src/Illuminate/Foundation/Console/Kernel.php(196): Illuminate/Foundation/Console/Kernel->bootstrap()
#6 Command line code(1): Illuminate/Foundation/Console/Kernel->handle()
#7 {main}
"} 
[2026-07-13 19:32:24] production.ERROR: No application encryption key has been specified. {"exception":"[object] (Illuminate\\Encryption\\MissingAppKeyException(code: 0): No application encryption key has been specified. at C:/Users/kings/Downloads/partnership-tracker-laravel/pt-laravel/vendor/laravel/framework/src/Illuminate/Encryption/EncryptionServiceProvider.php:83)
[stacktrace]
#0 C:/Users/kings/Downloads/partnership-tracker-laravel/pt-laravel/vendor/laravel/framework/src/Illuminate/Support/helpers.php(399): Illuminate/Encryption/EncryptionServiceProvider->{closure:Illuminate/Encryption/EncryptionServiceProvider::key():81}()
#1 C:/Users/kings/Downloads/partnership-tracker-laravel/pt-laravel/vendor/laravel/framework/src/Illuminate/Encryption/EncryptionServiceProvider.php(81): tap()
#2 C:/Users/kings/Downloads/partnership-tracker-laravel/pt-laravel/vendor/laravel/framework/src/Illuminate/Encryption/EncryptionServiceProvider.php(64): Illuminate/Encryption/EncryptionServiceProvider->key()
#3 C:/Users/kings/Downloads/partnership-tracker-laravel/pt-laravel/vendor/laravel/framework/src/Illuminate/Encryption/EncryptionServiceProvider.php(32): Illuminate/Encryption/EncryptionServiceProvider->parseKey()
#4 C:/Users/kings/Downloads/partnership-tracker-laravel/pt-laravel/vendor/laravel/framework/src/Illuminate/Container/Container.php(952): Illuminate/Encryption/EncryptionServiceProvider->{closure:Illuminate/Encryption/EncryptionServiceProvider::registerEncrypter():29}()
#5 C:/Users/kings/Downloads/partnership-tracker-laravel/pt-laravel/vendor/laravel/framework/src/Illuminate/Container/Container.php(832): Illuminate/Container/Container->build()
#6 C:/Users/kings/Downloads/partnership-tracker-laravel/pt-laravel/vendor/laravel/framework/src/Illuminate/Foundation/Application.php(1078): Illuminate/Container/Container->resolve()
#7 C:/Users/kings/Downloads/partnership-tracker-laravel/pt-laravel/vendor/laravel/framework/src/Illuminate/Container/Container.php(763): Illuminate/Foundation/Application->resolve()
#8 C:/Users/kings/Downloads/partnership-tracker-laravel/pt-laravel/vendor/laravel/framework/src/Illuminate/Foundation/Application.php(1058): Illuminate/Container/Container->make()
#9 C:/Users/kings/Downloads/partnership-tracker-laravel/pt-laravel/vendor/laravel/framework/src/Illuminate/Container/Container.php(1133): Illuminate/Foundation/Application->make()
#10 C:/Users/kings/Downloads/partnership-tracker-laravel/pt-laravel/vendor/laravel/framework/src/Illuminate/Container/Container.php(1043): Illuminate/Container/Container->resolveClass()
#11 C:/Users/kings/Downloads/partnership-tracker-laravel/pt-laravel/vendor/laravel/framework/src/Illuminate/Container/Container.php(994): Illuminate/Container/Container->resolveDependencies()
#12 C:/Users/kings/Downloads/partnership-tracker-laravel/pt-laravel/vendor/laravel/framework/src/Illuminate/Container/Container.php(832): Illuminate/Container/Container->build()
#13 C:/Users/kings/Downloads/partnership-tracker-laravel/pt-laravel/vendor/laravel/framework/src/Illuminate/Foundation/Application.php(1078): Illuminate/Container/Container->resolve()
#14 C:/Users/kings/Downloads/partnership-tracker-laravel/pt-laravel/vendor/laravel/framework/src/Illuminate/Container/Container.php(763): Illuminate/Foundation/Application->resolve()
#15 C:/Users/kings/Downloads/partnership-tracker-laravel/pt-laravel/vendor/laravel/framework/src/Illuminate/Foundation/Application.php(1058): Illuminate/Container/Container->make()
#16 C:/Users/kings/Downloads/partnership-tracker-laravel/pt-laravel/vendor/laravel/framework/src/Illuminate/Pipeline/Pipeline.php(198): Illuminate/Foundation/Application->make()
#17 C:/Users/kings/Downloads/partnership-tracker-laravel/pt-laravel/vendor/laravel/framework/src/Illuminate/Pipeline/Pipeline.php(127): Illuminate/Pipeline/Pipeline->{closure:{closure:Illuminate/Pipeline/Pipeline::carry():184}:185}()
#18 C:/Users/kings/Downloads/partnership-tracker-laravel/pt-laravel/vendor/laravel/framework/src/Illuminate/Routing/Router.php(807): Illuminate/Pipeline/Pipeline->then()
#19 C:/Users/kings/Downloads/partnership-tracker-laravel/pt-laravel/vendor/laravel/framework/src/Illuminate/Routing/Router.php(786): Illuminate/Routing/Router->runRouteWithinStack()
#20 C:/Users/kings/Downloads/partnership-tracker-laravel/pt-laravel/vendor/laravel/framework/src/Illuminate/Routing/Router.php(750): Illuminate/Routing/Router->runRoute()
#21 C:/Users/kings/Downloads/partnership-tracker-laravel/pt-laravel/vendor/laravel/framework/src/Illuminate/Routing/Router.php(739): Illuminate/Routing/Router->dispatchToRoute()
#22 C:/Users/kings/Downloads/partnership-tracker-laravel/pt-laravel/vendor/laravel/framework/src/Illuminate/Foundation/Http/Kernel.php(201): Illuminate/Routing/Router->dispatch()
#23 C:/Users/kings/Downloads/partnership-tracker-laravel/pt-laravel/vendor/laravel/framework/src/Illuminate/Pipeline/Pipeline.php(170): Illuminate/Foundation/Http/Kernel->{closure:Illuminate/Foundation/Http/Kernel::dispatchToRouter():198}()
#24 C:/Users/kings/Downloads/partnership-tracker-laravel/pt-laravel/vendor/laravel/framework/src/Illuminate/Foundation/Http/Middleware/TransformsRequest.php(21): Illuminate/Pipeline/Pipeline->{closure:Illuminate/Pipeline/Pipeline::prepareDestination():168}()
#25 C:/Users/kings/Downloads/partnership-tracker-laravel/pt-laravel/vendor/laravel/framework/src/Illuminate/Foundation/Http/Middleware/ConvertEmptyStringsToNull.php(31): Illuminate/Foundation/Http/Middleware/TransformsRequest->handle()
#26 C:/Users/kings/Downloads/partnership-tracker-laravel/pt-laravel/vendor/laravel/framework/src/Illuminate/Pipeline/Pipeline.php(209): Illuminate/Foundation/Http/Middleware/ConvertEmptyStringsToNull->handle()
#27 C:/Users/kings/Downloads/partnership-tracker-laravel/pt-laravel/vendor/laravel/framework/src/Illuminate/Foundation/Http/Middleware/TransformsRequest.php(21): Illuminate/Pipeline/Pipeline->{closure:{closure:Illuminate/Pipeline/Pipeline::carry():184}:185}()
#28 C:/Users/kings/Downloads/partnership-tracker-laravel/pt-laravel/vendor/laravel/framework/src/Illuminate/Foundation/Http/Middleware/TrimStrings.php(51): Illuminate/Foundation/Http/Middleware/TransformsRequest->handle()
#29 C:/Users/kings/Downloads/partnership-tracker-laravel/pt-laravel/vendor/laravel/framework/src/Illuminate/Pipeline/Pipeline.php(209): Illuminate/Foundation/Http/Middleware/TrimStrings->handle()
#30 C:/Users/kings/Downloads/partnership-tracker-laravel/pt-laravel/vendor/laravel/framework/src/Illuminate/Http/Middleware/ValidatePostSize.php(27): Illuminate/Pipeline/Pipeline->{closure:{closure:Illuminate/Pipeline/Pipeline::carry():184}:185}()
#31 C:/Users/kings/Downloads/partnership-tracker-laravel/pt-laravel/vendor/laravel/framework/src/Illuminate/Pipeline/Pipeline.php(209): Illuminate/Http/Middleware/ValidatePostSize->handle()
#32 C:/Users/kings/Downloads/partnership-tracker-laravel/pt-laravel/vendor/laravel/framework/src/Illuminate/Foundation/Http/Middleware/PreventRequestsDuringMaintenance.php(110): Illuminate/Pipeline/Pipeline->{closure:{closure:Illuminate/Pipeline/Pipeline::carry():184}:185}()
#33 C:/Users/kings/Downloads/partnership-tracker-laravel/pt-laravel/vendor/laravel/framework/src/Illuminate/Pipeline/Pipeline.php(209): Illuminate/Foundation/Http/Middleware/PreventRequestsDuringMaintenance->handle()
#34 C:/Users/kings/Downloads/partnership-tracker-laravel/pt-laravel/vendor/laravel/framework/src/Illuminate/Http/Middleware/HandleCors.php(49): Illuminate/Pipeline/Pipeline->{closure:{closure:Illuminate/Pipeline/Pipeline::carry():184}:185}()
#35 C:/Users/kings/Downloads/partnership-tracker-laravel/pt-laravel/vendor/laravel/framework/src/Illuminate/Pipeline/Pipeline.php(209): Illuminate/Http/Middleware/HandleCors->handle()
#36 C:/Users/kings/Downloads/partnership-tracker-laravel/pt-laravel/vendor/laravel/framework/src/Illuminate/Http/Middleware/TrustProxies.php(58): Illuminate/Pipeline/Pipeline->{closure:{closure:Illuminate/Pipeline/Pipeline::carry():184}:185}()
#37 C:/Users/kings/Downloads/partnership-tracker-laravel/pt-laravel/vendor/laravel/framework/src/Illuminate/Pipeline/Pipeline.php(209): Illuminate/Http/Middleware/TrustProxies->handle()
#38 C:/Users/kings/Downloads/partnership-tracker-laravel/pt-laravel/vendor/laravel/framework/src/Illuminate/Foundation/Http/Middleware/InvokeDeferredCallbacks.php(22): Illuminate/Pipeline/Pipeline->{closure:{closure:Illuminate/Pipeline/Pipeline::carry():184}:185}()
#39 C:/Users/kings/Downloads/partnership-tracker-laravel/pt-laravel/vendor/laravel/framework/src/Illuminate/Pipeline/Pipeline.php(209): Illuminate/Foundation/Http/Middleware/InvokeDeferredCallbacks->handle()
#40 C:/Users/kings/Downloads/partnership-tracker-laravel/pt-laravel/vendor/laravel/framework/src/Illuminate/Pipeline/Pipeline.php(127): Illuminate/Pipeline/Pipeline->{closure:{closure:Illuminate/Pipeline/Pipeline::carry():184}:185}()
#41 C:/Users/kings/Downloads/partnership-tracker-laravel/pt-laravel/vendor/laravel/framework/src/Illuminate/Foundation/Http/Kernel.php(176): Illuminate/Pipeline/Pipeline->then()
#42 C:/Users/kings/Downloads/partnership-tracker-laravel/pt-laravel/vendor/laravel/framework/src/Illuminate/Foundation/Http/Kernel.php(145): Illuminate/Foundation/Http/Kernel->sendRequestThroughRouter()
#43 C:/Users/kings/Downloads/partnership-tracker-laravel/pt-laravel/vendor/laravel/framework/src/Illuminate/Foundation/Application.php(1220): Illuminate/Foundation/Http/Kernel->handle()
#44 C:/Users/kings/Downloads/partnership-tracker-laravel/pt-laravel/public/index.php(17): Illuminate/Foundation/Application->handleRequest()
#45 C:/Users/kings/Downloads/partnership-tracker-laravel/pt-laravel/vendor/laravel/framework/src/Illuminate/Foundation/resources/server.php(23): require_once('...')
#46 {main}
"} 
[2026-07-13 19:32:24] production.ERROR: No application encryption key has been specified. {"exception":"[object] (Illuminate\\Encryption\\MissingAppKeyException(code: 0): No application encryption key has been specified. at C:/Users/kings/Downloads/partnership-tracker-laravel/pt-laravel/vendor/laravel/framework/src/Illuminate/Encryption/EncryptionServiceProvider.php:83)
[stacktrace]
#0 C:/Users/kings/Downloads/partnership-tracker-laravel/pt-laravel/vendor/laravel/framework/src/Illuminate/Support/helpers.php(399): Illuminate/Encryption/EncryptionServiceProvider->{closure:Illuminate/Encryption/EncryptionServiceProvider::key():81}()
#1 C:/Users/kings/Downloads/partnership-tracker-laravel/pt-laravel/vendor/laravel/framework/src/Illuminate/Encryption/EncryptionServiceProvider.php(81): tap()
#2 C:/Users/kings/Downloads/partnership-tracker-laravel/pt-laravel/vendor/laravel/framework/src/Illuminate/Encryption/EncryptionServiceProvider.php(64): Illuminate/Encryption/EncryptionServiceProvider->key()
#3 C:/Users/kings/Downloads/partnership-tracker-laravel/pt-laravel/vendor/laravel/framework/src/Illuminate/Encryption/EncryptionServiceProvider.php(32): Illuminate/Encryption/EncryptionServiceProvider->parseKey()
#4 C:/Users/kings/Downloads/partnership-tracker-laravel/pt-laravel/vendor/laravel/framework/src/Illuminate/Container/Container.php(952): Illuminate/Encryption/EncryptionServiceProvider->{closure:Illuminate/Encryption/EncryptionServiceProvider::registerEncrypter():29}()
#5 C:/Users/kings/Downloads/partnership-tracker-laravel/pt-laravel/vendor/laravel/framework/src/Illuminate/Container/Container.php(832): Illuminate/Container/Container->build()
#6 C:/Users/kings/Downloads/partnership-tracker-laravel/pt-laravel/vendor/laravel/framework/src/Illuminate/Foundation/Application.php(1078): Illuminate/Container/Container->resolve()
#7 C:/Users/kings/Downloads/partnership-tracker-laravel/pt-laravel/vendor/laravel/framework/src/Illuminate/Container/Container.php(763): Illuminate/Foundation/Application->resolve()
#8 C:/Users/kings/Downloads/partnership-tracker-laravel/pt-laravel/vendor/laravel/framework/src/Illuminate/Foundation/Application.php(1058): Illuminate/Container/Container->make()
#9 C:/Users/kings/Downloads/partnership-tracker-laravel/pt-laravel/vendor/laravel/framework/src/Illuminate/Container/Container.php(1133): Illuminate/Foundation/Application->make()
#10 C:/Users/kings/Downloads/partnership-tracker-laravel/pt-laravel/vendor/laravel/framework/src/Illuminate/Container/Container.php(1043): Illuminate/Container/Container->resolveClass()
#11 C:/Users/kings/Downloads/partnership-tracker-laravel/pt-laravel/vendor/laravel/framework/src/Illuminate/Container/Container.php(994): Illuminate/Container/Container->resolveDependencies()
#12 C:/Users/kings/Downloads/partnership-tracker-laravel/pt-laravel/vendor/laravel/framework/src/Illuminate/Container/Container.php(832): Illuminate/Container/Container->build()
#13 C:/Users/kings/Downloads/partnership-tracker-laravel/pt-laravel/vendor/laravel/framework/src/Illuminate/Foundation/Application.php(1078): Illuminate/Container/Container->resolve()
#14 C:/Users/kings/Downloads/partnership-tracker-laravel/pt-laravel/vendor/laravel/framework/src/Illuminate/Container/Container.php(763): Illuminate/Foundation/Application->resolve()
#15 C:/Users/kings/Downloads/partnership-tracker-laravel/pt-laravel/vendor/laravel/framework/src/Illuminate/Foundation/Application.php(1058): Illuminate/Container/Container->make()
#16 C:/Users/kings/Downloads/partnership-tracker-laravel/pt-laravel/vendor/laravel/framework/src/Illuminate/Foundation/Http/Kernel.php(258): Illuminate/Foundation/Application->make()
#17 C:/Users/kings/Downloads/partnership-tracker-laravel/pt-laravel/vendor/laravel/framework/src/Illuminate/Foundation/Http/Kernel.php(216): Illuminate/Foundation/Http/Kernel->terminateMiddleware()
#18 C:/Users/kings/Downloads/partnership-tracker-laravel/pt-laravel/vendor/laravel/framework/src/Illuminate/Foundation/Application.php(1222): Illuminate/Foundation/Http/Kernel->terminate()
#19 C:/Users/kings/Downloads/partnership-tracker-laravel/pt-laravel/public/index.php(17): Illuminate/Foundation/Application->handleRequest()
#20 C:/Users/kings/Downloads/partnership-tracker-laravel/pt-laravel/vendor/laravel/framework/src/Illuminate/Foundation/resources/server.php(23): require_once('...')
#21 {main}
"} 
[2026-07-13 19:35:10] production.ERROR: file_get_contents(C:\Users\kings\Downloads\partnership-tracker-laravel\pt-laravel\.env): Failed to open stream: No such file or directory {"exception":"[object] (ErrorException(code: 0): file_get_contents(C:\\Users\\kings\\Downloads\\partnership-tracker-laravel\\pt-laravel\\.env): Failed to open stream: No such file or directory at C:/Users/kings/Downloads/partnership-tracker-laravel/pt-laravel/vendor/laravel/framework/src/Illuminate/Foundation/Console/KeyGenerateCommand.php:100)
[stacktrace]
#0 C:/Users/kings/Downloads/partnership-tracker-laravel/pt-laravel/vendor/laravel/framework/src/Illuminate/Foundation/Bootstrap/HandleExceptions.php(258): Illuminate/Foundation/Bootstrap/HandleExceptions->handleError()
#1 [internal function]: Illuminate/Foundation/Bootstrap/HandleExceptions->{closure:Illuminate/Foundation/Bootstrap/HandleExceptions::forwardsTo():257}()
#2 C:/Users/kings/Downloads/partnership-tracker-laravel/pt-laravel/vendor/laravel/framework/src/Illuminate/Foundation/Console/KeyGenerateCommand.php(100): file_get_contents()
#3 C:/Users/kings/Downloads/partnership-tracker-laravel/pt-laravel/vendor/laravel/framework/src/Illuminate/Foundation/Console/KeyGenerateCommand.php(82): Illuminate/Foundation/Console/KeyGenerateCommand->writeNewEnvironmentFileWith()
#4 C:/Users/kings/Downloads/partnership-tracker-laravel/pt-laravel/vendor/laravel/framework/src/Illuminate/Foundation/Console/KeyGenerateCommand.php(47): Illuminate/Foundation/Console/KeyGenerateCommand->setKeyInEnvironmentFile()
#5 C:/Users/kings/Downloads/partnership-tracker-laravel/pt-laravel/vendor/laravel/framework/src/Illuminate/Container/BoundMethod.php(36): Illuminate/Foundation/Console/KeyGenerateCommand->handle()
#6 C:/Users/kings/Downloads/partnership-tracker-laravel/pt-laravel/vendor/laravel/framework/src/Illuminate/Container/Util.php(43): Illuminate/Container/BoundMethod::{closure:Illuminate/Container/BoundMethod::call():35}()
#7 C:/Users/kings/Downloads/partnership-tracker-laravel/pt-laravel/vendor/laravel/framework/src/Illuminate/Container/BoundMethod.php(95): Illuminate/Container/Util::unwrapIfClosure()
#8 C:/Users/kings/Downloads/partnership-tracker-laravel/pt-laravel/vendor/laravel/framework/src/Illuminate/Container/BoundMethod.php(35): Illuminate/Container/BoundMethod::callBoundMethod()
#9 C:/Users/kings/Downloads/partnership-tracker-laravel/pt-laravel/vendor/laravel/framework/src/Illuminate/Container/Container.php(696): Illuminate/Container/BoundMethod::call()
#10 C:/Users/kings/Downloads/partnership-tracker-laravel/pt-laravel/vendor/laravel/framework/src/Illuminate/Console/Command.php(213): Illuminate/Container/Container->call()
#11 C:/Users/kings/Downloads/partnership-tracker-laravel/pt-laravel/vendor/symfony/console/Command/Command.php(341): Illuminate/Console/Command->execute()
#12 C:/Users/kings/Downloads/partnership-tracker-laravel/pt-laravel/vendor/laravel/framework/src/Illuminate/Console/Command.php(182): Symfony/Component/Console/Command/Command->run()
#13 C:/Users/kings/Downloads/partnership-tracker-laravel/pt-laravel/vendor/symfony/console/Application.php(1117): Illuminate/Console/Command->run()
#14 C:/Users/kings/Downloads/partnership-tracker-laravel/pt-laravel/vendor/symfony/console/Application.php(356): Symfony/Component/Console/Application->doRunCommand()
#15 C:/Users/kings/Downloads/partnership-tracker-laravel/pt-laravel/vendor/symfony/console/Application.php(195): Symfony/Component/Console/Application->doRun()
#16 C:/Users/kings/Downloads/partnership-tracker-laravel/pt-laravel/vendor/laravel/framework/src/Illuminate/Foundation/Console/Kernel.php(198): Symfony/Component/Console/Application->run()
#17 C:/Users/kings/Downloads/partnership-tracker-laravel/pt-laravel/vendor/laravel/framework/src/Illuminate/Foundation/Application.php(1235): Illuminate/Foundation/Console/Kernel->handle()
#18 C:/Users/kings/Downloads/partnership-tracker-laravel/pt-laravel/artisan(12): Illuminate/Foundation/Application->handleCommand()
#19 {main}
"} 
[2026-07-13 19:36:28] production.ERROR: file_get_contents(C:\Users\kings\Downloads\partnership-tracker-laravel\pt-laravel\.env): Failed to open stream: No such file or directory {"exception":"[object] (ErrorException(code: 0): file_get_contents(C:\\Users\\kings\\Downloads\\partnership-tracker-laravel\\pt-laravel\\.env): Failed to open stream: No such file or directory at C:/Users/kings/Downloads/partnership-tracker-laravel/pt-laravel/vendor/laravel/framework/src/Illuminate/Foundation/Console/KeyGenerateCommand.php:100)
[stacktrace]
#0 C:/Users/kings/Downloads/partnership-tracker-laravel/pt-laravel/vendor/laravel/framework/src/Illuminate/Foundation/Bootstrap/HandleExceptions.php(258): Illuminate/Foundation/Bootstrap/HandleExceptions->handleError()
#1 [internal function]: Illuminate/Foundation/Bootstrap/HandleExceptions->{closure:Illuminate/Foundation/Bootstrap/HandleExceptions::forwardsTo():257}()
#2 C:/Users/kings/Downloads/partnership-tracker-laravel/pt-laravel/vendor/laravel/framework/src/Illuminate/Foundation/Console/KeyGenerateCommand.php(100): file_get_contents()
#3 C:/Users/kings/Downloads/partnership-tracker-laravel/pt-laravel/vendor/laravel/framework/src/Illuminate/Foundation/Console/KeyGenerateCommand.php(82): Illuminate/Foundation/Console/KeyGenerateCommand->writeNewEnvironmentFileWith()
#4 C:/Users/kings/Downloads/partnership-tracker-laravel/pt-laravel/vendor/laravel/framework/src/Illuminate/Foundation/Console/KeyGenerateCommand.php(47): Illuminate/Foundation/Console/KeyGenerateCommand->setKeyInEnvironmentFile()
#5 C:/Users/kings/Downloads/partnership-tracker-laravel/pt-laravel/vendor/laravel/framework/src/Illuminate/Container/BoundMethod.php(36): Illuminate/Foundation/Console/KeyGenerateCommand->handle()
#6 C:/Users/kings/Downloads/partnership-tracker-laravel/pt-laravel/vendor/laravel/framework/src/Illuminate/Container/Util.php(43): Illuminate/Container/BoundMethod::{closure:Illuminate/Container/BoundMethod::call():35}()
#7 C:/Users/kings/Downloads/partnership-tracker-laravel/pt-laravel/vendor/laravel/framework/src/Illuminate/Container/BoundMethod.php(95): Illuminate/Container/Util::unwrapIfClosure()
#8 C:/Users/kings/Downloads/partnership-tracker-laravel/pt-laravel/vendor/laravel/framework/src/Illuminate/Container/BoundMethod.php(35): Illuminate/Container/BoundMethod::callBoundMethod()
#9 C:/Users/kings/Downloads/partnership-tracker-laravel/pt-laravel/vendor/laravel/framework/src/Illuminate/Container/Container.php(696): Illuminate/Container/BoundMethod::call()
#10 C:/Users/kings/Downloads/partnership-tracker-laravel/pt-laravel/vendor/laravel/framework/src/Illuminate/Console/Command.php(213): Illuminate/Container/Container->call()
#11 C:/Users/kings/Downloads/partnership-tracker-laravel/pt-laravel/vendor/symfony/console/Command/Command.php(341): Illuminate/Console/Command->execute()
#12 C:/Users/kings/Downloads/partnership-tracker-laravel/pt-laravel/vendor/laravel/framework/src/Illuminate/Console/Command.php(182): Symfony/Component/Console/Command/Command->run()
#13 C:/Users/kings/Downloads/partnership-tracker-laravel/pt-laravel/vendor/symfony/console/Application.php(1117): Illuminate/Console/Command->run()
#14 C:/Users/kings/Downloads/partnership-tracker-laravel/pt-laravel/vendor/symfony/console/Application.php(356): Symfony/Component/Console/Application->doRunCommand()
#15 C:/Users/kings/Downloads/partnership-tracker-laravel/pt-laravel/vendor/symfony/console/Application.php(195): Symfony/Component/Console/Application->doRun()
#16 C:/Users/kings/Downloads/partnership-tracker-laravel/pt-laravel/vendor/laravel/framework/src/Illuminate/Foundation/Console/Kernel.php(198): Symfony/Component/Console/Application->run()
#17 C:/Users/kings/Downloads/partnership-tracker-laravel/pt-laravel/vendor/laravel/framework/src/Illuminate/Foundation/Application.php(1235): Illuminate/Foundation/Console/Kernel->handle()
#18 C:/Users/kings/Downloads/partnership-tracker-laravel/pt-laravel/artisan(12): Illuminate/Foundation/Application->handleCommand()
#19 {main}
"} 
[2026-07-13 19:37:04] production.ERROR: No application encryption key has been specified. {"exception":"[object] (Illuminate\\Encryption\\MissingAppKeyException(code: 0): No application encryption key has been specified. at C:/Users/kings/Downloads/partnership-tracker-laravel/pt-laravel/vendor/laravel/framework/src/Illuminate/Encryption/EncryptionServiceProvider.php:83)
[stacktrace]
#0 C:/Users/kings/Downloads/partnership-tracker-laravel/pt-laravel/vendor/laravel/framework/src/Illuminate/Support/helpers.php(399): Illuminate/Encryption/EncryptionServiceProvider->{closure:Illuminate/Encryption/EncryptionServiceProvider::key():81}()
#1 C:/Users/kings/Downloads/partnership-tracker-laravel/pt-laravel/vendor/laravel/framework/src/Illuminate/Encryption/EncryptionServiceProvider.php(81): tap()
#2 C:/Users/kings/Downloads/partnership-tracker-laravel/pt-laravel/vendor/laravel/framework/src/Illuminate/Encryption/EncryptionServiceProvider.php(64): Illuminate/Encryption/EncryptionServiceProvider->key()
#3 C:/Users/kings/Downloads/partnership-tracker-laravel/pt-laravel/vendor/laravel/framework/src/Illuminate/Encryption/EncryptionServiceProvider.php(32): Illuminate/Encryption/EncryptionServiceProvider->parseKey()
#4 C:/Users/kings/Downloads/partnership-tracker-laravel/pt-laravel/vendor/laravel/framework/src/Illuminate/Container/Container.php(952): Illuminate/Encryption/EncryptionServiceProvider->{closure:Illuminate/Encryption/EncryptionServiceProvider::registerEncrypter():29}()
#5 C:/Users/kings/Downloads/partnership-tracker-laravel/pt-laravel/vendor/laravel/framework/src/Illuminate/Container/Container.php(832): Illuminate/Container/Container->build()
#6 C:/Users/kings/Downloads/partnership-tracker-laravel/pt-laravel/vendor/laravel/framework/src/Illuminate/Foundation/Application.php(1078): Illuminate/Container/Container->resolve()
#7 C:/Users/kings/Downloads/partnership-tracker-laravel/pt-laravel/vendor/laravel/framework/src/Illuminate/Container/Container.php(763): Illuminate/Foundation/Application->resolve()
#8 C:/Users/kings/Downloads/partnership-tracker-laravel/pt-laravel/vendor/laravel/framework/src/Illuminate/Foundation/Application.php(1058): Illuminate/Container/Container->make()
#9 C:/Users/kings/Downloads/partnership-tracker-laravel/pt-laravel/vendor/laravel/framework/src/Illuminate/Container/Container.php(1133): Illuminate/Foundation/Application->make()
#10 C:/Users/kings/Downloads/partnership-tracker-laravel/pt-laravel/vendor/laravel/framework/src/Illuminate/Container/Container.php(1043): Illuminate/Container/Container->resolveClass()
#11 C:/Users/kings/Downloads/partnership-tracker-laravel/pt-laravel/vendor/laravel/framework/src/Illuminate/Container/Container.php(994): Illuminate/Container/Container->resolveDependencies()
#12 C:/Users/kings/Downloads/partnership-tracker-laravel/pt-laravel/vendor/laravel/framework/src/Illuminate/Container/Container.php(832): Illuminate/Container/Container->build()
#13 C:/Users/kings/Downloads/partnership-tracker-laravel/pt-laravel/vendor/laravel/framework/src/Illuminate/Foundation/Application.php(1078): Illuminate/Container/Container->resolve()
#14 C:/Users/kings/Downloads/partnership-tracker-laravel/pt-laravel/vendor/laravel/framework/src/Illuminate/Container/Container.php(763): Illuminate/Foundation/Application->resolve()
#15 C:/Users/kings/Downloads/partnership-tracker-laravel/pt-laravel/vendor/laravel/framework/src/Illuminate/Foundation/Application.php(1058): Illuminate/Container/Container->make()
#16 C:/Users/kings/Downloads/partnership-tracker-laravel/pt-laravel/vendor/laravel/framework/src/Illuminate/Pipeline/Pipeline.php(198): Illuminate/Foundation/Application->make()
#17 C:/Users/kings/Downloads/partnership-tracker-laravel/pt-laravel/vendor/laravel/framework/src/Illuminate/Pipeline/Pipeline.php(127): Illuminate/Pipeline/Pipeline->{closure:{closure:Illuminate/Pipeline/Pipeline::carry():184}:185}()
#18 C:/Users/kings/Downloads/partnership-tracker-laravel/pt-laravel/vendor/laravel/framework/src/Illuminate/Routing/Router.php(807): Illuminate/Pipeline/Pipeline->then()
#19 C:/Users/kings/Downloads/partnership-tracker-laravel/pt-laravel/vendor/laravel/framework/src/Illuminate/Routing/Router.php(786): Illuminate/Routing/Router->runRouteWithinStack()
#20 C:/Users/kings/Downloads/partnership-tracker-laravel/pt-laravel/vendor/laravel/framework/src/Illuminate/Routing/Router.php(750): Illuminate/Routing/Router->runRoute()
#21 C:/Users/kings/Downloads/partnership-tracker-laravel/pt-laravel/vendor/laravel/framework/src/Illuminate/Routing/Router.php(739): Illuminate/Routing/Router->dispatchToRoute()
#22 C:/Users/kings/Downloads/partnership-tracker-laravel/pt-laravel/vendor/laravel/framework/src/Illuminate/Foundation/Http/Kernel.php(201): Illuminate/Routing/Router->dispatch()
#23 C:/Users/kings/Downloads/partnership-tracker-laravel/pt-laravel/vendor/laravel/framework/src/Illuminate/Pipeline/Pipeline.php(170): Illuminate/Foundation/Http/Kernel->{closure:Illuminate/Foundation/Http/Kernel::dispatchToRouter():198}()
#24 C:/Users/kings/Downloads/partnership-tracker-laravel/pt-laravel/vendor/laravel/framework/src/Illuminate/Foundation/Http/Middleware/TransformsRequest.php(21): Illuminate/Pipeline/Pipeline->{closure:Illuminate/Pipeline/Pipeline::prepareDestination():168}()
#25 C:/Users/kings/Downloads/partnership-tracker-laravel/pt-laravel/vendor/laravel/framework/src/Illuminate/Foundation/Http/Middleware/ConvertEmptyStringsToNull.php(31): Illuminate/Foundation/Http/Middleware/TransformsRequest->handle()
#26 C:/Users/kings/Downloads/partnership-tracker-laravel/pt-laravel/vendor/laravel/framework/src/Illuminate/Pipeline/Pipeline.php(209): Illuminate/Foundation/Http/Middleware/ConvertEmptyStringsToNull->handle()
#27 C:/Users/kings/Downloads/partnership-tracker-laravel/pt-laravel/vendor/laravel/framework/src/Illuminate/Foundation/Http/Middleware/TransformsRequest.php(21): Illuminate/Pipeline/Pipeline->{closure:{closure:Illuminate/Pipeline/Pipeline::carry():184}:185}()
#28 C:/Users/kings/Downloads/partnership-tracker-laravel/pt-laravel/vendor/laravel/framework/src/Illuminate/Foundation/Http/Middleware/TrimStrings.php(51): Illuminate/Foundation/Http/Middleware/TransformsRequest->handle()
#29 C:/Users/kings/Downloads/partnership-tracker-laravel/pt-laravel/vendor/laravel/framework/src/Illuminate/Pipeline/Pipeline.php(209): Illuminate/Foundation/Http/Middleware/TrimStrings->handle()
#30 C:/Users/kings/Downloads/partnership-tracker-laravel/pt-laravel/vendor/laravel/framework/src/Illuminate/Http/Middleware/ValidatePostSize.php(27): Illuminate/Pipeline/Pipeline->{closure:{closure:Illuminate/Pipeline/Pipeline::carry():184}:185}()
#31 C:/Users/kings/Downloads/partnership-tracker-laravel/pt-laravel/vendor/laravel/framework/src/Illuminate/Pipeline/Pipeline.php(209): Illuminate/Http/Middleware/ValidatePostSize->handle()
#32 C:/Users/kings/Downloads/partnership-tracker-laravel/pt-laravel/vendor/laravel/framework/src/Illuminate/Foundation/Http/Middleware/PreventRequestsDuringMaintenance.php(110): Illuminate/Pipeline/Pipeline->{closure:{closure:Illuminate/Pipeline/Pipeline::carry():184}:185}()
#33 C:/Users/kings/Downloads/partnership-tracker-laravel/pt-laravel/vendor/laravel/framework/src/Illuminate/Pipeline/Pipeline.php(209): Illuminate/Foundation/Http/Middleware/PreventRequestsDuringMaintenance->handle()
#34 C:/Users/kings/Downloads/partnership-tracker-laravel/pt-laravel/vendor/laravel/framework/src/Illuminate/Http/Middleware/HandleCors.php(49): Illuminate/Pipeline/Pipeline->{closure:{closure:Illuminate/Pipeline/Pipeline::carry():184}:185}()
#35 C:/Users/kings/Downloads/partnership-tracker-laravel/pt-laravel/vendor/laravel/framework/src/Illuminate/Pipeline/Pipeline.php(209): Illuminate/Http/Middleware/HandleCors->handle()
#36 C:/Users/kings/Downloads/partnership-tracker-laravel/pt-laravel/vendor/laravel/framework/src/Illuminate/Http/Middleware/TrustProxies.php(58): Illuminate/Pipeline/Pipeline->{closure:{closure:Illuminate/Pipeline/Pipeline::carry():184}:185}()
#37 C:/Users/kings/Downloads/partnership-tracker-laravel/pt-laravel/vendor/laravel/framework/src/Illuminate/Pipeline/Pipeline.php(209): Illuminate/Http/Middleware/TrustProxies->handle()
#38 C:/Users/kings/Downloads/partnership-tracker-laravel/pt-laravel/vendor/laravel/framework/src/Illuminate/Foundation/Http/Middleware/InvokeDeferredCallbacks.php(22): Illuminate/Pipeline/Pipeline->{closure:{closure:Illuminate/Pipeline/Pipeline::carry():184}:185}()
#39 C:/Users/kings/Downloads/partnership-tracker-laravel/pt-laravel/vendor/laravel/framework/src/Illuminate/Pipeline/Pipeline.php(209): Illuminate/Foundation/Http/Middleware/InvokeDeferredCallbacks->handle()
#40 C:/Users/kings/Downloads/partnership-tracker-laravel/pt-laravel/vendor/laravel/framework/src/Illuminate/Pipeline/Pipeline.php(127): Illuminate/Pipeline/Pipeline->{closure:{closure:Illuminate/Pipeline/Pipeline::carry():184}:185}()
#41 C:/Users/kings/Downloads/partnership-tracker-laravel/pt-laravel/vendor/laravel/framework/src/Illuminate/Foundation/Http/Kernel.php(176): Illuminate/Pipeline/Pipeline->then()
#42 C:/Users/kings/Downloads/partnership-tracker-laravel/pt-laravel/vendor/laravel/framework/src/Illuminate/Foundation/Http/Kernel.php(145): Illuminate/Foundation/Http/Kernel->sendRequestThroughRouter()
#43 C:/Users/kings/Downloads/partnership-tracker-laravel/pt-laravel/vendor/laravel/framework/src/Illuminate/Foundation/Application.php(1220): Illuminate/Foundation/Http/Kernel->handle()
#44 C:/Users/kings/Downloads/partnership-tracker-laravel/pt-laravel/public/index.php(17): Illuminate/Foundation/Application->handleRequest()
#45 C:/Users/kings/Downloads/partnership-tracker-laravel/pt-laravel/vendor/laravel/framework/src/Illuminate/Foundation/resources/server.php(23): require_once('...')
#46 {main}
"} 
[2026-07-13 19:37:04] production.ERROR: No application encryption key has been specified. {"exception":"[object] (Illuminate\\Encryption\\MissingAppKeyException(code: 0): No application encryption key has been specified. at C:/Users/kings/Downloads/partnership-tracker-laravel/pt-laravel/vendor/laravel/framework/src/Illuminate/Encryption/EncryptionServiceProvider.php:83)
[stacktrace]
#0 C:/Users/kings/Downloads/partnership-tracker-laravel/pt-laravel/vendor/laravel/framework/src/Illuminate/Support/helpers.php(399): Illuminate/Encryption/EncryptionServiceProvider->{closure:Illuminate/Encryption/EncryptionServiceProvider::key():81}()
#1 C:/Users/kings/Downloads/partnership-tracker-laravel/pt-laravel/vendor/laravel/framework/src/Illuminate/Encryption/EncryptionServiceProvider.php(81): tap()
#2 C:/Users/kings/Downloads/partnership-tracker-laravel/pt-laravel/vendor/laravel/framework/src/Illuminate/Encryption/EncryptionServiceProvider.php(64): Illuminate/Encryption/EncryptionServiceProvider->key()
#3 C:/Users/kings/Downloads/partnership-tracker-laravel/pt-laravel/vendor/laravel/framework/src/Illuminate/Encryption/EncryptionServiceProvider.php(32): Illuminate/Encryption/EncryptionServiceProvider->parseKey()
#4 C:/Users/kings/Downloads/partnership-tracker-laravel/pt-laravel/vendor/laravel/framework/src/Illuminate/Container/Container.php(952): Illuminate/Encryption/EncryptionServiceProvider->{closure:Illuminate/Encryption/EncryptionServiceProvider::registerEncrypter():29}()
#5 C:/Users/kings/Downloads/partnership-tracker-laravel/pt-laravel/vendor/laravel/framework/src/Illuminate/Container/Container.php(832): Illuminate/Container/Container->build()
#6 C:/Users/kings/Downloads/partnership-tracker-laravel/pt-laravel/vendor/laravel/framework/src/Illuminate/Foundation/Application.php(1078): Illuminate/Container/Container->resolve()
#7 C:/Users/kings/Downloads/partnership-tracker-laravel/pt-laravel/vendor/laravel/framework/src/Illuminate/Container/Container.php(763): Illuminate/Foundation/Application->resolve()
#8 C:/Users/kings/Downloads/partnership-tracker-laravel/pt-laravel/vendor/laravel/framework/src/Illuminate/Foundation/Application.php(1058): Illuminate/Container/Container->make()
#9 C:/Users/kings/Downloads/partnership-tracker-laravel/pt-laravel/vendor/laravel/framework/src/Illuminate/Container/Container.php(1133): Illuminate/Foundation/Application->make()
#10 C:/Users/kings/Downloads/partnership-tracker-laravel/pt-laravel/vendor/laravel/framework/src/Illuminate/Container/Container.php(1043): Illuminate/Container/Container->resolveClass()
#11 C:/Users/kings/Downloads/partnership-tracker-laravel/pt-laravel/vendor/laravel/framework/src/Illuminate/Container/Container.php(994): Illuminate/Container/Container->resolveDependencies()
#12 C:/Users/kings/Downloads/partnership-tracker-laravel/pt-laravel/vendor/laravel/framework/src/Illuminate/Container/Container.php(832): Illuminate/Container/Container->build()
#13 C:/Users/kings/Downloads/partnership-tracker-laravel/pt-laravel/vendor/laravel/framework/src/Illuminate/Foundation/Application.php(1078): Illuminate/Container/Container->resolve()
#14 C:/Users/kings/Downloads/partnership-tracker-laravel/pt-laravel/vendor/laravel/framework/src/Illuminate/Container/Container.php(763): Illuminate/Foundation/Application->resolve()
#15 C:/Users/kings/Downloads/partnership-tracker-laravel/pt-laravel/vendor/laravel/framework/src/Illuminate/Foundation/Application.php(1058): Illuminate/Container/Container->make()
#16 C:/Users/kings/Downloads/partnership-tracker-laravel/pt-laravel/vendor/laravel/framework/src/Illuminate/Foundation/Http/Kernel.php(258): Illuminate/Foundation/Application->make()
#17 C:/Users/kings/Downloads/partnership-tracker-laravel/pt-laravel/vendor/laravel/framework/src/Illuminate/Foundation/Http/Kernel.php(216): Illuminate/Foundation/Http/Kernel->terminateMiddleware()
#18 C:/Users/kings/Downloads/partnership-tracker-laravel/pt-laravel/vendor/laravel/framework/src/Illuminate/Foundation/Application.php(1222): Illuminate/Foundation/Http/Kernel->terminate()
#19 C:/Users/kings/Downloads/partnership-tracker-laravel/pt-laravel/public/index.php(17): Illuminate/Foundation/Application->handleRequest()
#20 C:/Users/kings/Downloads/partnership-tracker-laravel/pt-laravel/vendor/laravel/framework/src/Illuminate/Foundation/resources/server.php(23): require_once('...')
#21 {main}
"} 
[2026-07-13 19:42:48] laravel.EMERGENCY: Unable to create configured logger. Using emergency logger. {"exception":"[object] (InvalidArgumentException(code: 0): Log [] is not defined. at C:/Users/kings/Downloads/partnership-tracker-laravel/pt-laravel/vendor/laravel/framework/src/Illuminate/Log/LogManager.php:232)
[stacktrace]
#0 C:/Users/kings/Downloads/partnership-tracker-laravel/pt-laravel/vendor/laravel/framework/src/Illuminate/Log/LogManager.php(139): Illuminate/Log/LogManager->resolve()
#1 C:/Users/kings/Downloads/partnership-tracker-laravel/pt-laravel/vendor/laravel/framework/src/Illuminate/Log/LogManager.php(126): Illuminate/Log/LogManager->get()
#2 C:/Users/kings/Downloads/partnership-tracker-laravel/pt-laravel/vendor/laravel/framework/src/Illuminate/Log/LogManager.php(701): Illuminate/Log/LogManager->driver()
#3 C:/Users/kings/Downloads/partnership-tracker-laravel/pt-laravel/vendor/laravel/framework/src/Illuminate/Foundation/Exceptions/Handler.php(380): Illuminate/Log/LogManager->error()
#4 C:/Users/kings/Downloads/partnership-tracker-laravel/pt-laravel/vendor/laravel/framework/src/Illuminate/Foundation/Exceptions/Handler.php(343): Illuminate/Foundation/Exceptions/Handler->reportThrowable()
#5 C:/Users/kings/Downloads/partnership-tracker-laravel/pt-laravel/vendor/laravel/framework/src/Illuminate/Foundation/Console/Kernel.php(621): Illuminate/Foundation/Exceptions/Handler->report()
#6 C:/Users/kings/Downloads/partnership-tracker-laravel/pt-laravel/vendor/laravel/framework/src/Illuminate/Foundation/Console/Kernel.php(200): Illuminate/Foundation/Console/Kernel->reportException()
#7 Command line code(1): Illuminate/Foundation/Console/Kernel->handle()
#8 {main}
"} 
[2026-07-13 19:42:48] laravel.ERROR: syntax error, unexpected token "=>" {"exception":"[object] (ParseError(code: 0): syntax error, unexpected token \"=>\" at C:/Users/kings/Downloads/partnership-tracker-laravel/pt-laravel/config/app.php:42)
[stacktrace]
#0 C:/Users/kings/Downloads/partnership-tracker-laravel/pt-laravel/vendor/laravel/framework/src/Illuminate/Foundation/Bootstrap/LoadConfiguration.php(97): Illuminate/Foundation/Bootstrap/LoadConfiguration->{closure:Illuminate/Foundation/Bootstrap/LoadConfiguration::loadConfigurationFile():97}()
#1 C:/Users/kings/Downloads/partnership-tracker-laravel/pt-laravel/vendor/laravel/framework/src/Illuminate/Foundation/Bootstrap/LoadConfiguration.php(78): Illuminate/Foundation/Bootstrap/LoadConfiguration->loadConfigurationFile()
#2 C:/Users/kings/Downloads/partnership-tracker-laravel/pt-laravel/vendor/laravel/framework/src/Illuminate/Foundation/Bootstrap/LoadConfiguration.php(39): Illuminate/Foundation/Bootstrap/LoadConfiguration->loadConfigurationFiles()
#3 C:/Users/kings/Downloads/partnership-tracker-laravel/pt-laravel/vendor/laravel/framework/src/Illuminate/Foundation/Application.php(342): Illuminate/Foundation/Bootstrap/LoadConfiguration->bootstrap()
#4 C:/Users/kings/Downloads/partnership-tracker-laravel/pt-laravel/vendor/laravel/framework/src/Illuminate/Foundation/Console/Kernel.php(474): Illuminate/Foundation/Application->bootstrapWith()
#5 C:/Users/kings/Downloads/partnership-tracker-laravel/pt-laravel/vendor/laravel/framework/src/Illuminate/Foundation/Console/Kernel.php(196): Illuminate/Foundation/Console/Kernel->bootstrap()
#6 Command line code(1): Illuminate/Foundation/Console/Kernel->handle()
#7 {main}
"} 
[2026-07-13 19:43:21] production.ERROR: No application encryption key has been specified. {"exception":"[object] (Illuminate\\Encryption\\MissingAppKeyException(code: 0): No application encryption key has been specified. at C:/Users/kings/Downloads/partnership-tracker-laravel/pt-laravel/vendor/laravel/framework/src/Illuminate/Encryption/EncryptionServiceProvider.php:83)
[stacktrace]
#0 C:/Users/kings/Downloads/partnership-tracker-laravel/pt-laravel/vendor/laravel/framework/src/Illuminate/Support/helpers.php(399): Illuminate/Encryption/EncryptionServiceProvider->{closure:Illuminate/Encryption/EncryptionServiceProvider::key():81}()
#1 C:/Users/kings/Downloads/partnership-tracker-laravel/pt-laravel/vendor/laravel/framework/src/Illuminate/Encryption/EncryptionServiceProvider.php(81): tap()
#2 C:/Users/kings/Downloads/partnership-tracker-laravel/pt-laravel/vendor/laravel/framework/src/Illuminate/Encryption/EncryptionServiceProvider.php(64): Illuminate/Encryption/EncryptionServiceProvider->key()
#3 C:/Users/kings/Downloads/partnership-tracker-laravel/pt-laravel/vendor/laravel/framework/src/Illuminate/Encryption/EncryptionServiceProvider.php(32): Illuminate/Encryption/EncryptionServiceProvider->parseKey()
#4 C:/Users/kings/Downloads/partnership-tracker-laravel/pt-laravel/vendor/laravel/framework/src/Illuminate/Container/Container.php(952): Illuminate/Encryption/EncryptionServiceProvider->{closure:Illuminate/Encryption/EncryptionServiceProvider::registerEncrypter():29}()
#5 C:/Users/kings/Downloads/partnership-tracker-laravel/pt-laravel/vendor/laravel/framework/src/Illuminate/Container/Container.php(832): Illuminate/Container/Container->build()
#6 C:/Users/kings/Downloads/partnership-tracker-laravel/pt-laravel/vendor/laravel/framework/src/Illuminate/Foundation/Application.php(1078): Illuminate/Container/Container->resolve()
#7 C:/Users/kings/Downloads/partnership-tracker-laravel/pt-laravel/vendor/laravel/framework/src/Illuminate/Container/Container.php(763): Illuminate/Foundation/Application->resolve()
#8 C:/Users/kings/Downloads/partnership-tracker-laravel/pt-laravel/vendor/laravel/framework/src/Illuminate/Foundation/Application.php(1058): Illuminate/Container/Container->make()
#9 C:/Users/kings/Downloads/partnership-tracker-laravel/pt-laravel/vendor/laravel/framework/src/Illuminate/Container/Container.php(1133): Illuminate/Foundation/Application->make()
#10 C:/Users/kings/Downloads/partnership-tracker-laravel/pt-laravel/vendor/laravel/framework/src/Illuminate/Container/Container.php(1043): Illuminate/Container/Container->resolveClass()
#11 C:/Users/kings/Downloads/partnership-tracker-laravel/pt-laravel/vendor/laravel/framework/src/Illuminate/Container/Container.php(994): Illuminate/Container/Container->resolveDependencies()
#12 C:/Users/kings/Downloads/partnership-tracker-laravel/pt-laravel/vendor/laravel/framework/src/Illuminate/Container/Container.php(832): Illuminate/Container/Container->build()
#13 C:/Users/kings/Downloads/partnership-tracker-laravel/pt-laravel/vendor/laravel/framework/src/Illuminate/Foundation/Application.php(1078): Illuminate/Container/Container->resolve()
#14 C:/Users/kings/Downloads/partnership-tracker-laravel/pt-laravel/vendor/laravel/framework/src/Illuminate/Container/Container.php(763): Illuminate/Foundation/Application->resolve()
#15 C:/Users/kings/Downloads/partnership-tracker-laravel/pt-laravel/vendor/laravel/framework/src/Illuminate/Foundation/Application.php(1058): Illuminate/Container/Container->make()
#16 C:/Users/kings/Downloads/partnership-tracker-laravel/pt-laravel/vendor/laravel/framework/src/Illuminate/Pipeline/Pipeline.php(198): Illuminate/Foundation/Application->make()
#17 C:/Users/kings/Downloads/partnership-tracker-laravel/pt-laravel/vendor/laravel/framework/src/Illuminate/Pipeline/Pipeline.php(127): Illuminate/Pipeline/Pipeline->{closure:{closure:Illuminate/Pipeline/Pipeline::carry():184}:185}()
#18 C:/Users/kings/Downloads/partnership-tracker-laravel/pt-laravel/vendor/laravel/framework/src/Illuminate/Routing/Router.php(807): Illuminate/Pipeline/Pipeline->then()
#19 C:/Users/kings/Downloads/partnership-tracker-laravel/pt-laravel/vendor/laravel/framework/src/Illuminate/Routing/Router.php(786): Illuminate/Routing/Router->runRouteWithinStack()
#20 C:/Users/kings/Downloads/partnership-tracker-laravel/pt-laravel/vendor/laravel/framework/src/Illuminate/Routing/Router.php(750): Illuminate/Routing/Router->runRoute()
#21 C:/Users/kings/Downloads/partnership-tracker-laravel/pt-laravel/vendor/laravel/framework/src/Illuminate/Routing/Router.php(739): Illuminate/Routing/Router->dispatchToRoute()
#22 C:/Users/kings/Downloads/partnership-tracker-laravel/pt-laravel/vendor/laravel/framework/src/Illuminate/Foundation/Http/Kernel.php(201): Illuminate/Routing/Router->dispatch()
#23 C:/Users/kings/Downloads/partnership-tracker-laravel/pt-laravel/vendor/laravel/framework/src/Illuminate/Pipeline/Pipeline.php(170): Illuminate/Foundation/Http/Kernel->{closure:Illuminate/Foundation/Http/Kernel::dispatchToRouter():198}()
#24 C:/Users/kings/Downloads/partnership-tracker-laravel/pt-laravel/vendor/laravel/framework/src/Illuminate/Foundation/Http/Middleware/TransformsRequest.php(21): Illuminate/Pipeline/Pipeline->{closure:Illuminate/Pipeline/Pipeline::prepareDestination():168}()
#25 C:/Users/kings/Downloads/partnership-tracker-laravel/pt-laravel/vendor/laravel/framework/src/Illuminate/Foundation/Http/Middleware/ConvertEmptyStringsToNull.php(31): Illuminate/Foundation/Http/Middleware/TransformsRequest->handle()
#26 C:/Users/kings/Downloads/partnership-tracker-laravel/pt-laravel/vendor/laravel/framework/src/Illuminate/Pipeline/Pipeline.php(209): Illuminate/Foundation/Http/Middleware/ConvertEmptyStringsToNull->handle()
#27 C:/Users/kings/Downloads/partnership-tracker-laravel/pt-laravel/vendor/laravel/framework/src/Illuminate/Foundation/Http/Middleware/TransformsRequest.php(21): Illuminate/Pipeline/Pipeline->{closure:{closure:Illuminate/Pipeline/Pipeline::carry():184}:185}()
#28 C:/Users/kings/Downloads/partnership-tracker-laravel/pt-laravel/vendor/laravel/framework/src/Illuminate/Foundation/Http/Middleware/TrimStrings.php(51): Illuminate/Foundation/Http/Middleware/TransformsRequest->handle()
#29 C:/Users/kings/Downloads/partnership-tracker-laravel/pt-laravel/vendor/laravel/framework/src/Illuminate/Pipeline/Pipeline.php(209): Illuminate/Foundation/Http/Middleware/TrimStrings->handle()
#30 C:/Users/kings/Downloads/partnership-tracker-laravel/pt-laravel/vendor/laravel/framework/src/Illuminate/Http/Middleware/ValidatePostSize.php(27): Illuminate/Pipeline/Pipeline->{closure:{closure:Illuminate/Pipeline/Pipeline::carry():184}:185}()
#31 C:/Users/kings/Downloads/partnership-tracker-laravel/pt-laravel/vendor/laravel/framework/src/Illuminate/Pipeline/Pipeline.php(209): Illuminate/Http/Middleware/ValidatePostSize->handle()
#32 C:/Users/kings/Downloads/partnership-tracker-laravel/pt-laravel/vendor/laravel/framework/src/Illuminate/Foundation/Http/Middleware/PreventRequestsDuringMaintenance.php(110): Illuminate/Pipeline/Pipeline->{closure:{closure:Illuminate/Pipeline/Pipeline::carry():184}:185}()
#33 C:/Users/kings/Downloads/partnership-tracker-laravel/pt-laravel/vendor/laravel/framework/src/Illuminate/Pipeline/Pipeline.php(209): Illuminate/Foundation/Http/Middleware/PreventRequestsDuringMaintenance->handle()
#34 C:/Users/kings/Downloads/partnership-tracker-laravel/pt-laravel/vendor/laravel/framework/src/Illuminate/Http/Middleware/HandleCors.php(49): Illuminate/Pipeline/Pipeline->{closure:{closure:Illuminate/Pipeline/Pipeline::carry():184}:185}()
#35 C:/Users/kings/Downloads/partnership-tracker-laravel/pt-laravel/vendor/laravel/framework/src/Illuminate/Pipeline/Pipeline.php(209): Illuminate/Http/Middleware/HandleCors->handle()
#36 C:/Users/kings/Downloads/partnership-tracker-laravel/pt-laravel/vendor/laravel/framework/src/Illuminate/Http/Middleware/TrustProxies.php(58): Illuminate/Pipeline/Pipeline->{closure:{closure:Illuminate/Pipeline/Pipeline::carry():184}:185}()
#37 C:/Users/kings/Downloads/partnership-tracker-laravel/pt-laravel/vendor/laravel/framework/src/Illuminate/Pipeline/Pipeline.php(209): Illuminate/Http/Middleware/TrustProxies->handle()
#38 C:/Users/kings/Downloads/partnership-tracker-laravel/pt-laravel/vendor/laravel/framework/src/Illuminate/Foundation/Http/Middleware/InvokeDeferredCallbacks.php(22): Illuminate/Pipeline/Pipeline->{closure:{closure:Illuminate/Pipeline/Pipeline::carry():184}:185}()
#39 C:/Users/kings/Downloads/partnership-tracker-laravel/pt-laravel/vendor/laravel/framework/src/Illuminate/Pipeline/Pipeline.php(209): Illuminate/Foundation/Http/Middleware/InvokeDeferredCallbacks->handle()
#40 C:/Users/kings/Downloads/partnership-tracker-laravel/pt-laravel/vendor/laravel/framework/src/Illuminate/Pipeline/Pipeline.php(127): Illuminate/Pipeline/Pipeline->{closure:{closure:Illuminate/Pipeline/Pipeline::carry():184}:185}()
#41 C:/Users/kings/Downloads/partnership-tracker-laravel/pt-laravel/vendor/laravel/framework/src/Illuminate/Foundation/Http/Kernel.php(176): Illuminate/Pipeline/Pipeline->then()
#42 C:/Users/kings/Downloads/partnership-tracker-laravel/pt-laravel/vendor/laravel/framework/src/Illuminate/Foundation/Http/Kernel.php(145): Illuminate/Foundation/Http/Kernel->sendRequestThroughRouter()
#43 C:/Users/kings/Downloads/partnership-tracker-laravel/pt-laravel/vendor/laravel/framework/src/Illuminate/Foundation/Application.php(1220): Illuminate/Foundation/Http/Kernel->handle()
#44 C:/Users/kings/Downloads/partnership-tracker-laravel/pt-laravel/public/index.php(17): Illuminate/Foundation/Application->handleRequest()
#45 C:/Users/kings/Downloads/partnership-tracker-laravel/pt-laravel/vendor/laravel/framework/src/Illuminate/Foundation/resources/server.php(23): require_once('...')
#46 {main}
"} 
[2026-07-13 19:43:21] production.ERROR: No application encryption key has been specified. {"exception":"[object] (Illuminate\\Encryption\\MissingAppKeyException(code: 0): No application encryption key has been specified. at C:/Users/kings/Downloads/partnership-tracker-laravel/pt-laravel/vendor/laravel/framework/src/Illuminate/Encryption/EncryptionServiceProvider.php:83)
[stacktrace]
#0 C:/Users/kings/Downloads/partnership-tracker-laravel/pt-laravel/vendor/laravel/framework/src/Illuminate/Support/helpers.php(399): Illuminate/Encryption/EncryptionServiceProvider->{closure:Illuminate/Encryption/EncryptionServiceProvider::key():81}()
#1 C:/Users/kings/Downloads/partnership-tracker-laravel/pt-laravel/vendor/laravel/framework/src/Illuminate/Encryption/EncryptionServiceProvider.php(81): tap()
#2 C:/Users/kings/Downloads/partnership-tracker-laravel/pt-laravel/vendor/laravel/framework/src/Illuminate/Encryption/EncryptionServiceProvider.php(64): Illuminate/Encryption/EncryptionServiceProvider->key()
#3 C:/Users/kings/Downloads/partnership-tracker-laravel/pt-laravel/vendor/laravel/framework/src/Illuminate/Encryption/EncryptionServiceProvider.php(32): Illuminate/Encryption/EncryptionServiceProvider->parseKey()
#4 C:/Users/kings/Downloads/partnership-tracker-laravel/pt-laravel/vendor/laravel/framework/src/Illuminate/Container/Container.php(952): Illuminate/Encryption/EncryptionServiceProvider->{closure:Illuminate/Encryption/EncryptionServiceProvider::registerEncrypter():29}()
#5 C:/Users/kings/Downloads/partnership-tracker-laravel/pt-laravel/vendor/laravel/framework/src/Illuminate/Container/Container.php(832): Illuminate/Container/Container->build()
#6 C:/Users/kings/Downloads/partnership-tracker-laravel/pt-laravel/vendor/laravel/framework/src/Illuminate/Foundation/Application.php(1078): Illuminate/Container/Container->resolve()
#7 C:/Users/kings/Downloads/partnership-tracker-laravel/pt-laravel/vendor/laravel/framework/src/Illuminate/Container/Container.php(763): Illuminate/Foundation/Application->resolve()
#8 C:/Users/kings/Downloads/partnership-tracker-laravel/pt-laravel/vendor/laravel/framework/src/Illuminate/Foundation/Application.php(1058): Illuminate/Container/Container->make()
#9 C:/Users/kings/Downloads/partnership-tracker-laravel/pt-laravel/vendor/laravel/framework/src/Illuminate/Container/Container.php(1133): Illuminate/Foundation/Application->make()
#10 C:/Users/kings/Downloads/partnership-tracker-laravel/pt-laravel/vendor/laravel/framework/src/Illuminate/Container/Container.php(1043): Illuminate/Container/Container->resolveClass()
#11 C:/Users/kings/Downloads/partnership-tracker-laravel/pt-laravel/vendor/laravel/framework/src/Illuminate/Container/Container.php(994): Illuminate/Container/Container->resolveDependencies()
#12 C:/Users/kings/Downloads/partnership-tracker-laravel/pt-laravel/vendor/laravel/framework/src/Illuminate/Container/Container.php(832): Illuminate/Container/Container->build()
#13 C:/Users/kings/Downloads/partnership-tracker-laravel/pt-laravel/vendor/laravel/framework/src/Illuminate/Foundation/Application.php(1078): Illuminate/Container/Container->resolve()
#14 C:/Users/kings/Downloads/partnership-tracker-laravel/pt-laravel/vendor/laravel/framework/src/Illuminate/Container/Container.php(763): Illuminate/Foundation/Application->resolve()
#15 C:/Users/kings/Downloads/partnership-tracker-laravel/pt-laravel/vendor/laravel/framework/src/Illuminate/Foundation/Application.php(1058): Illuminate/Container/Container->make()
#16 C:/Users/kings/Downloads/partnership-tracker-laravel/pt-laravel/vendor/laravel/framework/src/Illuminate/Foundation/Http/Kernel.php(258): Illuminate/Foundation/Application->make()
#17 C:/Users/kings/Downloads/partnership-tracker-laravel/pt-laravel/vendor/laravel/framework/src/Illuminate/Foundation/Http/Kernel.php(216): Illuminate/Foundation/Http/Kernel->terminateMiddleware()
#18 C:/Users/kings/Downloads/partnership-tracker-laravel/pt-laravel/vendor/laravel/framework/src/Illuminate/Foundation/Application.php(1222): Illuminate/Foundation/Http/Kernel->terminate()
#19 C:/Users/kings/Downloads/partnership-tracker-laravel/pt-laravel/public/index.php(17): Illuminate/Foundation/Application->handleRequest()
#20 C:/Users/kings/Downloads/partnership-tracker-laravel/pt-laravel/vendor/laravel/framework/src/Illuminate/Foundation/resources/server.php(23): require_once('...')
#21 {main}
"} 
[2026-07-13 19:45:23] production.ERROR: file_get_contents(C:\Users\kings\Downloads\partnership-tracker-laravel\pt-laravel\.env): Failed to open stream: No such file or directory {"exception":"[object] (ErrorException(code: 0): file_get_contents(C:\\Users\\kings\\Downloads\\partnership-tracker-laravel\\pt-laravel\\.env): Failed to open stream: No such file or directory at C:/Users/kings/Downloads/partnership-tracker-laravel/pt-laravel/vendor/laravel/framework/src/Illuminate/Foundation/Console/KeyGenerateCommand.php:100)
[stacktrace]
#0 C:/Users/kings/Downloads/partnership-tracker-laravel/pt-laravel/vendor/laravel/framework/src/Illuminate/Foundation/Bootstrap/HandleExceptions.php(258): Illuminate/Foundation/Bootstrap/HandleExceptions->handleError()
#1 [internal function]: Illuminate/Foundation/Bootstrap/HandleExceptions->{closure:Illuminate/Foundation/Bootstrap/HandleExceptions::forwardsTo():257}()
#2 C:/Users/kings/Downloads/partnership-tracker-laravel/pt-laravel/vendor/laravel/framework/src/Illuminate/Foundation/Console/KeyGenerateCommand.php(100): file_get_contents()
#3 C:/Users/kings/Downloads/partnership-tracker-laravel/pt-laravel/vendor/laravel/framework/src/Illuminate/Foundation/Console/KeyGenerateCommand.php(82): Illuminate/Foundation/Console/KeyGenerateCommand->writeNewEnvironmentFileWith()
#4 C:/Users/kings/Downloads/partnership-tracker-laravel/pt-laravel/vendor/laravel/framework/src/Illuminate/Foundation/Console/KeyGenerateCommand.php(47): Illuminate/Foundation/Console/KeyGenerateCommand->setKeyInEnvironmentFile()
#5 C:/Users/kings/Downloads/partnership-tracker-laravel/pt-laravel/vendor/laravel/framework/src/Illuminate/Container/BoundMethod.php(36): Illuminate/Foundation/Console/KeyGenerateCommand->handle()
#6 C:/Users/kings/Downloads/partnership-tracker-laravel/pt-laravel/vendor/laravel/framework/src/Illuminate/Container/Util.php(43): Illuminate/Container/BoundMethod::{closure:Illuminate/Container/BoundMethod::call():35}()
#7 C:/Users/kings/Downloads/partnership-tracker-laravel/pt-laravel/vendor/laravel/framework/src/Illuminate/Container/BoundMethod.php(95): Illuminate/Container/Util::unwrapIfClosure()
#8 C:/Users/kings/Downloads/partnership-tracker-laravel/pt-laravel/vendor/laravel/framework/src/Illuminate/Container/BoundMethod.php(35): Illuminate/Container/BoundMethod::callBoundMethod()
#9 C:/Users/kings/Downloads/partnership-tracker-laravel/pt-laravel/vendor/laravel/framework/src/Illuminate/Container/Container.php(696): Illuminate/Container/BoundMethod::call()
#10 C:/Users/kings/Downloads/partnership-tracker-laravel/pt-laravel/vendor/laravel/framework/src/Illuminate/Console/Command.php(213): Illuminate/Container/Container->call()
#11 C:/Users/kings/Downloads/partnership-tracker-laravel/pt-laravel/vendor/symfony/console/Command/Command.php(341): Illuminate/Console/Command->execute()
#12 C:/Users/kings/Downloads/partnership-tracker-laravel/pt-laravel/vendor/laravel/framework/src/Illuminate/Console/Command.php(182): Symfony/Component/Console/Command/Command->run()
#13 C:/Users/kings/Downloads/partnership-tracker-laravel/pt-laravel/vendor/symfony/console/Application.php(1117): Illuminate/Console/Command->run()
#14 C:/Users/kings/Downloads/partnership-tracker-laravel/pt-laravel/vendor/symfony/console/Application.php(356): Symfony/Component/Console/Application->doRunCommand()
#15 C:/Users/kings/Downloads/partnership-tracker-laravel/pt-laravel/vendor/symfony/console/Application.php(195): Symfony/Component/Console/Application->doRun()
#16 C:/Users/kings/Downloads/partnership-tracker-laravel/pt-laravel/vendor/laravel/framework/src/Illuminate/Foundation/Console/Kernel.php(198): Symfony/Component/Console/Application->run()
#17 C:/Users/kings/Downloads/partnership-tracker-laravel/pt-laravel/vendor/laravel/framework/src/Illuminate/Foundation/Application.php(1235): Illuminate/Foundation/Console/Kernel->handle()
#18 C:/Users/kings/Downloads/partnership-tracker-laravel/pt-laravel/artisan(12): Illuminate/Foundation/Application->handleCommand()
#19 {main}
"} 
[2026-07-13 19:46:46] production.ERROR: Vite manifest not found at: C:\Users\kings\Downloads\partnership-tracker-laravel\pt-laravel\public\build/manifest.json (View: C:\Users\kings\Downloads\partnership-tracker-laravel\pt-laravel\resources\views\landing.blade.php) {"exception":"[object] (Illuminate\\View\\ViewException(code: 0): Vite manifest not found at: C:\\Users\\kings\\Downloads\\partnership-tracker-laravel\\pt-laravel\\public\\build/manifest.json (View: C:\\Users\\kings\\Downloads\\partnership-tracker-laravel\\pt-laravel\\resources\\views\\landing.blade.php) at C:/Users/kings/Downloads/partnership-tracker-laravel/pt-laravel/vendor/laravel/framework/src/Illuminate/Foundation/Vite.php:934)
[stacktrace]
#0 C:/Users/kings/Downloads/partnership-tracker-laravel/pt-laravel/vendor/laravel/framework/src/Illuminate/View/Engines/PhpEngine.php(60): Illuminate/View/Engines/CompilerEngine->handleViewException()
#1 C:/Users/kings/Downloads/partnership-tracker-laravel/pt-laravel/vendor/laravel/framework/src/Illuminate/View/Engines/CompilerEngine.php(75): Illuminate/View/Engines/PhpEngine->evaluatePath()
#2 C:/Users/kings/Downloads/partnership-tracker-laravel/pt-laravel/vendor/laravel/framework/src/Illuminate/View/View.php(209): Illuminate/View/Engines/CompilerEngine->get()
#3 C:/Users/kings/Downloads/partnership-tracker-laravel/pt-laravel/vendor/laravel/framework/src/Illuminate/View/View.php(192): Illuminate/View/View->getContents()
#4 C:/Users/kings/Downloads/partnership-tracker-laravel/pt-laravel/vendor/laravel/framework/src/Illuminate/View/View.php(161): Illuminate/View/View->renderContents()
#5 C:/Users/kings/Downloads/partnership-tracker-laravel/pt-laravel/vendor/laravel/framework/src/Illuminate/Http/Response.php(79): Illuminate/View/View->render()
#6 C:/Users/kings/Downloads/partnership-tracker-laravel/pt-laravel/vendor/laravel/framework/src/Illuminate/Http/Response.php(35): Illuminate/Http/Response->setContent()
#7 C:/Users/kings/Downloads/partnership-tracker-laravel/pt-laravel/vendor/laravel/framework/src/Illuminate/Routing/Router.php(920): Illuminate/Http/Response->__construct()
#8 C:/Users/kings/Downloads/partnership-tracker-laravel/pt-laravel/vendor/laravel/framework/src/Illuminate/Routing/Router.php(887): Illuminate/Routing/Router::toResponse()
#9 C:/Users/kings/Downloads/partnership-tracker-laravel/pt-laravel/vendor/laravel/framework/src/Illuminate/Routing/Router.php(807): Illuminate/Routing/Router->prepareResponse()
#10 C:/Users/kings/Downloads/partnership-tracker-laravel/pt-laravel/vendor/laravel/framework/src/Illuminate/Pipeline/Pipeline.php(170): Illuminate/Routing/Router->{closure:Illuminate/Routing/Router::runRouteWithinStack():807}()
#11 C:/Users/kings/Downloads/partnership-tracker-laravel/pt-laravel/vendor/laravel/framework/src/Illuminate/Routing/Middleware/SubstituteBindings.php(51): Illuminate/Pipeline/Pipeline->{closure:Illuminate/Pipeline/Pipeline::prepareDestination():168}()
#12 C:/Users/kings/Downloads/partnership-tracker-laravel/pt-laravel/vendor/laravel/framework/src/Illuminate/Pipeline/Pipeline.php(209): Illuminate/Routing/Middleware/SubstituteBindings->handle()
#13 C:/Users/kings/Downloads/partnership-tracker-laravel/pt-laravel/vendor/laravel/framework/src/Illuminate/Foundation/Http/Middleware/VerifyCsrfToken.php(88): Illuminate/Pipeline/Pipeline->{closure:{closure:Illuminate/Pipeline/Pipeline::carry():184}:185}()
#14 C:/Users/kings/Downloads/partnership-tracker-laravel/pt-laravel/vendor/laravel/framework/src/Illuminate/Pipeline/Pipeline.php(209): Illuminate/Foundation/Http/Middleware/VerifyCsrfToken->handle()
#15 C:/Users/kings/Downloads/partnership-tracker-laravel/pt-laravel/vendor/laravel/framework/src/Illuminate/View/Middleware/ShareErrorsFromSession.php(49): Illuminate/Pipeline/Pipeline->{closure:{closure:Illuminate/Pipeline/Pipeline::carry():184}:185}()
#16 C:/Users/kings/Downloads/partnership-tracker-laravel/pt-laravel/vendor/laravel/framework/src/Illuminate/Pipeline/Pipeline.php(209): Illuminate/View/Middleware/ShareErrorsFromSession->handle()
#17 C:/Users/kings/Downloads/partnership-tracker-laravel/pt-laravel/vendor/laravel/framework/src/Illuminate/Session/Middleware/StartSession.php(121): Illuminate/Pipeline/Pipeline->{closure:{closure:Illuminate/Pipeline/Pipeline::carry():184}:185}()
#18 C:/Users/kings/Downloads/partnership-tracker-laravel/pt-laravel/vendor/laravel/framework/src/Illuminate/Session/Middleware/StartSession.php(64): Illuminate/Session/Middleware/StartSession->handleStatefulRequest()
#19 C:/Users/kings/Downloads/partnership-tracker-laravel/pt-laravel/vendor/laravel/framework/src/Illuminate/Pipeline/Pipeline.php(209): Illuminate/Session/Middleware/StartSession->handle()
#20 C:/Users/kings/Downloads/partnership-tracker-laravel/pt-laravel/vendor/laravel/framework/src/Illuminate/Cookie/Middleware/AddQueuedCookiesToResponse.php(37): Illuminate/Pipeline/Pipeline->{closure:{closure:Illuminate/Pipeline/Pipeline::carry():184}:185}()
#21 C:/Users/kings/Downloads/partnership-tracker-laravel/pt-laravel/vendor/laravel/framework/src/Illuminate/Pipeline/Pipeline.php(209): Illuminate/Cookie/Middleware/AddQueuedCookiesToResponse->handle()
#22 C:/Users/kings/Downloads/partnership-tracker-laravel/pt-laravel/vendor/laravel/framework/src/Illuminate/Cookie/Middleware/EncryptCookies.php(75): Illuminate/Pipeline/Pipeline->{closure:{closure:Illuminate/Pipeline/Pipeline::carry():184}:185}()
#23 C:/Users/kings/Downloads/partnership-tracker-laravel/pt-laravel/vendor/laravel/framework/src/Illuminate/Pipeline/Pipeline.php(209): Illuminate/Cookie/Middleware/EncryptCookies->handle()
#24 C:/Users/kings/Downloads/partnership-tracker-laravel/pt-laravel/vendor/laravel/framework/src/Illuminate/Pipeline/Pipeline.php(127): Illuminate/Pipeline/Pipeline->{closure:{closure:Illuminate/Pipeline/Pipeline::carry():184}:185}()
#25 C:/Users/kings/Downloads/partnership-tracker-laravel/pt-laravel/vendor/laravel/framework/src/Illuminate/Routing/Router.php(807): Illuminate/Pipeline/Pipeline->then()
#26 C:/Users/kings/Downloads/partnership-tracker-laravel/pt-laravel/vendor/laravel/framework/src/Illuminate/Routing/Router.php(786): Illuminate/Routing/Router->runRouteWithinStack()
#27 C:/Users/kings/Downloads/partnership-tracker-laravel/pt-laravel/vendor/laravel/framework/src/Illuminate/Routing/Router.php(750): Illuminate/Routing/Router->runRoute()
#28 C:/Users/kings/Downloads/partnership-tracker-laravel/pt-laravel/vendor/laravel/framework/src/Illuminate/Routing/Router.php(739): Illuminate/Routing/Router->dispatchToRoute()
#29 C:/Users/kings/Downloads/partnership-tracker-laravel/pt-laravel/vendor/laravel/framework/src/Illuminate/Foundation/Http/Kernel.php(201): Illuminate/Routing/Router->dispatch()
#30 C:/Users/kings/Downloads/partnership-tracker-laravel/pt-laravel/vendor/laravel/framework/src/Illuminate/Pipeline/Pipeline.php(170): Illuminate/Foundation/Http/Kernel->{closure:Illuminate/Foundation/Http/Kernel::dispatchToRouter():198}()
#31 C:/Users/kings/Downloads/partnership-tracker-laravel/pt-laravel/vendor/laravel/framework/src/Illuminate/Foundation/Http/Middleware/TransformsRequest.php(21): Illuminate/Pipeline/Pipeline->{closure:Illuminate/Pipeline/Pipeline::prepareDestination():168}()
#32 C:/Users/kings/Downloads/partnership-tracker-laravel/pt-laravel/vendor/laravel/framework/src/Illuminate/Foundation/Http/Middleware/ConvertEmptyStringsToNull.php(31): Illuminate/Foundation/Http/Middleware/TransformsRequest->handle()
#33 C:/Users/kings/Downloads/partnership-tracker-laravel/pt-laravel/vendor/laravel/framework/src/Illuminate/Pipeline/Pipeline.php(209): Illuminate/Foundation/Http/Middleware/ConvertEmptyStringsToNull->handle()
#34 C:/Users/kings/Downloads/partnership-tracker-laravel/pt-laravel/vendor/laravel/framework/src/Illuminate/Foundation/Http/Middleware/TransformsRequest.php(21): Illuminate/Pipeline/Pipeline->{closure:{closure:Illuminate/Pipeline/Pipeline::carry():184}:185}()
#35 C:/Users/kings/Downloads/partnership-tracker-laravel/pt-laravel/vendor/laravel/framework/src/Illuminate/Foundation/Http/Middleware/TrimStrings.php(51): Illuminate/Foundation/Http/Middleware/TransformsRequest->handle()
#36 C:/Users/kings/Downloads/partnership-tracker-laravel/pt-laravel/vendor/laravel/framework/src/Illuminate/Pipeline/Pipeline.php(209): Illuminate/Foundation/Http/Middleware/TrimStrings->handle()
#37 C:/Users/kings/Downloads/partnership-tracker-laravel/pt-laravel/vendor/laravel/framework/src/Illuminate/Http/Middleware/ValidatePostSize.php(27): Illuminate/Pipeline/Pipeline->{closure:{closure:Illuminate/Pipeline/Pipeline::carry():184}:185}()
#38 C:/Users/kings/Downloads/partnership-tracker-laravel/pt-laravel/vendor/laravel/framework/src/Illuminate/Pipeline/Pipeline.php(209): Illuminate/Http/Middleware/ValidatePostSize->handle()
#39 C:/Users/kings/Downloads/partnership-tracker-laravel/pt-laravel/vendor/laravel/framework/src/Illuminate/Foundation/Http/Middleware/PreventRequestsDuringMaintenance.php(110): Illuminate/Pipeline/Pipeline->{closure:{closure:Illuminate/Pipeline/Pipeline::carry():184}:185}()
#40 C:/Users/kings/Downloads/partnership-tracker-laravel/pt-laravel/vendor/laravel/framework/src/Illuminate/Pipeline/Pipeline.php(209): Illuminate/Foundation/Http/Middleware/PreventRequestsDuringMaintenance->handle()
#41 C:/Users/kings/Downloads/partnership-tracker-laravel/pt-laravel/vendor/laravel/framework/src/Illuminate/Http/Middleware/HandleCors.php(49): Illuminate/Pipeline/Pipeline->{closure:{closure:Illuminate/Pipeline/Pipeline::carry():184}:185}()
#42 C:/Users/kings/Downloads/partnership-tracker-laravel/pt-laravel/vendor/laravel/framework/src/Illuminate/Pipeline/Pipeline.php(209): Illuminate/Http/Middleware/HandleCors->handle()
#43 C:/Users/kings/Downloads/partnership-tracker-laravel/pt-laravel/vendor/laravel/framework/src/Illuminate/Http/Middleware/TrustProxies.php(58): Illuminate/Pipeline/Pipeline->{closure:{closure:Illuminate/Pipeline/Pipeline::carry():184}:185}()
#44 C:/Users/kings/Downloads/partnership-tracker-laravel/pt-laravel/vendor/laravel/framework/src/Illuminate/Pipeline/Pipeline.php(209): Illuminate/Http/Middleware/TrustProxies->handle()
#45 C:/Users/kings/Downloads/partnership-tracker-laravel/pt-laravel/vendor/laravel/framework/src/Illuminate/Foundation/Http/Middleware/InvokeDeferredCallbacks.php(22): Illuminate/Pipeline/Pipeline->{closure:{closure:Illuminate/Pipeline/Pipeline::carry():184}:185}()
#46 C:/Users/kings/Downloads/partnership-tracker-laravel/pt-laravel/vendor/laravel/framework/src/Illuminate/Pipeline/Pipeline.php(209): Illuminate/Foundation/Http/Middleware/InvokeDeferredCallbacks->handle()
#47 C:/Users/kings/Downloads/partnership-tracker-laravel/pt-laravel/vendor/laravel/framework/src/Illuminate/Pipeline/Pipeline.php(127): Illuminate/Pipeline/Pipeline->{closure:{closure:Illuminate/Pipeline/Pipeline::carry():184}:185}()
#48 C:/Users/kings/Downloads/partnership-tracker-laravel/pt-laravel/vendor/laravel/framework/src/Illuminate/Foundation/Http/Kernel.php(176): Illuminate/Pipeline/Pipeline->then()
#49 C:/Users/kings/Downloads/partnership-tracker-laravel/pt-laravel/vendor/laravel/framework/src/Illuminate/Foundation/Http/Kernel.php(145): Illuminate/Foundation/Http/Kernel->sendRequestThroughRouter()
#50 C:/Users/kings/Downloads/partnership-tracker-laravel/pt-laravel/vendor/laravel/framework/src/Illuminate/Foundation/Application.php(1220): Illuminate/Foundation/Http/Kernel->handle()
#51 C:/Users/kings/Downloads/partnership-tracker-laravel/pt-laravel/public/index.php(17): Illuminate/Foundation/Application->handleRequest()
#52 C:/Users/kings/Downloads/partnership-tracker-laravel/pt-laravel/vendor/laravel/framework/src/Illuminate/Foundation/resources/server.php(23): require_once('...')
#53 {main}

[previous exception] [object] (Illuminate\\Foundation\\ViteManifestNotFoundException(code: 0): Vite manifest not found at: C:\\Users\\kings\\Downloads\\partnership-tracker-laravel\\pt-laravel\\public\\build/manifest.json at C:/Users/kings/Downloads/partnership-tracker-laravel/pt-laravel/vendor/laravel/framework/src/Illuminate/Foundation/Vite.php:934)
[stacktrace]
#0 C:/Users/kings/Downloads/partnership-tracker-laravel/pt-laravel/vendor/laravel/framework/src/Illuminate/Foundation/Vite.php(384): Illuminate/Foundation/Vite->manifest()
#1 C:/Users/kings/Downloads/partnership-tracker-laravel/pt-laravel/storage/framework/views/5d7a4ac8ec9a0301b50cf23be0475be8.php(7): Illuminate/Foundation/Vite->__invoke()
#2 C:/Users/kings/Downloads/partnership-tracker-laravel/pt-laravel/vendor/laravel/framework/src/Illuminate/Filesystem/Filesystem.php(123): require('...')
#3 C:/Users/kings/Downloads/partnership-tracker-laravel/pt-laravel/vendor/laravel/framework/src/Illuminate/Filesystem/Filesystem.php(124): Illuminate/Filesystem/Filesystem::{closure:Illuminate/Filesystem/Filesystem::getRequire():120}()
#4 C:/Users/kings/Downloads/partnership-tracker-laravel/pt-laravel/vendor/laravel/framework/src/Illuminate/View/Engines/PhpEngine.php(58): Illuminate/Filesystem/Filesystem->getRequire()
#5 C:/Users/kings/Downloads/partnership-tracker-laravel/pt-laravel/vendor/laravel/framework/src/Illuminate/View/Engines/CompilerEngine.php(75): Illuminate/View/Engines/PhpEngine->evaluatePath()
#6 C:/Users/kings/Downloads/partnership-tracker-laravel/pt-laravel/vendor/laravel/framework/src/Illuminate/View/View.php(209): Illuminate/View/Engines/CompilerEngine->get()
#7 C:/Users/kings/Downloads/partnership-tracker-laravel/pt-laravel/vendor/laravel/framework/src/Illuminate/View/View.php(192): Illuminate/View/View->getContents()
#8 C:/Users/kings/Downloads/partnership-tracker-laravel/pt-laravel/vendor/laravel/framework/src/Illuminate/View/View.php(161): Illuminate/View/View->renderContents()
#9 C:/Users/kings/Downloads/partnership-tracker-laravel/pt-laravel/vendor/laravel/framework/src/Illuminate/Http/Response.php(79): Illuminate/View/View->render()
#10 C:/Users/kings/Downloads/partnership-tracker-laravel/pt-laravel/vendor/laravel/framework/src/Illuminate/Http/Response.php(35): Illuminate/Http/Response->setContent()
#11 C:/Users/kings/Downloads/partnership-tracker-laravel/pt-laravel/vendor/laravel/framework/src/Illuminate/Routing/Router.php(920): Illuminate/Http/Response->__construct()
#12 C:/Users/kings/Downloads/partnership-tracker-laravel/pt-laravel/vendor/laravel/framework/src/Illuminate/Routing/Router.php(887): Illuminate/Routing/Router::toResponse()
#13 C:/Users/kings/Downloads/partnership-tracker-laravel/pt-laravel/vendor/laravel/framework/src/Illuminate/Routing/Router.php(807): Illuminate/Routing/Router->prepareResponse()
#14 C:/Users/kings/Downloads/partnership-tracker-laravel/pt-laravel/vendor/laravel/framework/src/Illuminate/Pipeline/Pipeline.php(170): Illuminate/Routing/Router->{closure:Illuminate/Routing/Router::runRouteWithinStack():807}()
#15 C:/Users/kings/Downloads/partnership-tracker-laravel/pt-laravel/vendor/laravel/framework/src/Illuminate/Routing/Middleware/SubstituteBindings.php(51): Illuminate/Pipeline/Pipeline->{closure:Illuminate/Pipeline/Pipeline::prepareDestination():168}()
#16 C:/Users/kings/Downloads/partnership-tracker-laravel/pt-laravel/vendor/laravel/framework/src/Illuminate/Pipeline/Pipeline.php(209): Illuminate/Routing/Middleware/SubstituteBindings->handle()
#17 C:/Users/kings/Downloads/partnership-tracker-laravel/pt-laravel/vendor/laravel/framework/src/Illuminate/Foundation/Http/Middleware/VerifyCsrfToken.php(88): Illuminate/Pipeline/Pipeline->{closure:{closure:Illuminate/Pipeline/Pipeline::carry():184}:185}()
#18 C:/Users/kings/Downloads/partnership-tracker-laravel/pt-laravel/vendor/laravel/framework/src/Illuminate/Pipeline/Pipeline.php(209): Illuminate/Foundation/Http/Middleware/VerifyCsrfToken->handle()
#19 C:/Users/kings/Downloads/partnership-tracker-laravel/pt-laravel/vendor/laravel/framework/src/Illuminate/View/Middleware/ShareErrorsFromSession.php(49): Illuminate/Pipeline/Pipeline->{closure:{closure:Illuminate/Pipeline/Pipeline::carry():184}:185}()
#20 C:/Users/kings/Downloads/partnership-tracker-laravel/pt-laravel/vendor/laravel/framework/src/Illuminate/Pipeline/Pipeline.php(209): Illuminate/View/Middleware/ShareErrorsFromSession->handle()
#21 C:/Users/kings/Downloads/partnership-tracker-laravel/pt-laravel/vendor/laravel/framework/src/Illuminate/Session/Middleware/StartSession.php(121): Illuminate/Pipeline/Pipeline->{closure:{closure:Illuminate/Pipeline/Pipeline::carry():184}:185}()
#22 C:/Users/kings/Downloads/partnership-tracker-laravel/pt-laravel/vendor/laravel/framework/src/Illuminate/Session/Middleware/StartSession.php(64): Illuminate/Session/Middleware/StartSession->handleStatefulRequest()
#23 C:/Users/kings/Downloads/partnership-tracker-laravel/pt-laravel/vendor/laravel/framework/src/Illuminate/Pipeline/Pipeline.php(209): Illuminate/Session/Middleware/StartSession->handle()
#24 C:/Users/kings/Downloads/partnership-tracker-laravel/pt-laravel/vendor/laravel/framework/src/Illuminate/Cookie/Middleware/AddQueuedCookiesToResponse.php(37): Illuminate/Pipeline/Pipeline->{closure:{closure:Illuminate/Pipeline/Pipeline::carry():184}:185}()
#25 C:/Users/kings/Downloads/partnership-tracker-laravel/pt-laravel/vendor/laravel/framework/src/Illuminate/Pipeline/Pipeline.php(209): Illuminate/Cookie/Middleware/AddQueuedCookiesToResponse->handle()
#26 C:/Users/kings/Downloads/partnership-tracker-laravel/pt-laravel/vendor/laravel/framework/src/Illuminate/Cookie/Middleware/EncryptCookies.php(75): Illuminate/Pipeline/Pipeline->{closure:{closure:Illuminate/Pipeline/Pipeline::carry():184}:185}()
#27 C:/Users/kings/Downloads/partnership-tracker-laravel/pt-laravel/vendor/laravel/framework/src/Illuminate/Pipeline/Pipeline.php(209): Illuminate/Cookie/Middleware/EncryptCookies->handle()
#28 C:/Users/kings/Downloads/partnership-tracker-laravel/pt-laravel/vendor/laravel/framework/src/Illuminate/Pipeline/Pipeline.php(127): Illuminate/Pipeline/Pipeline->{closure:{closure:Illuminate/Pipeline/Pipeline::carry():184}:185}()
#29 C:/Users/kings/Downloads/partnership-tracker-laravel/pt-laravel/vendor/laravel/framework/src/Illuminate/Routing/Router.php(807): Illuminate/Pipeline/Pipeline->then()
#30 C:/Users/kings/Downloads/partnership-tracker-laravel/pt-laravel/vendor/laravel/framework/src/Illuminate/Routing/Router.php(786): Illuminate/Routing/Router->runRouteWithinStack()
#31 C:/Users/kings/Downloads/partnership-tracker-laravel/pt-laravel/vendor/laravel/framework/src/Illuminate/Routing/Router.php(750): Illuminate/Routing/Router->runRoute()
#32 C:/Users/kings/Downloads/partnership-tracker-laravel/pt-laravel/vendor/laravel/framework/src/Illuminate/Routing/Router.php(739): Illuminate/Routing/Router->dispatchToRoute()
#33 C:/Users/kings/Downloads/partnership-tracker-laravel/pt-laravel/vendor/laravel/framework/src/Illuminate/Foundation/Http/Kernel.php(201): Illuminate/Routing/Router->dispatch()
#34 C:/Users/kings/Downloads/partnership-tracker-laravel/pt-laravel/vendor/laravel/framework/src/Illuminate/Pipeline/Pipeline.php(170): Illuminate/Foundation/Http/Kernel->{closure:Illuminate/Foundation/Http/Kernel::dispatchToRouter():198}()
#35 C:/Users/kings/Downloads/partnership-tracker-laravel/pt-laravel/vendor/laravel/framework/src/Illuminate/Foundation/Http/Middleware/TransformsRequest.php(21): Illuminate/Pipeline/Pipeline->{closure:Illuminate/Pipeline/Pipeline::prepareDestination():168}()
#36 C:/Users/kings/Downloads/partnership-tracker-laravel/pt-laravel/vendor/laravel/framework/src/Illuminate/Foundation/Http/Middleware/ConvertEmptyStringsToNull.php(31): Illuminate/Foundation/Http/Middleware/TransformsRequest->handle()
#37 C:/Users/kings/Downloads/partnership-tracker-laravel/pt-laravel/vendor/laravel/framework/src/Illuminate/Pipeline/Pipeline.php(209): Illuminate/Foundation/Http/Middleware/ConvertEmptyStringsToNull->handle()
#38 C:/Users/kings/Downloads/partnership-tracker-laravel/pt-laravel/vendor/laravel/framework/src/Illuminate/Foundation/Http/Middleware/TransformsRequest.php(21): Illuminate/Pipeline/Pipeline->{closure:{closure:Illuminate/Pipeline/Pipeline::carry():184}:185}()
#39 C:/Users/kings/Downloads/partnership-tracker-laravel/pt-laravel/vendor/laravel/framework/src/Illuminate/Foundation/Http/Middleware/TrimStrings.php(51): Illuminate/Foundation/Http/Middleware/TransformsRequest->handle()
#40 C:/Users/kings/Downloads/partnership-tracker-laravel/pt-laravel/vendor/laravel/framework/src/Illuminate/Pipeline/Pipeline.php(209): Illuminate/Foundation/Http/Middleware/TrimStrings->handle()
#41 C:/Users/kings/Downloads/partnership-tracker-laravel/pt-laravel/vendor/laravel/framework/src/Illuminate/Http/Middleware/ValidatePostSize.php(27): Illuminate/Pipeline/Pipeline->{closure:{closure:Illuminate/Pipeline/Pipeline::carry():184}:185}()
#42 C:/Users/kings/Downloads/partnership-tracker-laravel/pt-laravel/vendor/laravel/framework/src/Illuminate/Pipeline/Pipeline.php(209): Illuminate/Http/Middleware/ValidatePostSize->handle()
#43 C:/Users/kings/Downloads/partnership-tracker-laravel/pt-laravel/vendor/laravel/framework/src/Illuminate/Foundation/Http/Middleware/PreventRequestsDuringMaintenance.php(110): Illuminate/Pipeline/Pipeline->{closure:{closure:Illuminate/Pipeline/Pipeline::carry():184}:185}()
#44 C:/Users/kings/Downloads/partnership-tracker-laravel/pt-laravel/vendor/laravel/framework/src/Illuminate/Pipeline/Pipeline.php(209): Illuminate/Foundation/Http/Middleware/PreventRequestsDuringMaintenance->handle()
#45 C:/Users/kings/Downloads/partnership-tracker-laravel/pt-laravel/vendor/laravel/framework/src/Illuminate/Http/Middleware/HandleCors.php(49): Illuminate/Pipeline/Pipeline->{closure:{closure:Illuminate/Pipeline/Pipeline::carry():184}:185}()
#46 C:/Users/kings/Downloads/partnership-tracker-laravel/pt-laravel/vendor/laravel/framework/src/Illuminate/Pipeline/Pipeline.php(209): Illuminate/Http/Middleware/HandleCors->handle()
#47 C:/Users/kings/Downloads/partnership-tracker-laravel/pt-laravel/vendor/laravel/framework/src/Illuminate/Http/Middleware/TrustProxies.php(58): Illuminate/Pipeline/Pipeline->{closure:{closure:Illuminate/Pipeline/Pipeline::carry():184}:185}()
#48 C:/Users/kings/Downloads/partnership-tracker-laravel/pt-laravel/vendor/laravel/framework/src/Illuminate/Pipeline/Pipeline.php(209): Illuminate/Http/Middleware/TrustProxies->handle()
#49 C:/Users/kings/Downloads/partnership-tracker-laravel/pt-laravel/vendor/laravel/framework/src/Illuminate/Foundation/Http/Middleware/InvokeDeferredCallbacks.php(22): Illuminate/Pipeline/Pipeline->{closure:{closure:Illuminate/Pipeline/Pipeline::carry():184}:185}()
#50 C:/Users/kings/Downloads/partnership-tracker-laravel/pt-laravel/vendor/laravel/framework/src/Illuminate/Pipeline/Pipeline.php(209): Illuminate/Foundation/Http/Middleware/InvokeDeferredCallbacks->handle()
#51 C:/Users/kings/Downloads/partnership-tracker-laravel/pt-laravel/vendor/laravel/framework/src/Illuminate/Pipeline/Pipeline.php(127): Illuminate/Pipeline/Pipeline->{closure:{closure:Illuminate/Pipeline/Pipeline::carry():184}:185}()
#52 C:/Users/kings/Downloads/partnership-tracker-laravel/pt-laravel/vendor/laravel/framework/src/Illuminate/Foundation/Http/Kernel.php(176): Illuminate/Pipeline/Pipeline->then()
#53 C:/Users/kings/Downloads/partnership-tracker-laravel/pt-laravel/vendor/laravel/framework/src/Illuminate/Foundation/Http/Kernel.php(145): Illuminate/Foundation/Http/Kernel->sendRequestThroughRouter()
#54 C:/Users/kings/Downloads/partnership-tracker-laravel/pt-laravel/vendor/laravel/framework/src/Illuminate/Foundation/Application.php(1220): Illuminate/Foundation/Http/Kernel->handle()
#55 C:/Users/kings/Downloads/partnership-tracker-laravel/pt-laravel/public/index.php(17): Illuminate/Foundation/Application->handleRequest()
#56 C:/Users/kings/Downloads/partnership-tracker-laravel/pt-laravel/vendor/laravel/framework/src/Illuminate/Foundation/resources/server.php(23): require_once('...')
#57 {main}
"} 
[2026-07-13 19:49:49] local.ERROR: Vite manifest not found at: C:\Users\kings\Downloads\partnership-tracker-laravel\pt-laravel\public\build/manifest.json (View: C:\Users\kings\Downloads\partnership-tracker-laravel\pt-laravel\resources\views\landing.blade.php) {"exception":"[object] (Illuminate\\View\\ViewException(code: 0): Vite manifest not found at: C:\\Users\\kings\\Downloads\\partnership-tracker-laravel\\pt-laravel\\public\\build/manifest.json (View: C:\\Users\\kings\\Downloads\\partnership-tracker-laravel\\pt-laravel\\resources\\views\\landing.blade.php) at C:/Users/kings/Downloads/partnership-tracker-laravel/pt-laravel/vendor/laravel/framework/src/Illuminate/Foundation/Vite.php:934)
[stacktrace]
#0 C:/Users/kings/Downloads/partnership-tracker-laravel/pt-laravel/vendor/laravel/framework/src/Illuminate/View/Engines/PhpEngine.php(60): Illuminate/View/Engines/CompilerEngine->handleViewException()
#1 C:/Users/kings/Downloads/partnership-tracker-laravel/pt-laravel/vendor/laravel/framework/src/Illuminate/View/Engines/CompilerEngine.php(75): Illuminate/View/Engines/PhpEngine->evaluatePath()
#2 C:/Users/kings/Downloads/partnership-tracker-laravel/pt-laravel/vendor/laravel/framework/src/Illuminate/View/View.php(209): Illuminate/View/Engines/CompilerEngine->get()
#3 C:/Users/kings/Downloads/partnership-tracker-laravel/pt-laravel/vendor/laravel/framework/src/Illuminate/View/View.php(192): Illuminate/View/View->getContents()
#4 C:/Users/kings/Downloads/partnership-tracker-laravel/pt-laravel/vendor/laravel/framework/src/Illuminate/View/View.php(161): Illuminate/View/View->renderContents()
#5 C:/Users/kings/Downloads/partnership-tracker-laravel/pt-laravel/vendor/laravel/framework/src/Illuminate/Http/Response.php(79): Illuminate/View/View->render()
#6 C:/Users/kings/Downloads/partnership-tracker-laravel/pt-laravel/vendor/laravel/framework/src/Illuminate/Http/Response.php(35): Illuminate/Http/Response->setContent()
#7 C:/Users/kings/Downloads/partnership-tracker-laravel/pt-laravel/vendor/laravel/framework/src/Illuminate/Routing/Router.php(920): Illuminate/Http/Response->__construct()
#8 C:/Users/kings/Downloads/partnership-tracker-laravel/pt-laravel/vendor/laravel/framework/src/Illuminate/Routing/Router.php(887): Illuminate/Routing/Router::toResponse()
#9 C:/Users/kings/Downloads/partnership-tracker-laravel/pt-laravel/vendor/laravel/framework/src/Illuminate/Routing/Router.php(807): Illuminate/Routing/Router->prepareResponse()
#10 C:/Users/kings/Downloads/partnership-tracker-laravel/pt-laravel/vendor/laravel/framework/src/Illuminate/Pipeline/Pipeline.php(170): Illuminate/Routing/Router->{closure:Illuminate/Routing/Router::runRouteWithinStack():807}()
#11 C:/Users/kings/Downloads/partnership-tracker-laravel/pt-laravel/vendor/laravel/framework/src/Illuminate/Routing/Middleware/SubstituteBindings.php(51): Illuminate/Pipeline/Pipeline->{closure:Illuminate/Pipeline/Pipeline::prepareDestination():168}()
#12 C:/Users/kings/Downloads/partnership-tracker-laravel/pt-laravel/vendor/laravel/framework/src/Illuminate/Pipeline/Pipeline.php(209): Illuminate/Routing/Middleware/SubstituteBindings->handle()
#13 C:/Users/kings/Downloads/partnership-tracker-laravel/pt-laravel/vendor/laravel/framework/src/Illuminate/Foundation/Http/Middleware/VerifyCsrfToken.php(88): Illuminate/Pipeline/Pipeline->{closure:{closure:Illuminate/Pipeline/Pipeline::carry():184}:185}()
#14 C:/Users/kings/Downloads/partnership-tracker-laravel/pt-laravel/vendor/laravel/framework/src/Illuminate/Pipeline/Pipeline.php(209): Illuminate/Foundation/Http/Middleware/VerifyCsrfToken->handle()
#15 C:/Users/kings/Downloads/partnership-tracker-laravel/pt-laravel/vendor/laravel/framework/src/Illuminate/View/Middleware/ShareErrorsFromSession.php(49): Illuminate/Pipeline/Pipeline->{closure:{closure:Illuminate/Pipeline/Pipeline::carry():184}:185}()
#16 C:/Users/kings/Downloads/partnership-tracker-laravel/pt-laravel/vendor/laravel/framework/src/Illuminate/Pipeline/Pipeline.php(209): Illuminate/View/Middleware/ShareErrorsFromSession->handle()
#17 C:/Users/kings/Downloads/partnership-tracker-laravel/pt-laravel/vendor/laravel/framework/src/Illuminate/Session/Middleware/StartSession.php(121): Illuminate/Pipeline/Pipeline->{closure:{closure:Illuminate/Pipeline/Pipeline::carry():184}:185}()
#18 C:/Users/kings/Downloads/partnership-tracker-laravel/pt-laravel/vendor/laravel/framework/src/Illuminate/Session/Middleware/StartSession.php(64): Illuminate/Session/Middleware/StartSession->handleStatefulRequest()
#19 C:/Users/kings/Downloads/partnership-tracker-laravel/pt-laravel/vendor/laravel/framework/src/Illuminate/Pipeline/Pipeline.php(209): Illuminate/Session/Middleware/StartSession->handle()
#20 C:/Users/kings/Downloads/partnership-tracker-laravel/pt-laravel/vendor/laravel/framework/src/Illuminate/Cookie/Middleware/AddQueuedCookiesToResponse.php(37): Illuminate/Pipeline/Pipeline->{closure:{closure:Illuminate/Pipeline/Pipeline::carry():184}:185}()
#21 C:/Users/kings/Downloads/partnership-tracker-laravel/pt-laravel/vendor/laravel/framework/src/Illuminate/Pipeline/Pipeline.php(209): Illuminate/Cookie/Middleware/AddQueuedCookiesToResponse->handle()
#22 C:/Users/kings/Downloads/partnership-tracker-laravel/pt-laravel/vendor/laravel/framework/src/Illuminate/Cookie/Middleware/EncryptCookies.php(75): Illuminate/Pipeline/Pipeline->{closure:{closure:Illuminate/Pipeline/Pipeline::carry():184}:185}()
#23 C:/Users/kings/Downloads/partnership-tracker-laravel/pt-laravel/vendor/laravel/framework/src/Illuminate/Pipeline/Pipeline.php(209): Illuminate/Cookie/Middleware/EncryptCookies->handle()
#24 C:/Users/kings/Downloads/partnership-tracker-laravel/pt-laravel/vendor/laravel/framework/src/Illuminate/Pipeline/Pipeline.php(127): Illuminate/Pipeline/Pipeline->{closure:{closure:Illuminate/Pipeline/Pipeline::carry():184}:185}()
#25 C:/Users/kings/Downloads/partnership-tracker-laravel/pt-laravel/vendor/laravel/framework/src/Illuminate/Routing/Router.php(807): Illuminate/Pipeline/Pipeline->then()
#26 C:/Users/kings/Downloads/partnership-tracker-laravel/pt-laravel/vendor/laravel/framework/src/Illuminate/Routing/Router.php(786): Illuminate/Routing/Router->runRouteWithinStack()
#27 C:/Users/kings/Downloads/partnership-tracker-laravel/pt-laravel/vendor/laravel/framework/src/Illuminate/Routing/Router.php(750): Illuminate/Routing/Router->runRoute()
#28 C:/Users/kings/Downloads/partnership-tracker-laravel/pt-laravel/vendor/laravel/framework/src/Illuminate/Routing/Router.php(739): Illuminate/Routing/Router->dispatchToRoute()
#29 C:/Users/kings/Downloads/partnership-tracker-laravel/pt-laravel/vendor/laravel/framework/src/Illuminate/Foundation/Http/Kernel.php(201): Illuminate/Routing/Router->dispatch()
#30 C:/Users/kings/Downloads/partnership-tracker-laravel/pt-laravel/vendor/laravel/framework/src/Illuminate/Pipeline/Pipeline.php(170): Illuminate/Foundation/Http/Kernel->{closure:Illuminate/Foundation/Http/Kernel::dispatchToRouter():198}()
#31 C:/Users/kings/Downloads/partnership-tracker-laravel/pt-laravel/vendor/laravel/framework/src/Illuminate/Foundation/Http/Middleware/TransformsRequest.php(21): Illuminate/Pipeline/Pipeline->{closure:Illuminate/Pipeline/Pipeline::prepareDestination():168}()
#32 C:/Users/kings/Downloads/partnership-tracker-laravel/pt-laravel/vendor/laravel/framework/src/Illuminate/Foundation/Http/Middleware/ConvertEmptyStringsToNull.php(31): Illuminate/Foundation/Http/Middleware/TransformsRequest->handle()
#33 C:/Users/kings/Downloads/partnership-tracker-laravel/pt-laravel/vendor/laravel/framework/src/Illuminate/Pipeline/Pipeline.php(209): Illuminate/Foundation/Http/Middleware/ConvertEmptyStringsToNull->handle()
#34 C:/Users/kings/Downloads/partnership-tracker-laravel/pt-laravel/vendor/laravel/framework/src/Illuminate/Foundation/Http/Middleware/TransformsRequest.php(21): Illuminate/Pipeline/Pipeline->{closure:{closure:Illuminate/Pipeline/Pipeline::carry():184}:185}()
#35 C:/Users/kings/Downloads/partnership-tracker-laravel/pt-laravel/vendor/laravel/framework/src/Illuminate/Foundation/Http/Middleware/TrimStrings.php(51): Illuminate/Foundation/Http/Middleware/TransformsRequest->handle()
#36 C:/Users/kings/Downloads/partnership-tracker-laravel/pt-laravel/vendor/laravel/framework/src/Illuminate/Pipeline/Pipeline.php(209): Illuminate/Foundation/Http/Middleware/TrimStrings->handle()
#37 C:/Users/kings/Downloads/partnership-tracker-laravel/pt-laravel/vendor/laravel/framework/src/Illuminate/Http/Middleware/ValidatePostSize.php(27): Illuminate/Pipeline/Pipeline->{closure:{closure:Illuminate/Pipeline/Pipeline::carry():184}:185}()
#38 C:/Users/kings/Downloads/partnership-tracker-laravel/pt-laravel/vendor/laravel/framework/src/Illuminate/Pipeline/Pipeline.php(209): Illuminate/Http/Middleware/ValidatePostSize->handle()
#39 C:/Users/kings/Downloads/partnership-tracker-laravel/pt-laravel/vendor/laravel/framework/src/Illuminate/Foundation/Http/Middleware/PreventRequestsDuringMaintenance.php(110): Illuminate/Pipeline/Pipeline->{closure:{closure:Illuminate/Pipeline/Pipeline::carry():184}:185}()
#40 C:/Users/kings/Downloads/partnership-tracker-laravel/pt-laravel/vendor/laravel/framework/src/Illuminate/Pipeline/Pipeline.php(209): Illuminate/Foundation/Http/Middleware/PreventRequestsDuringMaintenance->handle()
#41 C:/Users/kings/Downloads/partnership-tracker-laravel/pt-laravel/vendor/laravel/framework/src/Illuminate/Http/Middleware/HandleCors.php(49): Illuminate/Pipeline/Pipeline->{closure:{closure:Illuminate/Pipeline/Pipeline::carry():184}:185}()
#42 C:/Users/kings/Downloads/partnership-tracker-laravel/pt-laravel/vendor/laravel/framework/src/Illuminate/Pipeline/Pipeline.php(209): Illuminate/Http/Middleware/HandleCors->handle()
#43 C:/Users/kings/Downloads/partnership-tracker-laravel/pt-laravel/vendor/laravel/framework/src/Illuminate/Http/Middleware/TrustProxies.php(58): Illuminate/Pipeline/Pipeline->{closure:{closure:Illuminate/Pipeline/Pipeline::carry():184}:185}()
#44 C:/Users/kings/Downloads/partnership-tracker-laravel/pt-laravel/vendor/laravel/framework/src/Illuminate/Pipeline/Pipeline.php(209): Illuminate/Http/Middleware/TrustProxies->handle()
#45 C:/Users/kings/Downloads/partnership-tracker-laravel/pt-laravel/vendor/laravel/framework/src/Illuminate/Foundation/Http/Middleware/InvokeDeferredCallbacks.php(22): Illuminate/Pipeline/Pipeline->{closure:{closure:Illuminate/Pipeline/Pipeline::carry():184}:185}()
#46 C:/Users/kings/Downloads/partnership-tracker-laravel/pt-laravel/vendor/laravel/framework/src/Illuminate/Pipeline/Pipeline.php(209): Illuminate/Foundation/Http/Middleware/InvokeDeferredCallbacks->handle()
#47 C:/Users/kings/Downloads/partnership-tracker-laravel/pt-laravel/vendor/laravel/framework/src/Illuminate/Pipeline/Pipeline.php(127): Illuminate/Pipeline/Pipeline->{closure:{closure:Illuminate/Pipeline/Pipeline::carry():184}:185}()
#48 C:/Users/kings/Downloads/partnership-tracker-laravel/pt-laravel/vendor/laravel/framework/src/Illuminate/Foundation/Http/Kernel.php(176): Illuminate/Pipeline/Pipeline->then()
#49 C:/Users/kings/Downloads/partnership-tracker-laravel/pt-laravel/vendor/laravel/framework/src/Illuminate/Foundation/Http/Kernel.php(145): Illuminate/Foundation/Http/Kernel->sendRequestThroughRouter()
#50 C:/Users/kings/Downloads/partnership-tracker-laravel/pt-laravel/vendor/laravel/framework/src/Illuminate/Foundation/Application.php(1220): Illuminate/Foundation/Http/Kernel->handle()
#51 C:/Users/kings/Downloads/partnership-tracker-laravel/pt-laravel/public/index.php(17): Illuminate/Foundation/Application->handleRequest()
#52 C:/Users/kings/Downloads/partnership-tracker-laravel/pt-laravel/vendor/laravel/framework/src/Illuminate/Foundation/resources/server.php(23): require_once('...')
#53 {main}

[previous exception] [object] (Illuminate\\Foundation\\ViteManifestNotFoundException(code: 0): Vite manifest not found at: C:\\Users\\kings\\Downloads\\partnership-tracker-laravel\\pt-laravel\\public\\build/manifest.json at C:/Users/kings/Downloads/partnership-tracker-laravel/pt-laravel/vendor/laravel/framework/src/Illuminate/Foundation/Vite.php:934)
[stacktrace]
#0 C:/Users/kings/Downloads/partnership-tracker-laravel/pt-laravel/vendor/laravel/framework/src/Illuminate/Foundation/Vite.php(384): Illuminate/Foundation/Vite->manifest()
#1 C:/Users/kings/Downloads/partnership-tracker-laravel/pt-laravel/storage/framework/views/5d7a4ac8ec9a0301b50cf23be0475be8.php(7): Illuminate/Foundation/Vite->__invoke()
#2 C:/Users/kings/Downloads/partnership-tracker-laravel/pt-laravel/vendor/laravel/framework/src/Illuminate/Filesystem/Filesystem.php(123): require('...')
#3 C:/Users/kings/Downloads/partnership-tracker-laravel/pt-laravel/vendor/laravel/framework/src/Illuminate/Filesystem/Filesystem.php(124): Illuminate/Filesystem/Filesystem::{closure:Illuminate/Filesystem/Filesystem::getRequire():120}()
#4 C:/Users/kings/Downloads/partnership-tracker-laravel/pt-laravel/vendor/laravel/framework/src/Illuminate/View/Engines/PhpEngine.php(58): Illuminate/Filesystem/Filesystem->getRequire()
#5 C:/Users/kings/Downloads/partnership-tracker-laravel/pt-laravel/vendor/laravel/framework/src/Illuminate/View/Engines/CompilerEngine.php(75): Illuminate/View/Engines/PhpEngine->evaluatePath()
#6 C:/Users/kings/Downloads/partnership-tracker-laravel/pt-laravel/vendor/laravel/framework/src/Illuminate/View/View.php(209): Illuminate/View/Engines/CompilerEngine->get()
#7 C:/Users/kings/Downloads/partnership-tracker-laravel/pt-laravel/vendor/laravel/framework/src/Illuminate/View/View.php(192): Illuminate/View/View->getContents()
#8 C:/Users/kings/Downloads/partnership-tracker-laravel/pt-laravel/vendor/laravel/framework/src/Illuminate/View/View.php(161): Illuminate/View/View->renderContents()
#9 C:/Users/kings/Downloads/partnership-tracker-laravel/pt-laravel/vendor/laravel/framework/src/Illuminate/Http/Response.php(79): Illuminate/View/View->render()
#10 C:/Users/kings/Downloads/partnership-tracker-laravel/pt-laravel/vendor/laravel/framework/src/Illuminate/Http/Response.php(35): Illuminate/Http/Response->setContent()
#11 C:/Users/kings/Downloads/partnership-tracker-laravel/pt-laravel/vendor/laravel/framework/src/Illuminate/Routing/Router.php(920): Illuminate/Http/Response->__construct()
#12 C:/Users/kings/Downloads/partnership-tracker-laravel/pt-laravel/vendor/laravel/framework/src/Illuminate/Routing/Router.php(887): Illuminate/Routing/Router::toResponse()
#13 C:/Users/kings/Downloads/partnership-tracker-laravel/pt-laravel/vendor/laravel/framework/src/Illuminate/Routing/Router.php(807): Illuminate/Routing/Router->prepareResponse()
#14 C:/Users/kings/Downloads/partnership-tracker-laravel/pt-laravel/vendor/laravel/framework/src/Illuminate/Pipeline/Pipeline.php(170): Illuminate/Routing/Router->{closure:Illuminate/Routing/Router::runRouteWithinStack():807}()
#15 C:/Users/kings/Downloads/partnership-tracker-laravel/pt-laravel/vendor/laravel/framework/src/Illuminate/Routing/Middleware/SubstituteBindings.php(51): Illuminate/Pipeline/Pipeline->{closure:Illuminate/Pipeline/Pipeline::prepareDestination():168}()
#16 C:/Users/kings/Downloads/partnership-tracker-laravel/pt-laravel/vendor/laravel/framework/src/Illuminate/Pipeline/Pipeline.php(209): Illuminate/Routing/Middleware/SubstituteBindings->handle()
#17 C:/Users/kings/Downloads/partnership-tracker-laravel/pt-laravel/vendor/laravel/framework/src/Illuminate/Foundation/Http/Middleware/VerifyCsrfToken.php(88): Illuminate/Pipeline/Pipeline->{closure:{closure:Illuminate/Pipeline/Pipeline::carry():184}:185}()
#18 C:/Users/kings/Downloads/partnership-tracker-laravel/pt-laravel/vendor/laravel/framework/src/Illuminate/Pipeline/Pipeline.php(209): Illuminate/Foundation/Http/Middleware/VerifyCsrfToken->handle()
#19 C:/Users/kings/Downloads/partnership-tracker-laravel/pt-laravel/vendor/laravel/framework/src/Illuminate/View/Middleware/ShareErrorsFromSession.php(49): Illuminate/Pipeline/Pipeline->{closure:{closure:Illuminate/Pipeline/Pipeline::carry():184}:185}()
#20 C:/Users/kings/Downloads/partnership-tracker-laravel/pt-laravel/vendor/laravel/framework/src/Illuminate/Pipeline/Pipeline.php(209): Illuminate/View/Middleware/ShareErrorsFromSession->handle()
#21 C:/Users/kings/Downloads/partnership-tracker-laravel/pt-laravel/vendor/laravel/framework/src/Illuminate/Session/Middleware/StartSession.php(121): Illuminate/Pipeline/Pipeline->{closure:{closure:Illuminate/Pipeline/Pipeline::carry():184}:185}()
#22 C:/Users/kings/Downloads/partnership-tracker-laravel/pt-laravel/vendor/laravel/framework/src/Illuminate/Session/Middleware/StartSession.php(64): Illuminate/Session/Middleware/StartSession->handleStatefulRequest()
#23 C:/Users/kings/Downloads/partnership-tracker-laravel/pt-laravel/vendor/laravel/framework/src/Illuminate/Pipeline/Pipeline.php(209): Illuminate/Session/Middleware/StartSession->handle()
#24 C:/Users/kings/Downloads/partnership-tracker-laravel/pt-laravel/vendor/laravel/framework/src/Illuminate/Cookie/Middleware/AddQueuedCookiesToResponse.php(37): Illuminate/Pipeline/Pipeline->{closure:{closure:Illuminate/Pipeline/Pipeline::carry():184}:185}()
#25 C:/Users/kings/Downloads/partnership-tracker-laravel/pt-laravel/vendor/laravel/framework/src/Illuminate/Pipeline/Pipeline.php(209): Illuminate/Cookie/Middleware/AddQueuedCookiesToResponse->handle()
#26 C:/Users/kings/Downloads/partnership-tracker-laravel/pt-laravel/vendor/laravel/framework/src/Illuminate/Cookie/Middleware/EncryptCookies.php(75): Illuminate/Pipeline/Pipeline->{closure:{closure:Illuminate/Pipeline/Pipeline::carry():184}:185}()
#27 C:/Users/kings/Downloads/partnership-tracker-laravel/pt-laravel/vendor/laravel/framework/src/Illuminate/Pipeline/Pipeline.php(209): Illuminate/Cookie/Middleware/EncryptCookies->handle()
#28 C:/Users/kings/Downloads/partnership-tracker-laravel/pt-laravel/vendor/laravel/framework/src/Illuminate/Pipeline/Pipeline.php(127): Illuminate/Pipeline/Pipeline->{closure:{closure:Illuminate/Pipeline/Pipeline::carry():184}:185}()
#29 C:/Users/kings/Downloads/partnership-tracker-laravel/pt-laravel/vendor/laravel/framework/src/Illuminate/Routing/Router.php(807): Illuminate/Pipeline/Pipeline->then()
#30 C:/Users/kings/Downloads/partnership-tracker-laravel/pt-laravel/vendor/laravel/framework/src/Illuminate/Routing/Router.php(786): Illuminate/Routing/Router->runRouteWithinStack()
#31 C:/Users/kings/Downloads/partnership-tracker-laravel/pt-laravel/vendor/laravel/framework/src/Illuminate/Routing/Router.php(750): Illuminate/Routing/Router->runRoute()
#32 C:/Users/kings/Downloads/partnership-tracker-laravel/pt-laravel/vendor/laravel/framework/src/Illuminate/Routing/Router.php(739): Illuminate/Routing/Router->dispatchToRoute()
#33 C:/Users/kings/Downloads/partnership-tracker-laravel/pt-laravel/vendor/laravel/framework/src/Illuminate/Foundation/Http/Kernel.php(201): Illuminate/Routing/Router->dispatch()
#34 C:/Users/kings/Downloads/partnership-tracker-laravel/pt-laravel/vendor/laravel/framework/src/Illuminate/Pipeline/Pipeline.php(170): Illuminate/Foundation/Http/Kernel->{closure:Illuminate/Foundation/Http/Kernel::dispatchToRouter():198}()
#35 C:/Users/kings/Downloads/partnership-tracker-laravel/pt-laravel/vendor/laravel/framework/src/Illuminate/Foundation/Http/Middleware/TransformsRequest.php(21): Illuminate/Pipeline/Pipeline->{closure:Illuminate/Pipeline/Pipeline::prepareDestination():168}()
#36 C:/Users/kings/Downloads/partnership-tracker-laravel/pt-laravel/vendor/laravel/framework/src/Illuminate/Foundation/Http/Middleware/ConvertEmptyStringsToNull.php(31): Illuminate/Foundation/Http/Middleware/TransformsRequest->handle()
#37 C:/Users/kings/Downloads/partnership-tracker-laravel/pt-laravel/vendor/laravel/framework/src/Illuminate/Pipeline/Pipeline.php(209): Illuminate/Foundation/Http/Middleware/ConvertEmptyStringsToNull->handle()
#38 C:/Users/kings/Downloads/partnership-tracker-laravel/pt-laravel/vendor/laravel/framework/src/Illuminate/Foundation/Http/Middleware/TransformsRequest.php(21): Illuminate/Pipeline/Pipeline->{closure:{closure:Illuminate/Pipeline/Pipeline::carry():184}:185}()
#39 C:/Users/kings/Downloads/partnership-tracker-laravel/pt-laravel/vendor/laravel/framework/src/Illuminate/Foundation/Http/Middleware/TrimStrings.php(51): Illuminate/Foundation/Http/Middleware/TransformsRequest->handle()
#40 C:/Users/kings/Downloads/partnership-tracker-laravel/pt-laravel/vendor/laravel/framework/src/Illuminate/Pipeline/Pipeline.php(209): Illuminate/Foundation/Http/Middleware/TrimStrings->handle()
#41 C:/Users/kings/Downloads/partnership-tracker-laravel/pt-laravel/vendor/laravel/framework/src/Illuminate/Http/Middleware/ValidatePostSize.php(27): Illuminate/Pipeline/Pipeline->{closure:{closure:Illuminate/Pipeline/Pipeline::carry():184}:185}()
#42 C:/Users/kings/Downloads/partnership-tracker-laravel/pt-laravel/vendor/laravel/framework/src/Illuminate/Pipeline/Pipeline.php(209): Illuminate/Http/Middleware/ValidatePostSize->handle()
#43 C:/Users/kings/Downloads/partnership-tracker-laravel/pt-laravel/vendor/laravel/framework/src/Illuminate/Foundation/Http/Middleware/PreventRequestsDuringMaintenance.php(110): Illuminate/Pipeline/Pipeline->{closure:{closure:Illuminate/Pipeline/Pipeline::carry():184}:185}()
#44 C:/Users/kings/Downloads/partnership-tracker-laravel/pt-laravel/vendor/laravel/framework/src/Illuminate/Pipeline/Pipeline.php(209): Illuminate/Foundation/Http/Middleware/PreventRequestsDuringMaintenance->handle()
#45 C:/Users/kings/Downloads/partnership-tracker-laravel/pt-laravel/vendor/laravel/framework/src/Illuminate/Http/Middleware/HandleCors.php(49): Illuminate/Pipeline/Pipeline->{closure:{closure:Illuminate/Pipeline/Pipeline::carry():184}:185}()
#46 C:/Users/kings/Downloads/partnership-tracker-laravel/pt-laravel/vendor/laravel/framework/src/Illuminate/Pipeline/Pipeline.php(209): Illuminate/Http/Middleware/HandleCors->handle()
#47 C:/Users/kings/Downloads/partnership-tracker-laravel/pt-laravel/vendor/laravel/framework/src/Illuminate/Http/Middleware/TrustProxies.php(58): Illuminate/Pipeline/Pipeline->{closure:{closure:Illuminate/Pipeline/Pipeline::carry():184}:185}()
#48 C:/Users/kings/Downloads/partnership-tracker-laravel/pt-laravel/vendor/laravel/framework/src/Illuminate/Pipeline/Pipeline.php(209): Illuminate/Http/Middleware/TrustProxies->handle()
#49 C:/Users/kings/Downloads/partnership-tracker-laravel/pt-laravel/vendor/laravel/framework/src/Illuminate/Foundation/Http/Middleware/InvokeDeferredCallbacks.php(22): Illuminate/Pipeline/Pipeline->{closure:{closure:Illuminate/Pipeline/Pipeline::carry():184}:185}()
#50 C:/Users/kings/Downloads/partnership-tracker-laravel/pt-laravel/vendor/laravel/framework/src/Illuminate/Pipeline/Pipeline.php(209): Illuminate/Foundation/Http/Middleware/InvokeDeferredCallbacks->handle()
#51 C:/Users/kings/Downloads/partnership-tracker-laravel/pt-laravel/vendor/laravel/framework/src/Illuminate/Pipeline/Pipeline.php(127): Illuminate/Pipeline/Pipeline->{closure:{closure:Illuminate/Pipeline/Pipeline::carry():184}:185}()
#52 C:/Users/kings/Downloads/partnership-tracker-laravel/pt-laravel/vendor/laravel/framework/src/Illuminate/Foundation/Http/Kernel.php(176): Illuminate/Pipeline/Pipeline->then()
#53 C:/Users/kings/Downloads/partnership-tracker-laravel/pt-laravel/vendor/laravel/framework/src/Illuminate/Foundation/Http/Kernel.php(145): Illuminate/Foundation/Http/Kernel->sendRequestThroughRouter()
#54 C:/Users/kings/Downloads/partnership-tracker-laravel/pt-laravel/vendor/laravel/framework/src/Illuminate/Foundation/Application.php(1220): Illuminate/Foundation/Http/Kernel->handle()
#55 C:/Users/kings/Downloads/partnership-tracker-laravel/pt-laravel/public/index.php(17): Illuminate/Foundation/Application->handleRequest()
#56 C:/Users/kings/Downloads/partnership-tracker-laravel/pt-laravel/vendor/laravel/framework/src/Illuminate/Foundation/resources/server.php(23): require_once('...')
#57 {main}
"} 
